time_s,force_x,force_y,force_z,torque_x,torque_y,torque_z
0.0,0.0,0.0,0.0,0.0,0.0,0.0
0.0010097026824951172,0.0,0.0,0.0,0.0,0.0,0.0
0.0020449161529541016,0.0,0.0,0.0,0.0,0.0,0.0
0.0030438899993896484,0.0,0.0,0.0,0.0,0.0,0.0
0.004001617431640625,0.0,0.0,0.0,0.0,0.0,0.0
0.004972934722900391,0.0,0.0,0.0,0.0,0.0,0.0
0.006043434143066406,0.0,0.0,0.0,0.0,0.0,0.0
0.0070421695709228516,0.0,0.0,0.0,0.0,0.0,0.0
0.008042097091674805,0.0,0.0,0.0,0.0,0.0,0.0
0.009045600891113281,0.0,0.0,0.0,0.0,0.0,0.0
0.010042428970336914,0.0,0.0,0.0,0.0,0.0,0.0
0.011001110076904297,0.0,0.0,0.0,0.0,0.0,0.0
0.011982440948486328,0.0,0.0,0.0,0.0,0.0,0.0
0.012977123260498047,0.0,0.0,0.0,0.0,0.0,0.0
0.013973474502563477,0.0,0.0,0.0,0.0,0.0,0.0
0.015022993087768555,0.0,0.0,0.0,0.0,0.0,0.0
0.015978336334228516,0.0,0.0,0.0,0.0,0.0,0.0
0.017005443572998047,0.0,0.0,0.0,0.0,0.0,0.0
0.018049240112304688,0.0,0.0,0.0,0.0,0.0,0.0
0.019041061401367188,0.0,0.0,0.0,0.0,0.0,0.0
0.019976377487182617,0.0,0.0,0.0,0.0,0.0,0.0
0.021039247512817383,0.0,0.0,0.0,0.0,0.0,0.0
0.02203989028930664,0.0,0.0,0.0,0.0,0.0,0.0
0.023044109344482422,0.0,0.0,0.0,0.0,0.0,0.0
0.02397751808166504,0.0,0.0,0.0,0.0,0.0,0.0
0.024981260299682617,0.0,0.0,0.0,0.0,0.0,0.0
0.026076316833496094,0.0,0.0,0.0,0.0,0.0,0.0
0.027070999145507812,0.0,0.0,0.0,0.0,0.0,0.0
0.028052091598510742,0.0,0.0,0.0,0.0,0.0,0.0
0.02904367446899414,0.0,0.0,0.0,0.0,0.0,0.0
0.030045747756958008,0.0,0.0,0.0,0.0,0.0,0.0
0.030975341796875,0.0,0.0,0.0,0.0,0.0,0.0
0.03205609321594238,0.0,0.0,0.0,0.0,0.0,0.0
0.03304791450500488,0.0,0.0,0.0,0.0,0.0,0.0
0.03400850296020508,0.0,0.0,0.0,0.0,0.0,0.0
0.035042762756347656,0.0,0.0,0.0,0.0,0.0,0.0
0.035979509353637695,0.0,0.0,0.0,0.0,0.0,0.0
0.03704571723937988,0.0,0.0,0.0,0.0,0.0,0.0
0.03804278373718262,0.0,0.0,0.0,0.0,0.0,0.0
0.03905081748962402,0.0,0.0,0.0,0.0,0.0,0.0
0.04001021385192871,0.0,0.0,0.0,0.0,0.0,0.0
0.04103279113769531,0.0,0.0,0.0,0.0,0.0,0.0
0.04203677177429199,0.0,0.0,0.0,0.0,0.0,0.0
0.0430448055267334,0.0,0.0,0.0,0.0,0.0,0.0
0.04397773742675781,0.0,0.0,0.0,0.0,0.0,0.0
0.04505300521850586,0.0,0.0,0.0,0.0,0.0,0.0
0.04604077339172363,0.0,0.0,0.0,0.0,0.0,0.0
0.04703998565673828,0.0,0.0,0.0,0.0,0.0,0.0
0.04797840118408203,0.0,0.0,0.0,0.0,0.0,0.0
0.04904365539550781,0.0,0.0,0.0,0.0,0.0,0.0
0.05000925064086914,0.0,0.0,0.0,0.0,0.0,0.0
0.05102396011352539,0.0,0.0,0.0,0.0,0.0,0.0
0.05202341079711914,0.0,0.0,0.0,0.0,0.0,0.0
0.05302691459655762,0.0,0.0,0.0,0.0,0.0,0.0
0.05401134490966797,0.0,0.0,0.0,0.0,0.0,0.0
0.0550076961517334,0.0,0.0,0.0,0.0,0.0,0.0
0.05601334571838379,0.0,0.0,0.0,0.0,0.0,0.0
0.05700421333312988,0.0,0.0,0.0,0.0,0.0,0.0
0.05800986289978027,0.0,0.0,0.0,0.0,0.0,0.0
0.059003353118896484,0.0,0.0,0.0,0.0,0.0,0.0
0.05997467041015625,0.0,0.0,0.0,0.0,0.0,0.0
0.06102776527404785,0.0,0.0,0.0,0.0,0.0,0.0
0.062041521072387695,0.0,0.0,0.0,0.0,0.0,0.0
0.06303644180297852,0.0,0.0,0.0,0.0,0.0,0.0
0.06396913528442383,0.0,0.0,0.0,0.0,0.0,0.0
0.06503725051879883,0.0,0.0,0.0,0.0,0.0,0.0
0.06603479385375977,0.0,0.0,0.0,0.0,0.0,0.0
0.06696796417236328,0.0,0.0,0.0,0.0,0.0,0.0
0.06796932220458984,0.0,0.0,0.0,0.0,0.0,0.0
0.06897830963134766,0.0,0.0,0.0,0.0,0.0,0.0
0.06997394561767578,0.0,0.0,0.0,0.0,0.0,0.0
0.07099103927612305,0.0,0.0,0.0,0.0,0.0,0.0
0.07204914093017578,0.0,0.0,0.0,0.0,0.0,0.0
0.07304239273071289,0.0,0.0,0.0,0.0,0.0,0.0
0.0740358829498291,0.0,0.0,0.0,0.0,0.0,0.0
0.07503604888916016,0.0,0.0,0.0,0.0,0.0,0.0
0.07598114013671875,0.0,0.0,0.0,0.0,0.0,0.0
0.0770256519317627,0.0,0.0,0.0,0.0,0.0,0.0
0.07801055908203125,0.0,0.0,0.0,0.0,0.0,0.0
0.07900285720825195,0.0,0.0,0.0,0.0,0.0,0.0
0.08001255989074707,0.0,0.0,0.0,0.0,0.0,0.0
0.08101797103881836,0.0,0.0,0.0,0.0,0.0,0.0
0.08200287818908691,0.0,0.0,0.0,0.0,0.0,0.0
0.08301281929016113,0.0,0.0,0.0,0.0,0.0,0.0
0.08398628234863281,0.0,0.0,0.0,0.0,0.0,0.0
0.08504033088684082,0.0,0.0,0.0,0.0,0.0,0.0
0.08603262901306152,0.0,0.0,0.0,0.0,0.0,0.0
0.08701729774475098,0.0,0.0,0.0,0.0,0.0,0.0
0.08804440498352051,0.0,0.0,0.0,0.0,0.0,0.0
0.08904790878295898,0.0,0.0,0.0,0.0,0.0,0.0
0.09003090858459473,0.0,0.0,0.0,0.0,0.0,0.0
0.09100461006164551,0.0,0.0,0.0,0.0,0.0,0.0
0.09197568893432617,0.0,0.0,0.0,0.0,0.0,0.0
0.09302902221679688,0.0,0.0,0.0,0.0,0.0,0.0
0.09404134750366211,0.0,0.0,0.0,0.0,0.0,0.0
0.09503006935119629,0.0,0.0,0.0,0.0,0.0,0.0
0.0959773063659668,0.0,0.0,0.0,0.0,0.0,0.0
0.09700989723205566,0.0,0.0,0.0,0.0,0.0,0.0
0.09804153442382812,0.0,0.0,0.0,0.0,0.0,0.0
0.0989990234375,0.0,0.0,0.0,0.0,0.0,0.0
0.09997701644897461,0.0,0.0,0.0,0.0,0.0,0.0
0.10100412368774414,0.0,0.0,0.0,0.0,0.0,0.0
0.10204625129699707,0.0,0.0,0.0,0.0,0.0,0.0
0.10304903984069824,0.0,0.0,0.0,0.0,0.0,0.0
0.10398125648498535,0.0,0.0,0.0,0.0,0.0,0.0
0.10504460334777832,0.0,0.0,0.0,0.0,0.0,0.0
0.10604643821716309,0.0,0.0,0.0,0.0,0.0,0.0
0.10700821876525879,0.0,0.0,0.0,0.0,0.0,0.0
0.10804414749145508,0.0,0.0,0.0,0.0,0.0,0.0
0.10900354385375977,0.0,0.0,0.0,0.0,0.0,0.0
0.11001920700073242,0.0,0.0,0.0,0.0,0.0,0.0
0.11099791526794434,0.0,0.0,0.0,0.0,0.0,0.0
0.11199760437011719,0.0,0.0,0.0,0.0,0.0,0.0
0.11301803588867188,0.0,0.0,0.0,0.0,0.0,0.0
0.11401033401489258,0.0,0.0,0.0,0.0,0.0,0.0
0.11499834060668945,0.0,0.0,0.0,0.0,0.0,0.0
0.11600971221923828,0.0,0.0,0.0,0.0,0.0,0.0
0.11697745323181152,0.0,0.0,0.0,0.0,0.0,0.0
0.11797094345092773,0.0,0.0,0.0,0.0,0.0,0.0
0.11898016929626465,0.0,0.0,0.0,0.0,0.0,0.0
0.11998677253723145,0.0,0.0,0.0,0.0,0.0,0.0
0.12098360061645508,0.0,0.0,0.0,0.0,0.0,0.0
0.12201070785522461,0.0,0.0,0.0,0.0,0.0,0.0
0.12304973602294922,0.0,0.0,0.0,0.0,0.0,0.0
0.12397146224975586,0.0,0.0,0.0,0.0,0.0,0.0
0.12504220008850098,0.0,0.0,0.0,0.0,0.0,0.0
0.12604832649230957,0.0,0.0,0.0,0.0,0.0,0.0
0.12703895568847656,0.0,0.0,0.0,0.0,0.0,0.0
0.1279754638671875,0.0,0.0,0.0,0.0,0.0,0.0
0.1290440559387207,0.0,0.0,0.0,0.0,0.0,0.0
0.13001608848571777,0.0,0.0,0.0,0.0,0.0,0.0
0.13103079795837402,0.0,0.0,0.0,0.0,0.0,0.0
0.13197946548461914,0.0,0.0,0.0,0.0,0.0,0.0
0.13301324844360352,0.0,0.0,0.0,0.0,0.0,0.0
0.13403844833374023,0.0,0.0,0.0,0.0,0.0,0.0
0.13503789901733398,0.0,0.0,0.0,0.0,0.0,0.0
0.1360476016998291,0.0,0.0,0.0,0.0,0.0,0.0
0.1370406150817871,0.0,0.0,0.0,0.0,0.0,0.0
0.13803768157958984,0.0,0.0,0.0,0.0,0.0,0.0
0.1390380859375,0.0,0.0,0.0,0.0,0.0,0.0
0.1400008201599121,0.0,0.0,0.0,0.0,0.0,0.0
0.14102506637573242,0.0,0.0,0.0,0.0,0.0,0.0
0.14203786849975586,0.0,0.0,0.0,0.0,0.0,0.0
0.1430370807647705,0.0,0.0,0.0,0.0,0.0,0.0
0.14403772354125977,0.0,0.0,0.0,0.0,0.0,0.0
0.14504599571228027,0.0,0.0,0.0,0.0,0.0,0.0
0.14603590965270996,0.0,0.0,0.0,0.0,0.0,0.0
0.14703726768493652,0.0,0.0,0.0,0.0,0.0,0.0
0.14797115325927734,0.0,0.0,0.0,0.0,0.0,0.0
0.1490480899810791,0.0,0.0,0.0,0.0,0.0,0.0
0.14996695518493652,0.0,0.0,0.0,0.0,0.0,0.0
0.15099430084228516,0.0,0.0,0.0,0.0,0.0,0.0
0.1520099639892578,0.0,0.0,0.0,0.0,0.0,0.0
0.15298819541931152,0.0,0.0,0.0,0.0,0.0,0.0
0.15401124954223633,0.0,0.0,0.0,0.0,0.0,0.0
0.15501189231872559,0.0,0.0,0.0,0.0,0.0,0.0
0.1559910774230957,0.0,0.0,0.0,0.0,0.0,0.0
0.1569991111755371,0.0,0.0,0.0,0.0,0.0,0.0
0.15799808502197266,0.0,0.0,0.0,0.0,0.0,0.0
0.15902042388916016,0.0,0.0,0.0,0.0,0.0,0.0
0.16000676155090332,0.0,0.0,0.0,0.0,0.0,0.0
0.1610109806060791,0.0,0.0,0.0,0.0,0.0,0.0
0.16204261779785156,0.0,0.0,0.0,0.0,0.0,0.0
0.16303682327270508,0.0,0.0,0.0,0.0,0.0,0.0
0.16403818130493164,0.0,0.0,0.0,0.0,0.0,0.0
0.1650385856628418,0.0,0.0,0.0,0.0,0.0,0.0
0.16603732109069824,0.0,0.0,0.0,0.0,0.0,0.0
0.1670379638671875,0.0,0.0,0.0,0.0,0.0,0.0
0.16800212860107422,0.0,0.0,0.0,0.0,0.0,0.0
0.16903901100158691,0.0,0.0,0.0,0.0,0.0,0.0
0.16997218132019043,0.0,0.0,0.0,0.0,0.0,0.0
0.17097020149230957,0.0,0.0,0.0,0.0,0.0,0.0
0.17196989059448242,0.0,0.0,0.0,0.0,0.0,0.0
0.17299795150756836,0.0,0.0,0.0,0.0,0.0,0.0
0.17404627799987793,0.0,0.0,0.0,0.0,0.0,0.0
0.17504000663757324,0.0,0.0,0.0,0.0,0.0,0.0
0.17597174644470215,0.0,0.0,0.0,0.0,0.0,0.0
0.17704272270202637,0.0,0.0,0.0,0.0,0.0,0.0
0.17800354957580566,0.0,0.0,0.0,0.0,0.0,0.0
0.1790149211883545,0.0,0.0,0.0,0.0,0.0,0.0
0.17998576164245605,0.0,0.0,0.0,0.0,0.0,0.0
0.1809706687927246,0.0,0.0,0.0,0.0,0.0,0.0
0.18199825286865234,0.0,0.0,0.0,0.0,0.0,0.0
0.18300271034240723,0.0,0.0,0.0,0.0,0.0,0.0
0.18400025367736816,0.0,0.0,0.0,0.0,0.0,0.0
0.18500018119812012,0.0,0.0,0.0,0.0,0.0,0.0
0.1860034465789795,0.0,0.0,0.0,0.0,0.0,0.0
0.1870436668395996,0.0,0.0,0.0,0.0,0.0,0.0
0.1879739761352539,0.0,0.0,0.0,0.0,0.0,0.0
0.18904519081115723,0.0,0.0,0.0,0.0,0.0,0.0
0.19002437591552734,0.0,0.0,0.0,0.0,0.0,0.0
0.1910381317138672,0.0,0.0,0.0,0.0,0.0,0.0
0.1919722557067871,0.0,0.0,0.0,0.0,0.0,0.0
0.1930379867553711,0.0,0.0,0.0,0.0,0.0,0.0
0.1939685344696045,0.0,0.0,0.0,0.0,0.0,0.0
0.19504117965698242,0.0,0.0,0.0,0.0,0.0,0.0
0.195969820022583,0.0,0.0,0.0,0.0,0.0,0.0
0.197007417678833,0.0,0.0,0.0,0.0,0.0,0.0
0.19797110557556152,0.0,0.0,0.0,0.0,0.0,0.0
0.19897007942199707,0.0,0.0,0.0,0.0,0.0,0.0
0.20000004768371582,0.0,0.0,0.0,0.0,0.0,0.0
0.20102477073669434,0.0,0.0,0.0,0.0,0.0,0.0
0.20203852653503418,0.0,0.0,0.0,0.0,0.0,0.0
0.20299363136291504,0.0,0.0,0.0,0.0,0.0,0.0
0.20397019386291504,0.0,0.0,0.0,0.0,0.0,0.0
0.20499634742736816,0.0,0.0,0.0,0.0,0.0,0.0
0.20603561401367188,0.0,0.0,0.0,0.0,0.0,0.0
0.20703601837158203,0.0,0.0,0.0,0.0,0.0,0.0
0.208038330078125,0.0,0.0,0.0,0.0,0.0,0.0
0.20904254913330078,0.0,0.0,0.0,0.0,0.0,0.0
0.21001172065734863,0.0,0.0,0.0,0.0,0.0,0.0
0.2109966278076172,0.0,0.0,0.0,0.0,0.0,0.0
0.21199750900268555,0.0,0.0,0.0,0.0,0.0,0.0
0.2129988670349121,0.0,0.0,0.0,0.0,0.0,0.0
0.21401691436767578,0.0,0.0,0.0,0.0,0.0,0.0
0.2149980068206787,0.0,0.0,0.0,0.0,0.0,0.0
0.21597051620483398,0.0,0.0,0.0,0.0,0.0,0.0
0.21700429916381836,0.0,0.0,0.0,0.0,0.0,0.0
0.21799516677856445,0.0,0.0,0.0,0.0,0.0,0.0
0.2190084457397461,0.0,0.0,0.0,0.0,0.0,0.0
0.2200021743774414,0.0,0.0,0.0,0.0,0.0,0.0
0.22102952003479004,0.0,0.0,0.0,0.0,0.0,0.0
0.22203993797302246,0.0,0.0,0.0,0.0,0.0,0.0
0.22296881675720215,0.0,0.0,0.0,0.0,0.0,0.0
0.223968505859375,0.0,0.0,0.0,0.0,0.0,0.0
0.22497153282165527,0.0,0.0,0.0,0.0,0.0,0.0
0.22598886489868164,0.0,0.0,0.0,0.0,0.0,0.0
0.22699880599975586,0.0,0.0,0.0,0.0,0.0,0.0
0.22797155380249023,0.0,0.0,0.0,0.0,0.0,0.0
0.22904753684997559,0.0,0.0,0.0,0.0,0.0,0.0
0.23001384735107422,0.0,0.0,0.0,0.0,0.0,0.0
0.2310316562652588,0.0,0.0,0.0,0.0,0.0,0.0
0.2319965362548828,0.0,0.0,0.0,0.0,0.0,0.0
0.23300623893737793,0.0,0.0,0.0,0.0,0.0,0.0
0.23399686813354492,0.0,0.0,0.0,0.0,0.0,0.0
0.23499321937561035,0.0,0.0,0.0,0.0,0.0,0.0
0.23597240447998047,0.0,0.0,0.0,0.0,0.0,0.0
0.23696565628051758,0.0,0.0,0.0,0.0,0.0,0.0
0.2380225658416748,0.0,0.0,0.0,0.0,0.0,0.0
0.2390453815460205,0.0,0.0,0.0,0.0,0.0,0.0
0.2400496006011963,0.0,0.0,0.0,0.0,0.0,0.0
0.2409820556640625,0.0,0.0,0.0,0.0,0.0,0.0
0.24204111099243164,0.0,0.0,0.0,0.0,0.0,0.0
0.24303460121154785,0.0,0.0,0.0,0.0,0.0,0.0
0.2440352439880371,0.0,0.0,0.0,0.0,0.0,0.0
0.2450423240661621,0.0,0.0,0.0,0.0,0.0,0.0
0.24603629112243652,0.0,0.0,0.0,0.0,0.0,0.0
0.24703693389892578,0.0,0.0,0.0,0.0,0.0,0.0
0.24804091453552246,0.0,0.0,0.0,0.0,0.0,0.0
0.24904417991638184,0.0,0.0,0.0,0.0,0.0,0.0
0.2500326633453369,0.0,0.0,0.0,0.0,0.0,0.0
0.25102663040161133,0.0,0.0,0.0,0.0,0.0,0.0
0.251981258392334,0.0,0.0,0.0,0.0,0.0,0.0
0.2530226707458496,0.0,0.0,0.0,0.0,0.0,0.0
0.25400352478027344,0.0,0.0,0.0,0.0,0.0,0.0
0.25499916076660156,0.0,0.0,0.0,0.0,0.0,0.0
0.25598740577697754,0.0,0.0,0.0,0.0,0.0,0.0
0.2569758892059326,0.0,0.0,0.0,0.0,0.0,0.0
0.25800347328186035,0.0,0.0,0.0,0.0,0.0,0.0
0.259002685546875,0.0,0.0,0.0,0.0,0.0,0.0
0.2599780559539795,0.0,0.0,0.0,0.0,0.0,0.0
0.2610056400299072,0.0,0.0,0.0,0.0,0.0,0.0
0.26200270652770996,0.0,0.0,0.0,0.0,0.0,0.0
0.2630317211151123,0.0,0.0,0.0,0.0,0.0,0.0
0.26403188705444336,0.0,0.0,0.0,0.0,0.0,0.0
0.2650113105773926,0.0,0.0,0.0,0.0,0.0,0.0
0.2660026550292969,0.0,0.0,0.0,0.0,0.0,0.0
0.26700830459594727,0.0,0.0,0.0,0.0,0.0,0.0
0.26801133155822754,0.0,0.0,0.0,0.0,0.0,0.0
0.2690112590789795,0.0,0.0,0.0,0.0,0.0,0.0
0.27002429962158203,0.0,0.0,0.0,0.0,0.0,0.0
0.27101588249206543,0.0,0.0,0.0,0.0,0.0,0.0
0.2720065116882324,0.0,0.0,0.0,0.0,0.0,0.0
0.2730441093444824,0.0,0.0,0.0,0.0,0.0,0.0
0.27399778366088867,0.0,0.0,0.0,0.0,0.0,0.0
0.2750422954559326,0.0,0.0,0.0,0.0,0.0,0.0
0.27600550651550293,0.26050397938681513,0.0010557707760034233,1.7053029043940804,0.00025894455921908135,0.09525663439339696,-4.1770864705084874e-05
0.276975154876709,0.3849091714265812,0.0015605398968588323,2.520263339281256,0.0003843115418148583,0.14079830773162372,-6.175547689338757e-05
0.27797842025756836,0.453128818429817,0.0018359605771409414,2.9675931325483282,0.0004527938764442417,0.1658099197957464,-7.271166680813933e-05
0.27901220321655273,0.481402199652003,0.0019526890682053427,3.1534338529510926,0.000480361948755354,0.1762151857812442,-7.725566675128078e-05
0.280015230178833,0.5074737747157778,0.0020589946270971955,3.3249121962160806,0.0005064360067598303,0.18581982221463805,-8.145283682618908e-05
0.2810077667236328,0.5087671703859936,0.002066033436521067,3.3340684681008197,0.0005096020784554157,0.18635344364508116,-8.171758505420086e-05
0.282001256942749,0.5154177899890908,0.002094501743600284,3.3782806989459138,0.0005176604341311587,0.18884482990579649,-8.283880005341057e-05
0.2830018997192383,0.5000985203133701,0.002034077429518801,3.278483375805875,0.0005023490940021464,0.18328583900436216,-8.041186181732658e-05
0.28397202491760254,0.4925347537991958,0.00200535145550063,3.229457578889889,0.0004945836523946465,0.1805629850631063,-7.923612055630052e-05
0.2850015163421631,0.4829124532310847,0.001960225222736451,3.166959652453208,0.0004814608213366993,0.1770876989004309,-7.759427094943698e-05
0.28600525856018066,0.472274990322855,0.0019171059792587586,3.097731953064614,0.0004715673255089497,0.1732337827810164,-7.590864119053148e-05
0.28701043128967285,0.46110827238733193,0.0018742898266981547,3.0250529511777975,0.00046045370770421206,0.16918750759026302,-7.414153858570111e-05
0.288010835647583,0.4555954228732868,0.0018527285491396076,2.9894122169585806,0.00045694714172878244,0.16721102595645254,-7.33008054194033e-05
0.28904175758361816,0.4401062191946943,0.0017898958579024048,2.8882665677613866,0.00044092377404262,0.16156913641195123,-7.079854311681638e-05
0.29001331329345703,0.4324301858747288,0.0017563338611998366,2.838369543236356,0.000432083906786178,0.15879323513499163,-6.952284225740544e-05
0.2909996509552002,0.4227536293791396,0.0017166470098258133,2.775304204278838,0.0004234936011924387,0.15527943199840563,-6.79865804650262e-05
0.2919740676879883,0.42389699752277554,0.0017221475087881664,2.7832316844534524,0.0004249923761038557,0.15573648567535828,-6.819315295182613e-05
0.2929675579071045,0.42452885911601007,0.0017243282081178927,2.7878013851009973,0.0004244034076192754,0.1560056758169042,-6.82778133032937e-05
0.29401516914367676,0.43080963630017066,0.001755208121871546,2.8294160442446463,0.0004349684462306403,0.1583462905473032,-6.941181639143813e-05
0.2950408458709717,0.4221979202803076,0.001721912343646687,2.7732272983018498,0.00042776166728589237,0.15521358537477517,-6.806486310956955e-05
0.2960319519042969,0.4238472826201105,0.0017303398119246371,2.7844679363041465,0.0004305017284467748,0.15585573575383382,-6.838508735789695e-05
0.29704809188842773,0.4375035490471282,0.0017835908949585485,2.8746024954535647,0.0004421177342739072,0.16091429942731134,-7.051861133734009e-05
0.29801034927368164,0.4443756799606985,0.0018095311673984157,2.920158325551272,0.00044755587548286945,0.16347731655416337,-7.159424233770874e-05
0.2990412712097168,0.4655514202620078,0.0018911007399717997,3.0596971560169424,0.000466040888724115,0.1713013591262506,-7.492911890834243e-05
0.299973726272583,0.48304755161384416,0.001961513949717905,3.1750683282804926,0.00048311232731808226,0.17777283731188148,-7.772584640374526e-05
0.3010423183441162,0.49183115762077995,0.0020019657341117953,3.2331846479175668,0.0004931409113061009,0.181039003502154,-7.921692711658963e-05
0.30203843116760254,0.5080455258985208,0.002070308922572536,3.3401560894507654,0.0005120387875492484,0.18704098808260644,-8.189979695081526e-05
0.30297112464904785,0.5161812894461362,0.0021004170434666407,3.3940076935350514,0.0005180456631966094,0.19006816509960825,-8.3163704450063e-05
0.30397605895996094,0.5261655519463275,0.002143216744003832,3.460002322286425,0.0005298132837753821,0.19377500415246868,-8.481360982916094e-05
0.30500078201293945,0.525285143917264,0.0021402268918001635,3.454529593489526,0.0005301323989713073,0.19347864168517695,-8.46975075151929e-05
0.30604052543640137,0.5435274759710284,0.002210999013664772,3.5748216402634383,0.0005463797309094769,0.20022615621598613,-8.757638506435047e-05
0.30704236030578613,0.5467708570584636,0.0022220869240746743,3.5964567653721664,0.0005482363530023606,0.2014476400737721,-8.802911160234086e-05
0.30797410011291504,0.5660785959498578,0.002304746407841816,3.723798098855416,0.0005705279826732217,0.20859133022357182,-9.127329199307388e-05
0.30901098251342773,0.5698280282301255,0.002320383066615331,3.748794349918241,0.0005760137586968324,0.21000211976193747,-9.190972574658417e-05
0.31001782417297363,0.5599181020535882,0.002282482975678511,3.6838888633339963,0.0005661123272489529,0.20637548502748412,-9.033415030293266e-05
0.31101489067077637,0.5667474318706536,0.0023082464582565364,3.72910278992761,0.0005722598966918488,0.208917419891576,-9.141007234538021e-05
0.3119795322418213,0.5760487650284494,0.0023454639501652823,3.7905717900958145,0.000581451735198837,0.2123696919088119,-9.292220982044858e-05
0.3130326271057129,0.5689100875852049,0.0023164854031986403,3.743840609402076,0.0005739038417444616,0.20975932536699676,-9.176727329695271e-05
0.3140444755554199,0.5771191276618097,0.002350637451872396,3.7980982669420134,0.0005838024397194953,0.21280681751331104,-9.312126127661602e-05
0.31504130363464355,0.5939850447193112,0.00241707641048476,3.9093203351896966,0.0005978622405929616,0.21904577182510876,-9.57619117554573e-05
0.31597900390625,0.6024071893002603,0.0024542651819358116,3.9649381494243814,0.0006085693586171913,0.22216812067747593,-9.720441971314827e-05
0.3170430660247803,0.6242779040007866,0.00254135961248082,4.109030594177247,0.0006306881821005132,0.23024665855190166,-0.00010072276431702954
0.3180367946624756,0.6352109393162492,0.002582046872909484,4.181152586473413,0.0006395153570982739,0.2342930839034379,-0.00010238472805003321
0.31903862953186035,0.6475581122013275,0.002632205011102044,4.26250714647794,0.0006506407677917707,0.23885444092016384,-0.00010437085141338095
0.32004427909851074,0.6596133417968328,0.0026782419916068488,4.341957302091488,0.0006589524608415668,0.24330963533557204,-0.00010620471712820827
0.32103443145751953,0.6774173336326553,0.0027504848770227054,4.459235697217841,0.0006771500913376072,0.2498841752236417,-0.00010909052581321391
0.32204151153564453,0.680416937779506,0.0027602894458946324,4.479090821939551,0.0006785693069937087,0.2510003096837478,-0.00010952531527888479
0.32301902770996094,0.6946808723008923,0.0028161691751022004,4.573037002765997,0.0006903529134605963,0.2562664428017708,-0.00011177077904464677
0.32404017448425293,0.6890518240318573,0.00279533256783784,4.536034650069035,0.0006843154782401226,0.2541945874114375,-0.00011087512338596782
0.32500219345092773,0.6921264227204831,0.0028124642274996625,4.556352567020353,0.000693974144512993,0.2553356681936459,-0.00011151798372356403
0.3259704113006592,0.7064332783961645,0.002864800699196801,4.650531344389098,0.0007051509091966826,0.2606132389542038,-0.00011374042313372927
0.32697057723999023,0.70768893763713,0.002872636635900814,4.658847331025614,0.0007077754783364076,0.2610808552146265,-0.0001139641853323432
0.32803988456726074,0.7083158773960508,0.002880538272615282,4.663025655192821,0.0007137118695225145,0.2613166393419759,-0.00011421117914477967
0.32904601097106934,0.7145127012041482,0.0029030121353410105,4.703861929842554,0.00071621304484893,0.26360642046556604,-0.00011511753180137567
0.3299977779388428,0.71760872972733,0.0029171788265641373,4.724268334418079,0.0007213894069484349,0.264750779733191,-0.00011562057942943947
0.33097004890441895,0.7191566722030983,0.00292063140538771,4.734520568167496,0.0007217028826556935,0.2653272892740274,-0.00011576938431502561
0.33203840255737305,0.7140311552172605,0.002903397662824887,4.700879379564214,0.0007179546404432858,0.2634452732492174,-0.00011501526281455455
0.33297276496887207,0.7232501277087339,0.002943570034865527,4.76161738712196,0.0007284883518458256,0.2668505466533788,-0.00011660856618018229
0.3339700698852539,0.7219677136180005,0.0029389469098600922,4.753242187790291,0.0007302278298440887,0.2663833485512359,-0.0001164613443105052
0.3349740505218506,0.7213329890499742,0.0029320830603968067,4.74910868876885,0.0007264093087594455,0.26615314676844526,-0.00011622919890471186
0.33600950241088867,0.7327963676518396,0.002978348208103924,4.824650698677626,0.0007388848694833886,0.2703889493063486,-0.00011807531818909539
0.33701324462890625,0.751290589848677,0.0030561904251947903,4.946450309288864,0.0007574592184830073,0.2772161320330323,-0.00012109599767751756
0.3379976749420166,0.7664285114461169,0.003121857111056191,5.046135622201315,0.0007745414330608898,0.2828034218696554,-0.00012361302968416353
0.33899927139282227,0.7622163642379427,0.0030968162263360784,5.018488634135086,0.0007664089653420981,0.2812567222444889,-0.00012284062873680436
0.33997392654418945,0.7719002311730505,0.0031339715600516055,5.082311649373943,0.0007761117655779027,0.28483566235159175,-0.00012439216433512875
0.34099817276000977,0.7894979807567081,0.0032113832526066526,5.198243987361188,0.0007956530169988177,0.2913351429504701,-0.0001272599649831533
0.3419978618621826,0.7914246139538895,0.0032173431879476727,5.210991825692319,0.0007951041934061861,0.2920515894145126,-0.00012750895631944288
0.342998743057251,0.7992596901038092,0.003246615421741559,5.26264573519058,0.0008031460352029724,0.2949486335965804,-0.00012879110188715375
0.34404969215393066,0.7963057203207251,0.0032336955644283235,5.24325340866019,0.0007993543707104013,0.2938636240015699,-0.0001282555382205139
0.3450002670288086,0.801710575231067,0.0032505372670175664,5.278870691993162,0.0007999836632544869,0.2958607640598935,-0.00012896808799397252
0.3460378646850586,0.8044336805406305,0.0032649576749520267,5.296832608295711,0.0008047088622911584,0.29686847148888745,-0.0001294932645018388
0.3470418453216553,0.805795395060426,0.0032700806255122395,5.305853115320096,0.0008047446853824037,0.29737577157574147,-0.00012972484410293241
0.34797096252441406,0.806475401276374,0.0032734014978371313,5.3103918938640655,0.000806751028242676,0.29763211066242995,-0.00012987666815033922
0.34900474548339844,0.8127029337921622,0.0032981778781001124,5.351459154025103,0.0008140016460752346,0.2999357569254707,-0.00013085554221414834
0.35001683235168457,0.8158168793125782,0.0033101958337714223,5.372011664960216,0.0008149853266611066,0.3010892041840503,-0.0001313265479998358
0.3510284423828125,0.8046264331666939,0.0032634175165357766,5.29832261225437,0.0008029759708237281,0.2969590367148082,-0.00012952891539447087
0.351975679397583,0.8117982232633404,0.0032925301800460316,5.345593830208223,0.0008097772646615041,0.2996099597581488,-0.00013065969419304835
0.3530158996582031,0.8153828750174994,0.0033107921354782934,5.369251735327563,0.0008152054281686409,0.3009376449561997,-0.00013130118788910023
0.35403871536254883,0.8112999168568227,0.0032862984568086135,5.342327886895207,0.0008071278906253326,0.29942740036685817,-0.00013045672823575177
0.3550450801849365,0.8023771676601917,0.0032542864922289506,5.283608965533994,0.000800331551883652,0.2961374812229712,-0.00012911749555982334
0.3559887409210205,0.8047786012311761,0.003265117456613772,5.299478813903085,0.0008046152673603367,0.2970287662409023,-0.00012952400116810403
0.35703015327453613,0.7932285830892187,0.0032204602085907775,5.223474843892521,0.0007940159007060462,0.2927705400536838,-0.00012770953272681686
0.3580286502838135,0.7933557508968123,0.003224301665818532,5.22429262604835,0.0007956466341032463,0.2928157488988583,-0.00012775005224983325
0.3590083122253418,0.7875219936168639,0.0031963293331767374,5.18590475770677,0.0007880417249339644,0.2906650384987587,-0.00012678232001489838
0.36002373695373535,0.7728199649575199,0.0031385138079740565,5.089185907574901,0.0007745109838733674,0.28524708559066364,-0.00012449043088000176
0.3610100746154785,0.7772359011851093,0.003163921845472097,5.118363054349322,0.0007829252692058987,0.28688556189904874,-0.00012531735294120586
0.36201977729797363,0.7853281870105153,0.0031907001030556654,5.171686085264631,0.0007869166567463758,0.2898753722266034,-0.00012648666145913175
0.3630225658416748,0.7775869821520437,0.0031619077234639917,5.120809759045246,0.0007802419264823184,0.2870270046714829,-0.00012524559454808263
0.36399149894714355,0.7854902279803747,0.0031871985658718863,5.172941756990406,0.000782911875275162,0.28995177819252876,-0.00012636329691055495
0.3650064468383789,0.7894435750405998,0.003206753666575729,5.199027992656991,0.0007914753617715619,0.2914155825395682,-0.00012716618335329545
0.36600542068481445,0.7982919971205359,0.0032405260804804965,5.257301451974207,0.0007979613293278664,0.294681939652166,-0.00012851760548496395
0.3670070171356201,0.7958438521148904,0.003230960445865749,5.241191738177667,0.0007924484616147938,0.2937793748119637,-0.000128143779896482
0.3679831027984619,0.7946205236226515,0.003228951153708376,5.233183670002507,0.0007939606510787068,0.2933320529239103,-0.0001280185263750575
0.36904335021972656,0.8008785340829467,0.0032484369620649914,5.274434605125414,0.0007968843852433357,0.2956454501370671,-0.00012892844562428503
0.37001919746398926,0.7912448167511871,0.003211091940793879,5.210998765859619,0.000787427592445877,0.29209002993718464,-0.00012741906849832573
0.37101125717163086,0.7923137101765956,0.0032198479148551626,5.218060048758919,0.0007909995880685795,0.2924865277525197,-0.00012766955625114642
0.37197041511535645,0.7928525604750049,0.0032255031834180674,5.2215818881415474,0.0007951292718219143,0.29268307539578786,-0.00012778835099708195
0.37300729751586914,0.7872291285926286,0.0031954122375474937,5.184546180918833,0.0007852918159861803,0.2906071028497685,-0.0001267460005778258
0.3740241527557373,0.7903148174244428,0.003204510887919566,5.204842487673579,0.0007861454201956392,0.2917439490930696,-0.00012720633127805375
0.37503910064697266,0.7987067333568354,0.0032422387443633983,5.260198397540695,0.0007946211123370663,0.29484961084714956,-0.0001286043015355312
0.3759787082672119,0.7960323364890972,0.003234824458298826,5.242633313016071,0.0007968897429097061,0.29386657593232013,-0.00012829980298505216
0.3770308494567871,0.8015603422087495,0.0032598172112669787,5.2790731906717125,0.0008067211697585877,0.2959101927476638,-0.0001292231688452768
0.37803030014038086,0.8043261143954602,0.0032726952153859603,5.297275236702909,0.0008099368958803428,0.296930054598722,-0.0001296744818001918
0.37903928756713867,0.8057204760243047,0.003280768663909479,5.306439045851414,0.0008114951906448399,0.2974430964022002,-0.00012992234532329888
0.3799712657928467,0.8064154348530124,0.0032876728510315206,5.311036125445877,0.0008145711660772724,0.29770142012289796,-0.00013012549249960163
0.3809981346130371,0.8067566156284971,0.003281686223179069,5.313293264768294,0.0008100384421529976,0.29782826396763984,-0.00013007296107413934
0.3820042610168457,0.8128212131184217,0.003300330535868965,5.353239723976572,0.0008135719313481669,0.3000675612605138,-0.00013095625178286677
0.3830084800720215,0.8158499682063717,0.003312399833163043,5.373202660165537,0.0008143032891480791,0.3011870500878237,-0.0001313841552891299
0.3840057849884033,0.8114681706443474,0.003290149698347404,5.344377585442101,0.0008059202367622926,0.29957237363947475,-0.00013056605671157712
0.3850095272064209,0.8092819496053907,0.003281742747893867,5.330017013383485,0.0008066883505927131,0.29876862367033763,-0.0001302933857894927
0.38600850105285645,0.8081881781824917,0.003274008593771472,5.322823844111952,0.0008022305114231721,0.2983657544235656,-0.00013001802037896658
0.38699936866760254,0.8135288055357431,0.0033046084293148793,5.35803321939794,0.0008127765604198059,0.30034051179001525,-0.00013106583092042438
0.3879988193511963,0.8103006882184789,0.0032934500272793227,5.336837087315863,0.0008105415804319206,0.29915444789371975,-0.000130570067002704
0.3890063762664795,0.8086895342163273,0.0032902527594782494,5.326257914579728,0.0008118526790299439,0.298562467279105,-0.0001303840002040688
0.3899991512298584,0.8078811483089998,0.003279172320020585,5.320954140640878,0.0008057385651143,0.2982658195757249,-0.00013011144260442046
0.39096999168395996,0.8133633028673067,0.0032981529108177493,5.357088855509977,0.0008075635490436745,0.30029222974491754,-0.0001308846992131397
0.3919694423675537,0.8161009144574736,0.0033100169538550863,5.375137810184198,0.000810841184396832,0.30130454441875487,-0.00013135592415316607
0.3929712772369385,0.8174644121926091,0.0033138314258925514,5.38412731908073,0.0008130287026959324,0.3018087410936731,-0.00013157499694429515
0.39398622512817383,0.805393638939151,0.0032678905788397486,5.3046333700734545,0.0008034606631212662,0.2973529634586088,-0.0001296959998253464
0.3950514793395996,0.7993486175886623,0.0032459434832920104,5.264873612504841,0.0007985184216599628,0.2951259769831468,-0.00012877163380157453
0.3960452079772949,0.8032027474167027,0.003260927362725356,5.2902651185875795,0.000801275681306477,0.2965495209296263,-0.00012937297896592506
0.39704132080078125,0.8110328229593906,0.003288150688269783,5.341802275796387,0.0008059159487139184,0.29943734341422834,-0.00013052142397650953
0.3980391025543213,0.809045946243082,0.0032798153985237953,5.328732342508252,0.0008069549516174793,0.29870522762239216,-0.00013018496286713532
0.3990359306335449,0.8080602285681159,0.0032802438080435288,5.322239637895765,0.0008099018097398397,0.29834126440129294,-0.00013010268070800295
0.3999752998352051,0.8134498678670035,0.00330738185809359,5.357768122385363,0.0008184479671449041,0.3003337913123417,-0.00013102161582521308
0.4009690284729004,0.8033875332269731,0.003264009401382251,5.291507516923813,0.0008098514431224024,0.2966199721800457,-0.00012940062638809856
0.4020683765411377,0.7924694799737189,0.0032168496530200733,5.219632593750152,0.0007945646789397495,0.292592137032226,-0.00012759782921744644
0.40306901931762695,0.7997678310606353,0.0032451870094929907,5.267709383230761,0.0007984632700286412,0.2952873222459263,-0.00012871930885278724
0.4039885997772217,0.8093044916315636,0.0032775068412655307,5.330543224116371,0.0008021368216977656,0.2988101876973457,-0.00013011613679934594
0.40497756004333496,0.8013221504765018,0.0032490315622935276,5.277976932800372,0.0007944816199798997,0.295863838451468,-0.0001288690039536454
0.40601134300231934,0.8100901918225152,0.003285005391588296,5.335733285911692,0.0008067102667982858,0.29910160172488726,-0.00013031303872797643
0.40704774856567383,0.8017224193110258,0.003255724857218164,5.2806206064205945,0.0008027652442167305,0.2960122645128157,-0.00012911204286148166
0.4079735279083252,0.8044112415508062,0.003263239924948087,5.298332046673063,0.0008031920566632367,0.29700514327039984,-0.0001294462651339876
0.4090383052825928,0.8057479941148205,0.003270126042322225,5.307196995615184,0.0008059587083419747,0.29750400599895616,-0.0001297429635486903
0.4100170135498047,0.8064158376466455,0.003277422040911221,5.311583331337096,0.0008100770971846372,0.29774948920325767,-0.00012995528676470596
0.4110300540924072,0.81263326725749,0.0033007888004588015,5.35255066953177,0.0008137373127049403,0.30004646833585424,-0.00013091849045572583
0.41203975677490234,0.8098508854492785,0.0032899333991658853,5.334261574649795,0.0008115946091428969,0.2990224409182981,-0.00013046117018661056
0.413038969039917,0.8084660914261101,0.0032768437136813503,5.325129163714073,0.0008058951522575355,0.29851014929728237,-0.00013010248933446747
0.41404151916503906,0.8077687229335221,0.003272282506034664,5.320590030612781,0.0008049027901626031,0.2982574317627346,-0.0001299702092186957
0.415006160736084,0.8074256316617137,0.0032783953807769026,5.31838280899243,0.0008106196497304373,0.29813538245469523,-0.00013004266608831883
0.4159817695617676,0.8072668273221002,0.0032827995728854763,5.317294851747574,0.000812030043240808,0.2980730548435395,-0.0001301172291038792
0.41704750061035156,0.8130675295151294,0.0033020898996652366,5.3555075686565425,0.0008147536539412781,0.3002153065724293,-0.00013099852979844267
0.41803884506225586,0.8218487992189737,0.0033381928793485027,5.41338078755185,0.0008238286900209417,0.30346057118332137,-0.00013245560096399617
0.41902875900268555,0.8321321586738993,0.00338271991705823,5.4811366165265,0.0008338506184882633,0.3072594662206621,-0.0001341219972068389
0.42003870010375977,0.8441283431347928,0.0034247455790437195,5.56017785937626,0.0008422277872354491,0.3116910990279552,-0.00013594004627208922
0.4210171699523926,0.837382796432467,0.0033960803081866577,5.515731063413465,0.0008338683393503358,0.3091990437798637,-0.00013474985095679294
0.4220395088195801,0.834010202281418,0.0033852233930754243,5.493495675406348,0.0008325383365834538,0.30795192317744413,-0.0001342904060495506
0.42303967475891113,0.8264399713841474,0.003349516017508381,5.443634634828878,0.0008236791714096365,0.30515692751634876,-0.00013296274245582832
0.4239766597747803,0.8285460380930564,0.0033558107234839605,5.4575391256168375,0.0008248021166537376,0.305937406370004,-0.00013323047608638388
0.4249753952026367,0.8354909477583672,0.003387726579825809,5.503269848223503,0.0008303131216469169,0.3085005018880356,-0.00013438696555912672
0.42604851722717285,0.8517192326427714,0.0034541931473341054,5.610169479161852,0.0008464374128505507,0.31449323928384054,-0.0001370378475711606
0.42704319953918457,0.8539442407157081,0.0034632957682930133,5.6248146869704625,0.0008512597689846887,0.3153138756853346,-0.00013739072664833762
0.4279747009277344,0.8481890432534339,0.0034353465191296344,5.586914244855089,0.0008431393153119026,0.31318952986460824,-0.0001364478095438526
0.42904210090637207,0.852190773023152,0.00345372287624146,5.61318712215895,0.0008471560523606034,0.31465957953909185,-0.00013712294864917646
0.43002772331237793,0.8541774214663092,0.0034649842596460438,5.626283789318916,0.0008521170650153961,0.31539409537737306,-0.00013753282471828251
0.4310336112976074,0.848305030346223,0.003439438572999769,5.587622594620731,0.0008455493886477937,0.31322746091450715,-0.00013658227690819112
0.43200254440307617,0.8698905832218323,0.0035260618351388284,5.729803008096904,0.0008667139016100194,0.3211977382675586,-0.00014001667329347267
0.4330425262451172,0.8748002586303778,0.0035491669983223006,5.762160947942934,0.0008711651800136533,0.323012241901607,-0.0001408336513553673
0.4340510368347168,0.8831442145257149,0.003582684406356561,5.817130638831364,0.000879743940863966,0.3260940068094773,-0.00014218621341100847
0.4349994659423828,0.8814376413530508,0.0035774686989303063,5.805861708774337,0.0008812001594136878,0.3254614035698887,-0.00014195768109179766
0.43604063987731934,0.8746987668353193,0.0035470207597858598,5.761478696624516,0.0008723926230661339,0.3229735573516796,-0.00014077525254220307
0.4370114803314209,0.8713408189976372,0.0035438190255524934,5.739316607072006,0.0008777715768209959,0.32172980513802835,-0.00014048371330790344
0.43804121017456055,0.8814187389822253,0.0035851678773407376,5.805736072162039,0.0008854875690414603,0.3254543246726557,-0.00014209879913057636
0.4390444755554199,0.8864690149355553,0.0036040573716530694,5.838987780266397,0.0008900313838604248,0.3273178971607908,-0.0001428849113046156
0.4400012493133545,0.8889734688291548,0.003610550473659427,5.855510185080917,0.0008928931124397912,0.32824493147613204,-0.00014322916346182267
0.44101858139038086,0.8902103646082783,0.0036160649898301315,5.863703496266005,0.0008930067326893552,0.3287057003263501,-0.00014335923968327255
0.44202709197998047,0.9035914589122316,0.0036731943595978184,5.951847285270112,0.0009093587092230112,0.33364697212954636,-0.00014559656187143757
0.4429967403411865,0.8975250565483903,0.0036463394558675782,5.911890745429253,0.0009027772891118673,0.3314071671368905,-0.00014464294097215865
0.44403862953186035,0.8944936032119167,0.0036251318664170216,5.89192415387103,0.0008905106992586631,0.33028792523114986,-0.00014393688491581716
0.4449753761291504,0.8929810436262905,0.003623449770253984,5.88198052391682,0.0008915422647725393,0.32973112823680073,-0.00014380768094134677
0.44597363471984863,0.899101847891136,0.003657483965798625,5.922288376468149,0.0009034646560334034,0.33199040237788013,-0.0001449830827385041
0.44701051712036133,0.908052102118985,0.003689177663749906,5.981209309262883,0.0009080433423512328,0.3352923117730499,-0.00014626679223381746
0.4479868412017822,0.9066466823655575,0.0036863294903698735,5.971896854176812,0.0009089692414346244,0.3347685159293829,-0.00014604919057861535
0.4490468502044678,0.8931744620723588,0.0036263723807203954,5.883192370668605,0.000893729418178347,0.32979707547399156,-0.00014383316008139525
0.4500234127044678,0.8923278267104465,0.0036259082139480504,5.877632880356629,0.0008935983529048613,0.3294859725115777,-0.00014374282405488602
0.45102953910827637,0.9046578017891538,0.003671019688685244,5.958876408750374,0.000904300168512852,0.3340411768447265,-0.00014559443890267094
0.4519765377044678,0.9108186239909429,0.003695212430916809,5.999456626372407,0.0009085575049276437,0.3363159996004493,-0.00014652103671496797
0.4529993534088135,0.9080177266915852,0.0036860721877492583,5.980992798049726,0.0009078272478506812,0.3352804911625735,-0.00014620133567892605
0.45404052734375,0.8997436392493062,0.0036441983137709285,5.9265185716516,0.0008952414030115189,0.33222762662409794,-0.00014473421507214503
0.45504164695739746,0.8897346227170129,0.003604362147273698,5.8605702056291085,0.0008842403349023104,0.3285300670789823,-0.0001431425707039968
0.4559791088104248,0.8906064857009884,0.003606976197029123,5.866317267431487,0.0008814265870278694,0.3288523690280686,-0.00014322661538229952
0.4569714069366455,0.8910461470545421,0.003611887619573628,5.869215191379813,0.000887233054809713,0.3290148811000488,-0.00014344105150076666
0.45803236961364746,0.8981299088829074,0.0036442312114964596,5.9158950761193125,0.0008974206575987181,0.33163228777205983,-0.00014464897882839563
0.45901942253112793,0.8947981002952197,0.003632941295363012,5.893939831374643,0.000894329444520232,0.3304012387594342,-0.00014409766901512532
0.4599888324737549,0.8931386364528575,0.0036258102090205905,5.882990450235594,0.0008924744070912009,0.32978684436094347,-0.00014376173291296855
0.46100473403930664,0.8991813583463433,0.0036515861141614126,5.922797956829457,0.0008998741313113723,0.3320185165178008,-0.0001447849892690887
0.46200013160705566,0.8953279312493536,0.003631417510682166,5.897404094390924,0.0008947002850990227,0.33059461724747286,-0.0001440938825915763
0.46300244331359863,0.8934072607457878,0.003626610466379515,5.884747056023275,0.0008929426093563516,0.32988490708506596,-0.00014380085673651411
0.46401071548461914,0.8993143249256244,0.0036500330939105057,5.92370073280646,0.0008974684340105845,0.3320699848025478,-0.00014476899831298415
0.465015172958374,0.9022659805073591,0.003667486116163222,5.943151038854389,0.0009044698313069553,0.33316058345887756,-0.0001453839323934445
0.4660062789916992,0.9155267380515169,0.0037145535298488052,6.030502700587073,0.0009126918047279414,0.33805746723188745,-0.0001473701915048597
0.4670250415802002,0.9280486818484271,0.003770113781316612,6.112966100046854,0.0009301997001783992,0.34267962985295103,-0.00014951918032299024
0.46799731254577637,0.9342934590790358,0.0037904286998534666,6.154125695033819,0.0009316562711416952,0.34498777367785555,-0.00015043205135709104
0.46900081634521484,0.9442746188534703,0.0038358814142162214,6.219868958911826,0.0009430474732775406,0.34867314570421293,-0.0001521194185988881
0.4699981212615967,0.9492668820680362,0.0038614085566771993,6.252766636403761,0.0009530927521750476,0.3505177691583831,-0.00015307871347821283
0.4709963798522949,0.9390191724446595,0.003821011291548544,6.1852724406450355,0.0009457242999712339,0.3467343971133759,-0.00015147547968664558
0.4719991683959961,0.9398036014561536,0.003824580395190148,6.190358466288349,0.0009440226911197846,0.3470169239728365,-0.00015155026221552558
0.4730031490325928,0.958832724856076,0.0038909049179870823,6.315720310795599,0.0009556922631085333,0.3540450399911958,-0.00015435752336834537
0.47400784492492676,0.9496999551482862,0.003843096200839691,6.255588607767022,0.0009399031423683932,0.3506749843652541,-0.00015264747587199993
0.475053071975708,0.9451274232397635,0.0038321622676071167,6.225502042603886,0.0009400650741650718,0.34898942702498653,-0.0001520946319249751
0.47597384452819824,0.9555988970900618,0.0038775800998157597,6.2944984122933185,0.0009531245453130873,0.3528579099765999,-0.00015384541327489703
0.4770393371582031,0.9608447430406627,0.00390411110274216,6.328992230608412,0.0009604252019827969,0.35478964045064926,-0.00015480985085254172
0.4780387878417969,0.963478186207338,0.003910670894161074,6.346267509758937,0.0009573607134565758,0.3557557891954893,-0.0001550819812834988
0.4790382385253906,0.9765524447636361,0.003967127156078793,6.432416430638231,0.0009766791940234402,0.36058607042153606,-0.00015732897281157257
0.47997379302978516,0.9771984081059736,0.003964905065625312,6.436707561042793,0.0009748038713806469,0.3608277792287331,-0.00015729506573339277
0.4809713363647461,0.9657576668152571,0.0039234326062701904,6.361284735326807,0.000965002160279398,0.35659770204670466,-0.00015553027694461215
0.4820370674133301,0.9659299987030388,0.00392965744263576,6.362367428282466,0.000969884115725933,0.35665672019450156,-0.00015571756507744912
0.48302626609802246,0.9777701423510906,0.003973522572624048,6.440443203557723,0.000978359032283646,0.36103622300399835,-0.00015754351330109627
0.48404908180236816,0.9719195373273777,0.003950774336969024,6.401954485874055,0.0009753346437211703,0.3588801825016483,-0.00015662272653952427
0.48500752449035645,0.9689893375297994,0.003933266198899576,6.382703374686397,0.0009678372424080261,0.3578025987965345,-0.0001559608067146501
0.48599863052368164,0.9734172179409821,0.003951997064962463,6.4118638804800785,0.0009709779369389434,0.3594370977594116,-0.0001566887176482897
0.4869973659515381,0.9815312637542285,0.003983991652544239,6.465235134519029,0.000979320191647607,0.362426573193723,-0.0001580541865424715
0.4880058765411377,0.9855833810563499,0.003995430470329805,6.4919349660996915,0.000978982557600115,0.36392359336350194,-0.00015854135401665347
0.4889974594116211,0.9758319431252905,0.003956615481275171,6.4277386669098595,0.0009702060070297335,0.3603260208805765,-0.0001570390538575173
0.48999714851379395,0.9827345072777552,0.003982772695825852,6.473155544277111,0.0009783837832203369,0.36287040666463705,-0.00015815288794404522
0.4910011291503906,0.9744021548181071,0.003946628183592509,6.418282766895908,0.0009680214311386108,0.35979472882403524,-0.0001567292920056006
0.49204301834106445,0.9702272476793534,0.003931974137977464,6.390840134082678,0.0009648370784051907,0.35825817738337423,-0.00015611828622512554
0.49303579330444336,0.9740375727066696,0.0039542332431009965,6.415951749496012,0.0009711703577427175,0.35966630759979934,-0.00015685228945549933
0.49402666091918945,0.9818340154309187,0.003995639603884283,6.467261327743092,0.0009836951872756296,0.36254117957781884,-0.0001582940159296611
0.4950394630432129,0.9798437224042833,0.0039791057374358955,6.454180580715696,0.000979609265906836,0.36180883096724503,-0.0001578078550437507
0.49603843688964844,0.9788508395319708,0.003973480653217349,6.447634333292121,0.00097920247374305,0.361441663507096,-0.0001575942300322506
0.4970386028289795,0.9783530053800195,0.003969060618458337,6.444321087242883,0.0009750707546556894,0.3612548424619083,-0.0001574103532626386
0.4980354309082031,0.9839888714258604,0.0040013658918856936,6.481478844506451,0.0009883323629366508,0.3633389388954782,-0.00015860153176408092
0.4990370273590088,0.9868015257686167,0.004012636625316218,6.500017962727987,0.0009901636998818847,0.36437859910030074,-0.00015906309331315313
0.5000357627868652,0.9881949488649132,0.004016945785086384,6.509207738510829,0.0009909482438227254,0.364894123248385,-0.00015921402530593085
0.5010330677032471,0.977126340120195,0.00396838693756879,6.436325523212085,0.0009773588135853844,0.3608093229276835,-0.0001573892772521245
0.5019736289978027,0.9902383672498578,0.004026839090479533,6.522676253307171,0.0009935314800822899,0.36564941744549645,-0.0001596359260536939
0.5029737949371338,0.9967887205767954,0.004048477039898732,6.565814225410285,0.0009961228603795876,0.36806736515093114,-0.00016060964649788122
0.503976583480835,0.9873041836977644,0.004006917436727845,6.503298839632061,0.0009842932184296583,0.36456155727240885,-0.0001590025950498998
0.5050334930419922,0.9953219366522368,0.004042510844604927,6.5561010065345515,0.0009931373509546922,0.36752121340628147,-0.00016029276979995311
0.5060226917266846,0.992460099657236,0.004024943963568622,6.53720330477598,0.0009857100830099256,0.36646034611494016,-0.0001596982416330545
0.5070509910583496,0.9910286339427319,0.004020494691137506,6.5278242270954125,0.0009874526094112198,0.36593616729986383,-0.00015947100874045409
0.50797438621521,0.9903129212965519,0.004015021177843701,6.5231557394254835,0.0009865373387644067,0.3656759261075039,-0.00015930304107038357
0.5089707374572754,0.9840820387322833,0.003988681577400743,6.48208912832089,0.0009789063088304622,0.36337304171343243,-0.00015831842735085393
0.5100173950195312,0.9995976742802832,0.004055744603919408,6.584314485867336,0.00099616508382672,0.3691043845152366,-0.00016086212940151886
0.5110304355621338,1.0014661666886913,0.0040645013586905684,6.596618665386766,0.0010004392440924497,0.36979402133193895,-0.00016126828779513115
0.5119736194610596,1.0024107645780715,0.004065629866082887,6.6028229438505335,0.0010027183210304519,0.3701412540947955,-0.00016137960484806835
0.5129773616790771,0.9960115095979728,0.00403650113637715,6.5606944450429925,0.0009895211970444601,0.36778034976885376,-0.0001602082431388804
0.5140762329101562,0.9996851551669771,0.004051657755402525,6.584872397799072,0.0009921523065983774,0.3691350749640579,-0.00016079530475594832
0.515068769454956,1.0073990381103866,0.0040857185368126875,6.635710343296391,0.0010043725649798597,0.3719858132086367,-0.00016219435126284878
0.5159862041473389,0.9739672943428123,0.003954854768960632,6.415535252533051,0.0009724331115006207,0.3596444422911043,-0.0001569026286038496
0.5170092582702637,0.9209237607030097,0.0037475016012439694,6.066301325634334,0.000924754982745191,0.3400722129488361,-0.0001485172227254414
0.5180113315582275,0.8639470499690771,0.003507558891039246,5.69132718633275,0.0008635035719496262,0.31906238508903917,-0.000139142175025831
0.5190403461456299,0.7736243590869893,0.003138230579862727,5.096717519412168,0.000772220930261536,0.28574062298834896,-0.00012460326801825693
0.5199751853942871,2.1319960842080983,0.006480636520543497,5.427874944969867,0.00119554250837351,0.02908114675047488,-0.0002691030265239433
0.5210108757019043,2.9939755315478918,0.008529451010939996,5.3174929994272055,0.0014331967621110746,-0.16199288887017052,-0.0003581729458620611
0.522005558013916,3.514380350816594,0.009654731838882423,4.8088261784887365,0.0015255351687082346,-0.3162487136335056,-0.00040780283902017617
0.5230386257171631,3.92607577545632,0.010439360961030007,4.071784243595849,0.0015620361765712571,-0.46772909522745987,-0.00044408803173162637
0.523975133895874,4.179617495590867,0.0107173743559128,2.7384510404362365,0.0014895868805969977,-0.6384075802949578,-0.00045910904203157605
0.5250399112701416,4.6083455805467874,0.011827990702406678,3.0195457491875617,0.0016442969045777707,-0.7038756107426423,-0.0005063644124209224
0.5260417461395264,5.072178873478746,0.013021278124723135,3.3236964388707557,0.00181046828970474,-0.7747008468431347,-0.0005575472821500125
0.5270371437072754,5.230031624878148,0.013423965535137387,3.4274144102426414,0.001866663225408841,-0.7987858729716958,-0.0005751958932404224
0.528029203414917,5.382447073634775,0.013816471417508403,3.5275846546361973,0.0019214681108941265,-0.8220390905862386,-0.000592440486043553
0.5290427207946777,5.242744367157493,0.013472417176377406,3.436330060791911,0.0018740426567684003,-0.8006760544394469,-0.0005774756298143946
0.5300142765045166,4.874536348136857,0.012142904327978618,1.6252774849963902,0.001574853777888571,-0.8825777380457549,-0.0005234290374497619
0.5310251712799072,4.582465199948749,0.011173924984831544,0.6490681744697988,0.0013796338883048753,-0.9070324023012111,-0.00048430853566931297
0.5320329666137695,4.294447327110089,0.010323513594087428,0.06805736058665213,0.00123231745018809,-0.8975624091807132,-0.0004490587418281728
0.5330467224121094,4.042530775046005,0.00964758479761543,-0.29294247272956975,0.001127075234080067,-0.8763271720953674,-0.0004195551951685217
0.5340135097503662,3.787318554928849,0.008968105705624656,-0.48223950776412794,0.001030900439941198,-0.8392886730512119,-0.00039099253223273526
0.5350058078765869,3.495471461571801,0.008226534714784252,-0.6144521003644541,0.0009323860392865586,-0.789518770095204,-0.00035916538157656434
0.5360424518585205,3.2134655598199124,0.007523499729829519,-0.7345365013256258,0.0008417767732556933,-0.7407521730961318,-0.00032875896259982555
0.5370402336120605,2.98309635093142,0.0069769727997690155,-0.742317149353001,0.0007769871859884855,-0.6929672035637021,-0.0003047870661349745
0.5380024909973145,2.7561348249329645,0.006472122729693858,-0.6388242796552279,0.0007263129189828848,-0.6361071418661104,-0.00028215262510001264
0.5390365123748779,2.5532133839034348,0.006006545156765899,-0.5349407366460353,0.0006786645296132909,-0.5842707291268527,-0.00026201503626548486
0.5400371551513672,2.2379815019600477,0.005277213368800804,-0.40755959159364785,0.0006005155723273432,-0.5067364188030082,-0.0002301493485468549
0.5410177707672119,2.0431840965834844,0.004876172627265004,-0.18180052429856208,0.0005712965122971652,-0.445884260253087,-0.00021183897535444898
0.5420401096343994,2.029266234171719,0.005223311191052049,1.3315378759448904,0.0007284066919117708,-0.30978216299565725,-0.00022352519377597609
0.5430154800415039,1.7524757589465105,0.00450410002286594,1.1499915162465586,0.000628093814145663,-0.26752154174723375,-0.00019304284068648325
0.5440421104431152,1.4378541366243884,0.003694275710408047,0.9435895174208178,0.0005152373674957234,-0.21948854750235933,-0.0001582691265020239
0.5450437068939209,0.0,0.0,0.0,0.0,0.0,0.0
0.5460405349731445,0.0,0.0,0.0,0.0,0.0,0.0
0.5470385551452637,0.0,0.0,0.0,0.0,0.0,0.0
0.5480377674102783,0.0,0.0,0.0,0.0,0.0,0.0
0.5490386486053467,0.0,0.0,0.0,0.0,0.0,0.0
0.5500142574310303,0.0,0.0,0.0,0.0,0.0,0.0
0.5509686470031738,0.0,0.0,0.0,0.0,0.0,0.0
0.5520472526550293,0.0,0.0,0.0,0.0,0.0,0.0
0.552973747253418,0.0,0.0,0.0,0.0,0.0,0.0
0.5539703369140625,0.0,0.0,0.0,0.0,0.0,0.0
0.5550234317779541,0.0,0.0,0.0,0.0,0.0,0.0
0.5559730529785156,0.0,0.0,0.0,0.0,0.0,0.0
0.5570311546325684,0.0,0.0,0.0,0.0,0.0,0.0
0.5580360889434814,0.0,0.0,0.0,0.0,0.0,0.0
0.5590763092041016,0.0,0.0,0.0,0.0,0.0,0.0
0.5600132942199707,0.0,0.0,0.0,0.0,0.0,0.0
0.5610277652740479,0.0,0.0,0.0,0.0,0.0,0.0
0.5620791912078857,0.0,0.0,0.0,0.0,0.0,0.0
0.5630245208740234,0.0,0.0,0.0,0.0,0.0,0.0
0.5639779567718506,0.0,0.0,0.0,0.0,0.0,0.0
0.5649707317352295,0.0,0.0,0.0,0.0,0.0,0.0
0.5659990310668945,0.0,0.0,0.0,0.0,0.0,0.0
0.5669982433319092,0.0,0.0,0.0,0.0,0.0,0.0
0.568002462387085,0.0,0.0,0.0,0.0,0.0,0.0
0.5690054893493652,0.2736199274816022,0.0011084081230181648,1.814595162494012,0.00026718045271507853,0.10211475833375325,-4.408624743255199e-05
0.5700011253356934,0.4523696888190879,0.001829283748761897,3.0000196667256738,0.00043914411658581623,0.16882317597977145,-7.278471932075957e-05
0.5710024833679199,0.566148820338499,0.0022828661293945243,3.754590793275534,0.0005453249643180301,0.21128631290169225,-9.096198907363362e-05
0.5720429420471191,0.6474219141788704,0.0026106212108168735,4.293609571141006,0.0006249675358783405,0.24162011125757135,-0.00010404056027786767
0.5730428695678711,0.7007446387634902,0.0028344485296004523,4.647266354490514,0.0006819821981599854,0.261522810173049,-0.00011275835805225342
0.5740413665771484,0.7274139058083422,0.00293965258271266,4.82418786061498,0.0007054924270142918,0.2714806906545318,-0.000117013601923982
0.5750384330749512,0.7466003999832007,0.003018653747112131,4.95148367582245,0.0007253006579656508,0.2786458851266489,-0.00012019197086771633
0.5759744644165039,0.7678968323968652,0.0031105424617642887,5.092711936695388,0.0007484128617059275,0.286593204110145,-0.000123758081157223
0.5770394802093506,0.7610180058310181,0.003081037084536074,5.0470984980503495,0.0007382808974895239,0.28402652647711024,-0.0001226251779015539
0.57804274559021,0.7751367566077452,0.003144361676745998,5.140696530198067,0.0007554613884800373,0.28929256905193235,-0.0001249881709719123
0.578995943069458,0.770506369649633,0.0031253676423587074,5.109935804329258,0.00075428261940628,0.28755985788668015,-0.0001242686848762913
0.5799965858459473,0.7623487083931377,0.0030912674412454625,5.055858126493219,0.0007481332963130872,0.2845173933703393,-0.0001229376898840619
0.5809805393218994,0.7641255295002606,0.0030966488295701396,5.0676290568696585,0.0007474081337304373,0.2851793924230756,-0.00012307509216756275
0.5820426940917969,0.7591588203981923,0.003076857008670593,5.034736645521436,0.000744273407383965,0.2833298553239509,-0.00012229819099111644
0.5830435752868652,0.7566903219771096,0.0030562514702759634,5.0183361016136665,0.0007344454148170583,0.28240597952066543,-0.00012168634470478144
0.5839753150939941,0.7671537712089774,0.003099579524623109,5.087673151090637,0.0007438390586932566,0.28630613096243085,-0.00012338200173270955
0.5849761962890625,0.753857732656065,0.003055076143745674,4.999504251495605,0.0007351270003020375,0.28134475358909516,-0.00012151916000726108
0.5860087871551514,0.7540251775412401,0.003068197358501591,5.000651394902403,0.0007438560980455377,0.2814104716609872,-0.00012182599370555054
0.5870010852813721,0.7472868344023424,0.0030414165918894553,4.95600943519549,0.0007358036119069592,0.27889972638120186,-0.00012078200581467393
0.5879762172698975,0.7380662578174279,0.0030039595664698928,4.894924857510158,0.0007285833336814834,0.2754642920452973,-0.00011933350408096197
0.5890014171600342,0.7334516155187186,0.0029910971333863916,4.864341423703804,0.0007234724337944562,0.27374387084656926,-0.0001186643312092484
0.5900018215179443,0.7194462499016617,0.0029328945831190068,4.771555278295973,0.000708668887593652,0.2685254181136519,-0.00011642329445386421
0.5910027027130127,0.6939522929458805,0.0028256858553573,4.60247581793941,0.0006829976187421817,0.25901035238589776,-0.0001122512752702816
0.592005729675293,0.6626931436238052,0.0026957603574251886,4.395183198210803,0.0006513693780801079,0.24734552486337674,-0.00010712254104865623
0.593019962310791,0.6353934257746299,0.002579833762825995,4.21411197683833,0.0006203677750113637,0.23715511651932433,-0.0001025475014172385
0.5940017700195312,0.5915529179179254,0.0024025230174082243,3.923337519018834,0.0005789359405845257,0.22079100425449938,-9.549420264915849e-05
0.5950431823730469,0.5569909786685437,0.002261206413171242,3.694069197203668,0.0005446230228973001,0.20788722181672073,-8.988692352341319e-05
0.5960431098937988,0.5338804456653508,0.0021639326904639338,3.540791746679157,0.000520354244567304,0.19926126084077186,-8.609739262893139e-05
0.5970420837402344,0.49213332170663165,0.0019970309662340337,3.263949786157877,0.00047883310694919214,0.18368276087993007,-7.940019755786798e-05
0.598036527633667,0.45862086616785286,0.0018606185991667634,3.041687252710422,0.00044624002104291506,0.1711746764708838,-7.398154202688005e-05
0.5990381240844727,0.43604055178123347,0.0017703570604101805,2.8919314905101676,0.0004259348741596544,0.16274706603186773,-7.038817972133795e-05
0.5999972820281982,0.40041117577733093,0.0016291595338802569,2.655629581591365,0.0003929145917279913,0.14944891659494428,-6.469548809456822e-05
0.601020336151123,0.37676955875936824,0.0015336713105547225,2.498832866647516,0.000370047201637898,0.14062500043506626,-6.090995933197994e-05
0.6019763946533203,0.3825143546603433,0.0015566109550724872,2.5369546525027635,0.0003745625669554652,0.142771012997247,-6.18116870945324e-05
0.6029703617095947,0.37371105652445763,0.0015219871612975257,2.478574537489538,0.0003676791266986568,0.13948577613096408,-6.042842308280565e-05
0.6039700508117676,0.3693327791314719,0.0015018102029216952,2.44950968124746,0.0003626264888634043,0.1378492579847057,-5.969327000053742e-05
0.6050207614898682,0.37885655808778335,0.0015412324898030458,2.512652065324838,0.00037081873416934893,0.1414019854808803,-6.12130211224735e-05
0.6060471534729004,0.3719519502778454,0.001514119607805734,2.466872603237204,0.0003633638819480268,0.1388261220276157,-6.009613785074296e-05
0.6070804595947266,0.37436331952066615,0.001517306655520198,2.4828800440925254,0.0003629034494690169,0.13972742474810446,-6.0363148109025476e-05
0.6079926490783691,0.39410445899107055,0.0015971785543471954,2.613812187274283,0.0003820971401283291,0.14709591881544865,-6.354536158368226e-05
0.6090133190155029,0.39814301092253285,0.001618060560955591,2.6406052003035234,0.0003876343374079951,0.14860399301404184,-6.427221348131643e-05
0.6100203990936279,0.4118729202049917,0.0016748120680005623,2.7316791917085155,0.00040140638949357713,0.1537297322195006,-6.651266016484914e-05
0.6110389232635498,0.431418953567283,0.0017525374041242007,2.8613473828098357,0.00041824238863327594,0.16102804895993095,-6.964245198899745e-05
0.612041711807251,0.44705747543498486,0.001817756096333083,2.965061217234463,0.00043471440866661286,0.16686452232990942,-7.222234638675839e-05
0.6130411624908447,0.4665830532312026,0.001900717100579348,3.094558698430864,0.00045692494093228255,0.17415212021790172,-7.54446012876646e-05
0.6140365600585938,0.4763473521644674,0.0019402764979833094,3.1593352150026535,0.0004671577248962648,0.17779804570054053,-7.701783791610388e-05
0.6150364875793457,0.5056119480599359,0.0020546918592414406,3.3534414476499523,0.0004935943933419261,0.18872212495025895,-8.164813152994669e-05
0.6160383224487305,0.5202770688594053,0.002113006597520929,3.4506680841256854,0.0005075756771909623,0.19419252841807016,-8.396964988214838e-05
0.6170403957366943,0.5519844873676348,0.002239093145912023,3.660930898161357,0.0005351584713877175,0.206024417371857,-8.901434454956836e-05
0.6180429458618164,0.5620075262793844,0.002279967566885935,3.7273751112601996,0.0005471867744970485,0.20976266108958228,-9.069815890872174e-05
0.6190385818481445,0.5728682656758373,0.0023247771484149822,3.799442364472982,0.0005587285374985274,0.21381948041128787,-9.247342066750386e-05
0.6199710369110107,0.5841453916521394,0.0023708327364765466,3.8742385558399737,0.0005699763293180284,0.21802883863593367,-9.429723142083163e-05
0.6210305690765381,0.5966115253327748,0.0024246895127219637,3.956912937282247,0.0005836822912797305,0.2226813104974001,-9.636690032743671e-05
0.6220393180847168,0.6028544530487022,0.0024482676910937092,3.998270264646954,0.0005867251969937936,0.2250072439421154,-9.73125312026291e-05
0.6230378150939941,0.59914583130118,0.002432093354514483,3.97370459775685,0.0005858141865190425,0.2236257586231737,-9.675163342308664e-05
0.6240417957305908,0.6041237232588375,0.002448717017346394,4.006734967053987,0.00058860731891271,0.22548508295453623,-9.749143765124317e-05
0.6250393390655518,0.6066229601654932,0.002456305543457638,4.023289290263783,0.0005874720298659844,0.22641602436720093,-9.780219724724452e-05
0.626039981842041,0.6010570126226289,0.002436886212124457,3.9863733533968313,0.0005858950884776476,0.22433849670796127,-9.697268622846632e-05
0.627011775970459,0.5982672324383765,0.0024227291921577,3.967879892019899,0.0005822833476750432,0.2232980416045064,-9.64477950872798e-05
0.62796950340271,0.6095427869982019,0.0024674421830455026,4.042667210035636,0.0005940828099521489,0.22750694944415584,-9.824200487933592e-05
0.6290364265441895,0.6025128434829297,0.002440305843960639,3.996035178766023,0.0005871417966722164,0.22488243049817605,-9.70962363071152e-05
0.6299664974212646,0.6116698173538377,0.00248304787100761,4.056785987205987,0.0005996916416167081,0.22830187487260314,-9.867571511882084e-05
0.6309669017791748,0.616250195030821,0.002501949004175552,4.087174137915363,0.0006056744262352356,0.23001232075546071,-9.948912278345239e-05
0.631972074508667,0.6126890326403596,0.0024845546931416304,4.06356020790549,0.0005994229768386832,0.22868356337561258,-9.887841926341989e-05
0.6330399513244629,0.6167616085925391,0.00250546212043459,4.090550211307209,0.0006044343496045132,0.2302018141390664,-9.960561463349675e-05
0.6340148448944092,0.6061374080249724,0.0024622510332720036,4.020086832761564,0.0005942120650636728,0.2262363679628209,-9.785948737630572e-05
0.635037899017334,0.6193331702957814,0.0025139394842582804,4.107594928258563,0.0006066600822005783,0.2311606927072036,-9.997603301152657e-05
0.6359729766845703,0.6142359843981302,0.0024937779555050613,4.073793717737594,0.0006031888411844185,0.22925863362790092,-9.917774791004294e-05
0.6370084285736084,0.6175332013454249,0.0025017648817014936,4.095644468239419,0.0006012137840378564,0.2304877657008866,-9.954672028218039e-05
0.6380376815795898,0.6191792301536518,0.0025111519040819023,4.106562622744393,0.0006028133163274606,0.23110223914520545,-9.98207762888407e-05
0.6390366554260254,0.6073250280978538,0.0024641404616689904,4.027975460609123,0.000594236697367711,0.22668069196687862,-9.796584194973929e-05
0.6399970054626465,0.6199177027775717,0.0025172092378591996,4.111487784344316,0.0006078636931186185,0.2313802784600981,-0.00010003995837680924
0.6409704685211182,0.6262196420639826,0.0025445027014524496,4.153250871817381,0.0006121654230426371,0.23372950288742372,-0.00010103636722123565
0.6420431137084961,0.6235133912511178,0.0025339643921726443,4.135315719082291,0.0006115439253885395,0.23272060421293145,-0.00010067014206955357
0.6430368423461914,0.60949220451139,0.00247344894991993,4.042329885398668,0.0005955522383665165,0.22748790766691304,-9.837708718204858e-05
0.6440372467041016,0.6024885812023507,0.002441452485348811,3.995863759867354,0.0005849927336409822,0.22487245071581538,-9.718561168472486e-05
0.645038366317749,0.5989881221129174,0.0024279264357390585,3.972649353105104,0.0005830962209205838,0.22356607917190702,-9.66239424341828e-05
0.6460323333740234,0.6040553222287997,0.0024534418589154685,4.0062798811096645,0.0005899232692465062,0.22545942717980533,-9.751185332921855e-05
0.6470353603363037,0.6065857472374081,0.00246273354938,4.023093668588854,0.0005941501291010268,0.22640663892498566,-9.79273046128613e-05
0.6479692459106445,0.6010362598969449,0.002438614333655011,3.9862643112423486,0.0005882794034203648,0.2243332672029931,-9.702120869513527e-05
0.6490397453308105,0.6050883401907854,0.0024555850027733776,4.0131209773597325,0.0005887529679929251,0.2258440968479077,-9.76283613581395e-05
0.6499693393707275,0.6071184296863964,0.0024639666789743825,4.026582517612828,0.0005911065956909126,0.22660158164614216,-9.797364091482988e-05
0.6509697437286377,0.5896149014032225,0.002388167359861655,3.9105528921578703,0.000573268953689134,0.22007371562957814,-9.507300176959404e-05
0.651970624923706,0.5808829657179415,0.0023561753414658394,3.8526215498675263,0.0005673220686132119,0.2168129561653133,-9.374333586683811e-05
0.6529726982116699,0.5648283969234056,0.00229476830062624,3.7461606078611083,0.0005529424964509725,0.21082227367031006,-9.120587690302084e-05
0.6539983749389648,0.5626643544692279,0.00228431039571562,3.7317719123428694,0.0005481326143188664,0.21001138308434317,-9.07738311591722e-05
0.6550452709197998,0.5674266536115711,0.0023007896423789466,3.7633571063081748,0.0005520994055627056,0.21178889259076092,-9.148894137833873e-05
0.6559805870056152,0.5581197632577191,0.0022655344879282486,3.7016188234220397,0.0005460011557382927,0.2083140926671681,-9.006236048088e-05
0.6570494174957275,0.5534555328343863,0.002245570220614027,3.6707436831691442,0.0005396447307289011,0.2065784342508882,-8.929565642930739e-05
0.6580369472503662,0.5443096307230347,0.002213420214782581,3.61007847678248,0.000533760527502395,0.20316419330681754,-8.794102368399411e-05
0.659041166305542,0.5397370893387253,0.002195039944792701,3.579757349460916,0.0005296746342163385,0.20145799648670412,-8.722147987873462e-05
0.659970760345459,0.5374593343655621,0.0021833418018467445,3.564647483482727,0.0005257393718613373,0.20060756781984518,-8.679658218047608e-05
0.6610333919525146,0.5246203793685079,0.002126313976925007,3.4795014377125697,0.0005090456303483167,0.19581603128872013,-8.459361373536447e-05
0.6619999408721924,0.5240488106949641,0.002124403661789409,3.475750566509644,0.0005093768390373683,0.1956062125778646,-8.447664597604031e-05
0.663010835647583,0.529604142601055,0.002148420514680074,3.512573889511894,0.0005160728383643429,0.1976778234585889,-8.542044315787623e-05
0.6640286445617676,0.5392115870879338,0.0021853657625941583,3.5763181048587356,0.0005248965984334637,0.20126590859878804,-8.69468340579149e-05
0.6650114059448242,0.5255046370546627,0.002133610114227974,3.4853900106504745,0.0005132344029575653,0.1961481778202508,-8.480228487152239e-05
0.6660006046295166,0.5186541556947204,0.0021050276245831194,3.439929446468646,0.0005064530221530937,0.1935889889823788,-8.368554298033057e-05
0.6669983863830566,0.5152293052019088,0.0020924489101744985,3.417199163863292,0.0005060579727908536,0.1923093121703599,-8.319439785566863e-05
0.6679766178131104,0.532037329908239,0.0021633462446170575,3.5286457873700883,0.0005240210797221623,0.19858020768668008,-8.595742033593364e-05
0.6690044403076172,0.5219285509952993,0.002119142077272689,3.4616140781434668,0.000510817613905909,0.19480830390052445,-8.427094730630224e-05
0.6700155735015869,0.5285714576984596,0.002145981120205444,3.5056872605104203,0.0005167025977469857,0.19728907685051286,-8.53409730130022e-05
0.6710121631622314,0.5260417376902604,0.0021351780176418413,3.4889279560849653,0.0005144048083952633,0.19634651093684957,-8.492196943444363e-05
0.6720433235168457,0.5247799948417502,0.0021302248267213216,3.480537955933064,0.0005135230205483096,0.1958736615034918,-8.473679305383796e-05
0.6730399131774902,0.5299902036295551,0.002149074965924123,3.515117234128699,0.0005168392321203977,0.19782041044537407,-8.549631924584407e-05
0.6740388870239258,0.532596601103423,0.0021604469384568495,3.5324241781284265,0.0005197748570418106,0.1987950356663386,-8.591738067548979e-05
0.6750388145446777,0.5338965710157292,0.0021682951585017163,3.5410591144254484,0.0005239476457336409,0.19928139630344616,-8.61881766122017e-05
0.676044225692749,0.5287082970204616,0.002146292957053383,3.5066204198440913,0.0005174356280017568,0.19734240383341287,-8.529662653535344e-05
0.6770431995391846,0.5387772086065429,0.002190253463461992,3.5733761214188418,0.0005294073680797021,0.20109840717288543,-8.696918745844109e-05
0.6780366897583008,0.5438160583612054,0.0022097600454153076,3.6067594806953225,0.0005330237663298823,0.20297596918499683,-8.778580028056884e-05
0.6789951324462891,0.5463282015144322,0.00221973328125196,3.6234201362637277,0.0005364282136834951,0.20391355197411928,-8.820238530071557e-05
0.6799726486206055,0.5475898094224304,0.002223532464432215,3.6318047804968936,0.0005382155182808976,0.2043859582644086,-8.84055731544183e-05
0.6810169219970703,0.5540601300813912,0.0022489809873746233,3.674756719995648,0.0005421429847031791,0.20680437411604755,-8.940582399799892e-05
0.6820383071899414,0.5514527042011067,0.0022389382566887365,3.6574409804596315,0.000538692759057566,0.2058291914165115,-8.900969557641065e-05
0.6830451488494873,0.5618440889320121,0.002281235447953743,3.726346116814875,0.0005509366685284311,0.20970649645357647,-9.072367034638095e-05
0.6839690208435059,0.5611987649033642,0.002278254817625143,3.7220559390236065,0.0005497674426690868,0.20946473698271406,-9.061256471322217e-05
0.6850037574768066,0.5608703545976225,0.0022777407449679965,3.719872758643593,0.0005488841252002719,0.20934171475115074,-9.055739929601331e-05
0.6860346794128418,0.5665583560513197,0.002298743227842197,3.757573609130995,0.0005525077988333694,0.21146263452793707,-9.142080750752542e-05
0.6869947910308838,0.5752512557248738,0.0023379462720147354,3.8152244604766303,0.0005640982237321753,0.21470692380220274,-9.290304234496056e-05
0.6880128383636475,0.5620436570000711,0.002276490267160836,3.727647743969914,0.0005473294388954644,0.20977905061372124,-9.0619144856648e-05
0.6890096664428711,0.5612952185552512,0.0022743176743050433,3.72268166971873,0.0005467818890373099,0.20949950753090804,-9.049289649790961e-05
0.6900022029876709,0.5667674034808367,0.002298075457308727,3.7589555642682524,0.0005517786471781833,0.21154026303684637,-9.138655183214805e-05
0.6910028457641602,0.5694899392670789,0.0023067650106621835,3.7770512446500195,0.0005552230962508377,0.21255986127651808,-9.181785195463029e-05
0.6919741630554199,0.5650059360267694,0.0022913587524163678,3.747352439059682,0.000552406130440789,0.21088980038413457,-9.117335472660742e-05
0.6929984092712402,0.5686170992436067,0.0023060334262812797,3.771280953521323,0.0005545872550942935,0.21223572132022148,-9.17153671641739e-05
0.6939935684204102,0.5762577984094523,0.0023349422260769337,3.8219827654899396,0.0005604390378995763,0.21508987817533645,-9.292378115544456e-05
0.6950132846832275,0.5742317661779337,0.002328346109964243,3.808567306635555,0.0005610948505430681,0.21433559464526786,-9.26484741455776e-05
0.696012020111084,0.5732188443776969,0.0023243105116051714,3.8018755355727136,0.000560698895707726,0.2139598373971084,-9.251073268916182e-05
0.6970000267028809,0.5668720647146605,0.0023012639587869877,3.759732757249297,0.0005553335684475714,0.21158663506671394,-9.150056629631633e-05
0.6979990005493164,0.5637067224500083,0.002292833082501283,3.7387030111322304,0.0005551581272008084,0.21040200520705013,-9.105486292158611e-05
0.6990053653717041,0.5679612183932148,0.002308210960073471,3.766890124401179,0.0005581712715655033,0.2119873254717067,-9.173751668388931e-05
0.7000148296356201,0.5759320856002859,0.002340753674109149,3.8197492839823455,0.0005656437324919569,0.21496186158160388,-9.305493898301423e-05
0.7010035514831543,0.5682281901261238,0.002309050884259836,3.768660999903733,0.0005568350458314896,0.21208699183455232,-9.180602919667856e-05
0.701995849609375,0.5643837096284455,0.0022926022502070755,3.74316327316326,0.0005522846164169622,0.21065207039480915,-9.113316420352458e-05
0.7030000686645508,0.5624627315967832,0.0022788574663414737,3.730422793860324,0.0005469283624348298,0.209935081882083,-9.068395019833764e-05
0.703984260559082,0.5615103604059767,0.0022736010507222295,3.724079213473794,0.0005473314108869472,0.20957722538736084,-9.052367758554036e-05
0.7049741744995117,0.566872947588436,0.002298491834977335,3.759671167167393,0.0005521828566532282,0.2115810295673079,-9.143403722586717e-05
0.7059745788574219,0.5695507215780589,0.002315470000779073,3.7774316745604097,0.0005590801588983369,0.21258055067136727,-9.19699945121188e-05
0.7069690227508545,0.5708787521783977,0.002318805213913359,3.7862919485527176,0.0005610503133824491,0.21308083698029479,-9.217566819842203e-05
0.7079751491546631,0.5598538097544401,0.0022777083051296375,3.7131749133995227,0.0005516264470997253,0.20896618518863688,-9.047411684279195e-05
0.7089807987213135,0.5718788018311345,0.002326890884106368,3.792928848124139,0.00056225179273675,0.2134544740409145,-9.23786797153956e-05
0.7099809646606445,0.57205187808284,0.0023233320213811586,3.7940642006844887,0.0005592298501413265,0.21351796989691216,-9.233656585088308e-05
0.7109785079956055,0.5779744607446364,0.002347955020653868,3.8333789020628375,0.0005665543098467668,0.21573155242574227,-9.335119596673693e-05
0.7119910717010498,0.5750962439203159,0.002338282268394478,3.8142661063474503,0.000564597622896773,0.21465520307722036,-9.294096744588866e-05
0.7130119800567627,0.5678103064617431,0.002304962741165213,3.765952844765688,0.0005525941703021645,0.21193659717610952,-9.165392696749904e-05
0.7139966487884521,0.5700183668238482,0.0023156574721334444,3.780581106544074,0.0005570464004159461,0.21275930830215825,-9.205010636530274e-05
0.7150275707244873,0.5711289492377747,0.002318380265406927,3.7879202515071837,0.0005583131141994305,0.213171486447564,-9.21868982280001e-05
0.7159795761108398,0.5716825631303909,0.0023201476221962813,3.7916031892222746,0.0005593636460115282,0.21337910453221728,-9.228896255158859e-05
0.7170448303222656,0.5778037638481031,0.0023433840755741307,3.832200680072615,0.0005635259732746014,0.21566378358599078,-9.322658262554368e-05
0.7180392742156982,0.5750115203196936,0.0023296724260216785,3.813712076334492,0.0005599085280762997,0.21462427427487618,-9.270589538197913e-05
0.719038724899292,0.5794653220858709,0.0023490357605988692,3.843276254324642,0.0005645269134398999,0.21628884238133833,-9.344249342260879e-05
0.7199785709381104,0.5758478717275731,0.002336916662706592,3.819258893457129,0.0005629529408072766,0.21493642589501893,-9.292988535854874e-05
0.7209975719451904,0.5798862933079889,0.0023504611172484144,3.846018453856697,0.0005656284713053171,0.21644158349498419,-9.355897601192781e-05
0.7220370769500732,0.5760597517629568,0.0023371708048622775,3.8206640960883242,0.000563665015733929,0.2150155040650717,-9.297688195310092e-05
0.7230367660522461,0.5683104461954629,0.0023097132521596743,3.7692492079629303,0.0005584578767039987,0.21212144733829927,-9.178000387365355e-05
0.7239711284637451,0.5702687138215149,0.0023149457538297236,3.782273863133099,0.0005595587686440627,0.21285559749352387,-9.206900193865871e-05
0.7250053882598877,0.5712548097704908,0.0023185060817102585,3.788823294455373,0.0005596808616948431,0.21322447300184494,-9.220291695118589e-05
0.7260301113128662,0.5717533297017643,0.002319524057156257,3.792097512428591,0.0005594061064231782,0.21340771565193806,-9.224446900689612e-05
0.727043867111206,0.577844987195303,0.0023475300603721674,3.832480432508309,0.0005679879689903474,0.21567972815844152,-9.332386979636022e-05
0.7279765605926514,0.5750409902702907,0.002338062502151714,3.8138490432627616,0.0005645769356476453,0.21463012691040564,-9.289374332944383e-05
0.7290382385253906,0.5794862441786405,0.0023542094469936356,3.8433233381538656,0.0005688090781372599,0.21628858359616188,-9.356694312679466e-05
0.7300186157226562,0.5817135767449896,0.002364092163657731,3.858088484723894,0.0005731505419501538,0.2171192856478745,-9.396291267221288e-05
0.7310254573822021,0.5886559803453744,0.0023978605673894995,3.9041288871966287,0.0005819425702357803,0.21971015995112914,-9.517695325473048e-05
0.7320423126220703,0.5804295450046004,0.002362714001476251,3.849607621799692,0.0005722167641663845,0.2166431301548264,-9.381883540931982e-05
0.7330052852630615,0.576319472064259,0.0023465574196517036,3.8223519480638135,0.0005689288081866427,0.21510938990545175,-9.317281217811672e-05
0.7340404987335205,0.5801204690320519,0.0023643544452090826,3.8475446820957484,0.0005748512431059044,0.2165266208558553,-9.386737380201441e-05
0.7350411415100098,0.5820218964026881,0.002371143343267085,3.860134659676359,0.0005760217019340422,0.2172344787080738,-9.414049344055219e-05
0.736032247543335,0.5829728035608958,0.002371063671045782,3.8664872859725627,0.0005712007566596888,0.21759343944430298,-9.416373603183872e-05
0.7369718551635742,0.571753072423664,0.002326038878275795,3.7920626035599136,0.0005630142006967595,0.21340469782090202,-9.239879410952485e-05
0.7380001544952393,0.5778305563989639,0.0023490094329221096,3.83239273395899,0.0005687598398614266,0.21567504694573686,-9.334272303087111e-05
0.7390432357788086,0.575032196558979,0.002336822328029791,3.813837894916088,0.0005631290195656442,0.2146309961683913,-9.281043065535957e-05
0.7399778366088867,0.5853226693794161,0.0023766443360986457,3.882118996907385,0.000574196758411365,0.21847461801832108,-9.447242256719296e-05
0.7410180568695068,0.5729284850983049,0.0023264605950267907,3.7998719216642853,0.0005629296186922725,0.21384461089539436,-9.25044930378917e-05
0.7420427799224854,0.5725786005212918,0.002327397760290028,3.7975296813305355,0.0005641263827507407,0.2137121094342334,-9.24766805585954e-05
0.743006706237793,0.5782515411882441,0.0023523804607204833,3.8351900736954674,0.0005708670592401062,0.21583263757614438,-9.345554314433306e-05
0.7440416812896729,0.5752528103014659,0.002339215065365228,3.8152605023761996,0.0005647714821098399,0.2147097684107423,-9.293738437374143e-05
0.7450406551361084,0.5737439428180509,0.002330970246997886,3.8053035300381817,0.0005635704206429073,0.21415102027667454,-9.2668956935341e-05
0.7460482120513916,0.5788386277236492,0.0023482206324486415,3.8390785895335426,0.0005670040157890121,0.2160513040821773,-9.339435017421525e-05
0.7470321655273438,0.5813811055789767,0.00236273218296872,3.855905782220085,0.0005695946154969039,0.21699716013676434,-9.388758180926967e-05
0.7479772567749023,0.5826407934166017,0.0023757739455813566,3.8642863072419935,0.0005762609356116437,0.21746960800432932,-9.427368898763615e-05
0.749042272567749,0.5891138060345206,0.0023967578023166864,3.9072655764383537,0.0005793721792041614,0.21988986223105886,-9.522474937803611e-05
0.7500412464141846,0.5864937243283651,0.002387794572131551,3.8899055587516496,0.0005776581152113221,0.21891344572024932,-9.48384410872761e-05
0.7510342597961426,0.5793438408859984,0.002359110635940769,3.842464792357827,0.0005719354966614436,0.21624299316501755,-9.372363524934822e-05
0.7519755363464355,0.5874691340080298,0.002388416516025201,3.8963109109517378,0.0005769500502249267,0.2192718905549506,-9.490207916911433e-05
0.7530431747436523,0.585678656679676,0.0023799288308945046,3.8844324685112515,0.0005753496562685116,0.21860330383762036,-9.458527818685165e-05
0.7540440559387207,0.5847830232456012,0.0023758127634094114,3.8785156734467967,0.0005760725137805246,0.2182710668558623,-9.444373699779545e-05
0.7550406455993652,0.5901870386858437,0.0024017624466057463,3.9143628237218593,0.0005818903262629142,0.2202886117972076,-9.538401332701696e-05
0.7559759616851807,0.5928889262579675,0.002413333401134553,3.932301491746963,0.0005857247306767774,0.22129873747702883,-9.587348435965078e-05
0.7570469379425049,0.5942474613192671,0.0024118792634395805,3.9413021559116856,0.00058272141372729,0.22180496026485544,-9.593882563738028e-05
0.7580428123474121,0.5832329083964262,0.002369379208852656,3.8682128450591393,0.0005737240124815784,0.2176905621168026,-9.419256467905222e-05
0.7590336799621582,0.5894129831273267,0.002392569199721701,3.9092116096922704,0.0005777254345972255,0.21999816618130155,-9.513748714760467e-05
0.7600052356719971,0.5866611648592059,0.0023844714288135792,3.8909435729805595,0.0005760617019665152,0.21896956145745386,-9.47250037597234e-05
0.7609734535217285,0.5852772719732517,0.0023759175661929844,3.8817974787520737,0.0005733171545995996,0.2184558760740963,-9.448834794230792e-05
0.7620420455932617,0.5845892317253352,0.0023741226463978886,3.8772408454458196,0.0005740026069166065,0.21819965586031967,-9.44255128708516e-05
0.7629990577697754,0.5900908181149802,0.0023993589409687173,3.9137363033309596,0.0005790870807945909,0.22025372297558687,-9.533953373499601e-05
0.7640223503112793,0.5870030122941062,0.0023899410390352377,3.8932410526430687,0.0005769592701065524,0.21909981518522212,-9.49030426744705e-05
0.7650046348571777,0.5796175098451565,0.0023561043036310933,3.8442652007439224,0.0005693180159984387,0.21634384923746391,-9.366281835789375e-05
0.7660021781921387,0.5817689938431267,0.002364751741325004,3.858548042769156,0.0005710436250740172,0.2171480672760471,-9.400457057285206e-05
0.7669985294342041,0.5711677175958394,0.002320875676991199,3.788187129663427,0.0005592630054430769,0.21318681491349728,-9.225292776753513e-05
0.7679848670959473,0.5658630625048324,0.0022990400575433048,3.753007963089416,0.0005547799728463632,0.21120714726746845,-9.13693885130179e-05
0.7689862251281738,0.5690534572178559,0.0023140241128164016,3.7741572030783526,0.0005598505708570132,0.21239702143101855,-9.19539312121774e-05
0.769977331161499,0.5706540010554166,0.0023167286174266086,3.7847856063738585,0.0005598566057324821,0.21299556650589682,-9.215026229634235e-05
0.7709765434265137,0.5714475040558763,0.0023207417312331715,3.790085594657195,0.0005611985603114329,0.2132950124650674,-9.231909326194838e-05
0.7719800472259521,0.5835317008998281,0.0023679281377123355,3.870245923360706,0.0005712920395480967,0.2178066072259362,-9.417785813802737e-05
0.7729792594909668,0.572042122753086,0.0023220652658817375,3.7940572728435216,0.0005612368697215146,0.21351941240599293,-9.237630870527224e-05
0.7739965915679932,0.5721570637987976,0.0023181297419522023,3.7947691164004786,0.0005569106261529774,0.2135578712887194,-9.22780757304925e-05
0.7749979496002197,0.5722058649360487,0.002318603644970345,3.795095090867565,0.0005573781131499199,0.21357628926718167,-9.226663887006792e-05
0.776024341583252,0.5663820904199821,0.002296622029569741,3.7565101747404794,0.0005524836949600437,0.21140613844801467,-9.139611608522985e-05
0.7770175933837891,0.5634780605741952,0.0022870728611675477,3.7372604163408725,0.0005511752017075505,0.2103231673990408,-9.094281533380859e-05
0.7780117988586426,0.5620240442226776,0.002281775641046973,3.7275739984644143,0.0005501029106695487,0.2097766875874207,-9.070416318264812e-05
0.779015064239502,0.5612965396967213,0.002278669271162011,3.722754650081296,0.0005503333998189582,0.20950565169462693,-9.061947398204321e-05
0.7799844741821289,0.5609362815214871,0.002277527133728172,3.720359171087269,0.0005492738595595048,0.20937064794240806,-9.05771796076731e-05
0.7810037136077881,0.5480894918342625,0.0022294806534099917,3.6351598821172924,0.0005370889516452494,0.2045760745205909,-8.857144176735233e-05
0.7820391654968262,0.5484899451122668,0.0022302555009936576,3.637827559059466,0.0005381875240127213,0.2047265745898318,-8.8644387651696e-05
0.7830362319946289,0.5486853317510928,0.002231192922443617,3.63911460173751,0.0005384317064868439,0.20479872502240024,-8.86622210357005e-05
0.783970832824707,0.5546323511706736,0.0022543401421251516,3.6785592324349716,0.0005441657095547116,0.20701859993873303,-8.961194840285899e-05
0.7849998474121094,0.5576049578214258,0.0022667148133432703,3.698254588245758,0.0005485677221898895,0.20812635484048453,-9.009365755770411e-05
0.7860348224639893,0.5649296598191768,0.002289916601127775,3.7468641091050503,0.000550519424305016,0.21086287600519363,-9.111388357434313e-05
0.7869949340820312,0.5627442230715791,0.002280066666937218,3.7323566488949873,0.0005489619006390487,0.21004603511963774,-9.075983200686687e-05
0.7880504131317139,0.5675048449766945,0.0022966280818671873,3.763915593913402,0.0005522527033426398,0.21182158769981016,-9.147119191531572e-05
0.7890028953552246,0.5581908884041669,0.0022646044529716406,3.7021671195263237,0.0005446858993648887,0.2083473780613471,-9.00727862307781e-05
0.7900075912475586,0.565221921801149,0.002297359485563554,3.748834034837621,0.0005539315024100363,0.21097473763960864,-9.127587479675036e-05
0.7909984588623047,0.5570390163354866,0.0022610288863382003,3.6945716899690972,0.0005451641327706401,0.20792133395905496,-8.991017083408451e-05
0.7919979095458984,0.5529644387985584,0.002243538223417811,3.6675078668854,0.0005407830342742167,0.20639700834629532,-8.928133081921511e-05
0.792996883392334,0.5626236633344732,0.0022801224504362125,3.731576437453623,0.0005477593791725334,0.2100027424391189,-9.074990426876529e-05
0.7939958572387695,0.5615936871579084,0.002276518702369372,3.724756316075669,0.0005467314494945988,0.20961927873755692,-9.056547972390963e-05
0.7950024604797363,0.57277154396335,0.002325240060520919,3.7988926603706976,0.0005610471382549139,0.2137914564716463,-9.246678230162632e-05
0.7959721088409424,0.5783620938057208,0.0023487485543364117,3.835943629554678,0.0005684790016916411,0.21587569024139372,-9.33839991577458e-05
0.7970247268676758,0.5694633256131254,0.0023130808092054105,3.7769246388457356,0.0005591278842699913,0.21255431947684306,-9.190918363186217e-05
0.7980091571807861,0.570874345728075,0.002318338994713414,3.7862531971599767,0.0005611063831598754,0.21307835394414967,-9.215204431755503e-05
0.799006462097168,0.5715726522359331,0.0023203246476706904,3.790900343021778,0.0005608375480551153,0.2133403791688559,-9.227943564724175e-05
0.8000032901763916,0.5777723808402284,0.002343306279753284,3.8319964432049325,0.0005637544566196597,0.2156524137214532,-9.317653498937197e-05
0.8010008335113525,0.5808643244501266,0.002354330437840115,3.852510410751949,0.0005668107327822314,0.21680709800384304,-9.36602125636472e-05
0.8020038604736328,0.5824162651867733,0.00235656404786994,3.862788347509947,0.0005642659818536904,0.21738502841854013,-9.378499649849647e-05
0.8029730319976807,0.5831776141260764,0.0023606984462746007,3.8678708992677078,0.0005667116714226625,0.21767210506716805,-9.395194280600969e-05
0.8039724826812744,0.5718700025573956,0.0023166909160909108,3.7928996451764228,0.0005566151545299788,0.2134537554853794,-9.219601669745408e-05
0.8049981594085693,0.5662095535067588,0.002296851943631789,3.755372609566385,0.0005525809533048169,0.2113423345275412,-9.133522925850212e-05
0.8060078620910645,0.5575369645062717,0.0022641733852167807,3.697859552505801,0.0005447600988161644,0.20810589780899597,-8.995940938030201e-05
0.806997537612915,0.5649020440387527,0.0022914245100931164,3.7467031473793706,0.000552026684646072,0.2108545216718662,-9.112536587325424e-05
0.8079726696014404,0.5685914077930915,0.0023080589921715793,3.77113358758277,0.0005564821588337865,0.21222815851127289,-9.1769457157311e-05
0.8090496063232422,0.5704334322678385,0.0023184378778124495,3.7833279149306542,0.0005599162603834132,0.21291369750587016,-9.210406938248198e-05
0.8100121021270752,0.5655091006935954,0.002298647843886754,3.7506596743441833,0.0005553121153192163,0.21107497137493683,-9.13270566315088e-05
0.8110003471374512,0.5688912366299206,0.002312811075003526,3.7731175809240156,0.0005593096796819491,0.2123396658863739,-9.19204188968352e-05
0.8119702339172363,0.5764240995764017,0.0023389529754494977,3.823098150143572,0.0005642441664225742,0.21515304203755453,-9.308104100396994e-05
0.8130371570587158,0.568501512034322,0.002309039699535467,3.7705129944729685,0.0005553177454986801,0.2121924605861577,-9.180520756292673e-05
0.8139965534210205,0.5703815346242046,0.002319322031452736,3.7829990755315297,0.0005582986063576891,0.2128956791372716,-9.215360119173342e-05
0.8150367736816406,0.571310730552784,0.002320912509444501,3.7891887302415954,0.0005600530857284529,0.21324486573656692,-9.225656577645498e-05
0.8159708976745605,0.5600999391327456,0.0022693091343258475,3.714771882273442,0.0005449971654977685,0.20905493300642083,-9.031070288252452e-05
0.8170409202575684,0.5661850990830426,0.0022961764070667783,3.755157090633917,0.0005527650554887604,0.21132851400795832,-9.131980782152495e-05
0.8180017471313477,0.5575310919841242,0.002260692574593039,3.6977913504012863,0.0005436147042932907,0.20810113148802994,-8.990524478941653e-05
0.819042444229126,0.5766017903418296,0.002339784154021937,3.824277127547149,0.0005634558961128174,0.21521940610200788,-9.300472912724668e-05
0.820035457611084,0.5744400256807781,0.0023309464630687773,3.8099488131232273,0.0005628622080072028,0.21441334938312953,-9.268630077947869e-05
0.8209960460662842,0.5733586431284985,0.0023273382736484255,3.802790631011162,0.000560250313524042,0.21401095242700235,-9.250796941332082e-05
0.8220362663269043,0.5611240333876921,0.0022807491157527575,3.7216336027372274,0.0005495186647825118,0.2094432951402468,-9.060311261765245e-05
0.8230385780334473,0.5783961915293221,0.002350397236353917,3.836193995416256,0.0005679964255772283,0.21589054844396977,-9.342471343851705e-05
0.8240370750427246,0.5694959539038129,0.0023114259711635205,3.777174406862188,0.0005566979094251964,0.21256943420000943,-9.194388233166614e-05
0.8250391483306885,0.5767438373971319,0.0023417275127032805,3.8252143330179824,0.0005630627507225875,0.21527199362331667,-9.310016758708487e-05
0.8260393142700195,0.5745141629990986,0.00233214495996719,3.8104350537029816,0.0005612097242946752,0.21444054032855234,-9.272277274885396e-05
0.8270382881164551,0.5675445247607337,0.002303098677974272,3.764234983010115,0.0005544892408896543,0.21184134549995615,-9.158210725713112e-05
0.8280396461486816,0.5640657422193263,0.0022929212022345,3.741156521006125,0.0005552814937888665,0.21054237625204142,-9.110772022325503e-05
0.8290386199951172,0.5623245073103773,0.0022825551222712534,3.7296262570146137,0.0005515180787014864,0.2098940687517502,-9.075833533037469e-05
0.830035924911499,0.5672980409132174,0.002302986683583754,3.7626105008284436,0.0005545422244779912,0.21175025128194483,-9.155869087654261e-05
0.8309957981109619,0.569779180873997,0.0023106347275623626,3.779028556700983,0.0005563877184156163,0.21267300839860637,-9.192330999635024e-05
0.8319697380065918,0.5593259873610972,0.002270665324575384,3.7097035817709503,0.0005484014357988444,0.2087717617883888,-9.027464668337402e-05
0.8329713344573975,0.5599488303441856,0.002274607089824228,3.7138372431350986,0.0005487098751995138,0.20900447800424507,-9.03923323644701e-05
0.8339674472808838,0.5719524469189384,0.0023219960057212657,3.7934551668841743,0.0005593934437598809,0.2134852951344283,-9.230744843548906e-05
0.8350081443786621,0.5662522384957548,0.002302099084196016,3.7556721628361416,0.0005561910739879375,0.21135971419817476,-9.15013747396007e-05
0.8359711170196533,0.5692574140409362,0.0023127845224244154,3.775603577712735,0.0005583098251429792,0.21248138996431898,-9.192902928309328e-05
0.8370492458343506,0.5649179629114968,0.0022962934127026984,3.7468128179421805,0.0005550801147826822,0.2108608233171869,-9.124584735274182e-05
0.8380329608917236,0.5744404208068433,0.002333118733484444,3.809956518465483,0.0005616551406965342,0.21441394461674648,-9.272028244959139e-05
0.8390350341796875,0.5548424095905026,0.0022554431173579547,3.6799754498590787,0.0005463960151420046,0.20709903058551546,-8.96234935422974e-05
0.8400006294250488,0.5635569899504452,0.00229075151065217,3.737775715656361,0.0005559627334319922,0.2103519066558198,-9.10561891639336e-05
0.8410041332244873,0.5679156707096401,0.00230526784906042,3.7666578139715914,0.0005550214768598073,0.21197646557153157,-9.164609064036289e-05
0.8420009613037109,0.5642382650393509,0.0022854254242331566,3.7422907309888274,0.0005475283352875072,0.21060588830772878,-9.095869978900439e-05
0.8430099487304688,0.5624045963778342,0.00228119527411587,3.7301193108907533,0.0005479272888819889,0.20992060706239998,-9.075850195697908e-05
0.8439722061157227,0.5673300348704386,0.0023028091362494894,3.7627851719830048,0.0005542689112150464,0.21175889080734808,-9.160428892401343e-05
0.8449680805206299,0.5639499773449618,0.002286361998216151,3.740384326585893,0.0005503683556919177,0.2104987801987349,-9.09859837448582e-05
0.8459975719451904,0.5680968907519414,0.0023067329436870796,3.7678881307037444,0.000556787635929969,0.2120466046224062,-9.168982908765017e-05
0.8470046520233154,0.5701743191095525,0.002315707860379352,3.7816572005321443,0.0005598390605702483,0.21282119186634688,-9.206975647044114e-05
0.8480544090270996,0.5653717667161228,0.0022972504129639107,3.7498088452904867,0.0005573473362208328,0.2110289931306879,-9.132930585846759e-05
0.8490488529205322,0.5688149539196953,0.002311843771174641,3.7726387966668105,0.0005592677416582638,0.21231358272677353,-9.184799929088389e-05
0.8500075340270996,0.5763814116888093,0.002340513529467143,3.8228287328540196,0.000565990954953535,0.21513831479577014,-9.30324707809598e-05
0.8510251045227051,0.5684706651920796,0.0023056231115695307,3.7703637952770275,0.0005582367249652816,0.21218582065026276,-9.173114561934335e-05
0.8520162105560303,0.5762092027502548,0.002339772759899446,3.821681579451427,0.000567026943456529,0.2150735978791327,-9.303483487157273e-05
0.8530056476593018,0.5683954777323602,0.002309545954065843,3.7698535985203603,0.0005585576811460559,0.2121567430272655,-9.180130573477839e-05
0.8540010452270508,0.5703214262676124,0.0023213190088219875,3.7826651641123767,0.000562688827264209,0.21287894136459778,-9.218324869036513e-05
0.8549954891204834,0.5712835529879198,0.0023225946837832313,3.7890256216509934,0.0005619485483174155,0.21323623022445257,-9.230818704390082e-05
0.8560152053833008,0.5717722116733707,0.0023233673881689508,3.7922561900115253,0.0005620366345700714,0.21341770642756636,-9.238988252796588e-05
0.8570027351379395,0.5720225993054711,0.002325337049340552,3.7939300209803113,0.0005632880787043965,0.2135123219766484,-9.241660975778999e-05
0.8580043315887451,0.5780011166885277,0.0023475962370169317,3.833579862414776,0.0005663944053950958,0.21574362852075626,-9.333895722367373e-05
0.8590130805969238,0.5809772913251183,0.002360915201944786,3.8533397083455108,0.000571351059413697,0.21685630783664953,-9.38587899529866e-05
0.8599798679351807,0.5649265987015184,0.0022940510942302066,3.746853883725475,0.0005537974807797989,0.21086262011051052,-9.123455639350858e-05
0.861020565032959,0.5627453868360366,0.0022873406677213107,3.73238145994845,0.0005530231642117087,0.2100479736573038,-9.091181100225602e-05
0.8620338439941406,0.567504183462407,0.0023043648358438682,3.7639411559718736,0.000555370316220564,0.21182397652211185,-9.15991869503636e-05
0.8630175590515137,0.5640287491740579,0.0022901156068065843,3.74090723424393,0.0005527275746603831,0.21052822247468547,-9.102905923286044e-05
0.8640124797821045,0.5623047064521353,0.002284423740781112,3.7294627692975792,0.0005530753539677932,0.20988384787701145,-9.080207925034709e-05
0.8649756908416748,0.567287316397491,0.0023043869396951896,3.762513951511759,0.000557073395155475,0.21174401119438369,-9.156503791575975e-05
0.8660223484039307,0.5639330948808375,0.0022909736677019215,3.7402904868515567,0.0005532571671078979,0.21049407437067155,-9.104649370704952e-05
0.8670058250427246,0.5680976399321265,0.0023061296154449048,3.7679023052873544,0.0005554921440114841,0.21204769444664204,-9.171707623703913e-05
0.8679869174957275,0.5760196871706273,0.0023383758818155335,3.8204496078257995,0.0005632221446723213,0.2150050588278647,-9.299676061167937e-05
0.8689982891082764,0.5741455365169876,0.002332877281857059,3.808021522544606,0.0005615923306550074,0.21430570863959536,-9.271382159424211e-05
0.8699984550476074,0.5673488599137906,0.0023032836618861415,3.762943615250288,0.0005543909069210629,0.2117688730623912,-9.157569664550471e-05
0.8709959983825684,0.5698076049832336,0.002314705848131438,3.779233398034754,0.0005588910410304526,0.21268505400160548,-9.198429982450931e-05
0.8720014095306396,0.5593398624624241,0.002269509035975359,3.7097766031589927,0.0005486044289388228,0.2087752682415699,-9.025385977021445e-05
0.8730065822601318,0.5657994056798975,0.002294922027923367,3.752634370222142,0.0005528143928881254,0.21118766445488743,-9.12562415769679e-05
0.8740072250366211,0.569030521557694,0.002313165843803651,3.7740631498383403,0.0005578601812737216,0.21239357060497793,-9.190058499784813e-05
0.8750081062316895,0.5706430301573363,0.002317170089329334,3.78475731120214,0.0005579551391706258,0.21299538507592936,-9.213709692872746e-05
0.8760144710540771,0.5655950038620778,0.0022974295017029263,3.751327762827566,0.0005538615172137229,0.21111568917643622,-9.136674175052234e-05
0.8770067691802979,0.5630749707924798,0.0022889345855793674,3.734611839471102,0.0005527155984039096,0.2101749027060954,-9.09652026909548e-05
0.8780193328857422,0.5559703843109782,0.0022544482449614487,3.6874806926463,0.0005421788846880898,0.20752216639005697,-8.967204087841707e-05
0.8790011405944824,0.5582812721616884,0.002262832644291257,3.7027997703664832,0.000544230553123487,0.2083840345240837,-9.00256914928921e-05
0.8800058364868164,0.5652859073542993,0.0022936754951437227,3.7492418112491146,0.000554032096411083,0.21099715911921643,-9.122051760596443e-05
0.8810334205627441,0.5687882364990625,0.0023080875751528103,3.7724628641250084,0.0005556566818671527,0.21230372216519897,-9.178509120463404e-05
0.8820102214813232,0.5763950948256567,0.0023383095080876447,3.82292020143684,0.0005618205589188086,0.2151434854481714,-9.296103812438582e-05
0.8830311298370361,0.5626453095813244,0.0022826590615589986,3.7317277687016346,0.0005485873299952189,0.2100115052960839,-9.079553443963586e-05
0.8839740753173828,0.5674606420433116,0.0023019621092457156,3.763666571450653,0.0005537527929224102,0.211808974201225,-9.15953247784891e-05
0.8850390911102295,0.569875946462723,0.002312297196581968,3.7796866462671606,0.0005563112220490973,0.2127105609022722,-9.198646283107011e-05
0.8860464096069336,0.5593890175127795,0.002268989909274306,3.710141679051117,0.0005461072699096531,0.20879705292800366,-9.029265755810659e-05
0.8869731426239014,0.5599963629843303,0.002272514811372818,3.71414756174935,0.0005461056663893925,0.20902178530608112,-9.039622714278367e-05
0.8879790306091309,0.5661253011955525,0.00229563633451063,3.754846885124348,0.0005499960000383317,0.21131379768184685,-9.130943632560377e-05
0.8889760971069336,0.5575012027599974,0.0022609800987070244,3.697644559748497,0.0005443770486113437,0.2080945025203104,-8.993946524198577e-05
0.8900260925292969,0.5648880160139217,0.00229590921755692,3.7466365077172545,0.000554735051597491,0.21085160885543666,-9.124541833450953e-05
0.8910071849822998,0.5568883751415831,0.002264701487005231,3.6935660283088723,0.0005483466034697086,0.2078645305350177,-8.997639194597937e-05
0.8919878005981445,0.5645763877704582,0.0022923246830020044,3.74458068762484,0.0005549063995403215,0.21073626303625387,-9.113586925861574e-05
0.8930068016052246,0.5625789985541643,0.002283285123908871,3.7313176691076393,0.0005520825319312808,0.2099893680189543,-9.078596819714583e-05
0.8940005302429199,0.5615838455349427,0.002278542444143901,3.72470071234794,0.0005493909369398703,0.20961645609960752,-9.063675282676286e-05
0.8950028419494629,0.5669283630850771,0.002298970042344737,3.7601245263019405,0.0005555177907981255,0.21160926535947971,-9.149028769143732e-05
0.8960118293762207,0.5754473538722306,0.002334233151798967,3.816632859459703,0.0005639613638145598,0.21478960357867008,-9.287279828124411e-05
0.8970119953155518,0.5797006777595183,0.0023501735980766604,3.844871061587285,0.0005669516891418865,0.2163796663213823,-9.354825026974053e-05
0.8980071544647217,0.5759691083941728,0.0023418643231822105,3.820160080687845,0.0005670305444525546,0.2149902219947586,-9.30904089601879e-05
0.8990037441253662,0.5682696438941658,0.0023140014574876844,3.7690844397597307,0.0005613231251881333,0.21211553247106357,-9.191892624561093e-05
0.8999898433685303,0.5702665032211639,0.0023171990074981174,3.782309344181258,0.0005585396833894039,0.21285918521059152,-9.212074228415681e-05
0.9010298252105713,0.5654247910660232,0.0022956137614614305,3.750174703235793,0.0005542119255710191,0.21105003256937058,-9.129045964213748e-05
0.9019985198974609,0.5688504080925196,0.0023116243231280265,3.7729360229534947,0.0005575069528063115,0.2123322792521395,-9.187549427459543e-05
0.9030265808105469,0.5705732929915477,0.002320612978908382,3.784334735017026,0.0005599745627990938,0.21297287107306787,-9.221540520901594e-05
0.9040446281433105,0.5772728049494773,0.0023478050557688914,3.828798266581775,0.0005668289573915946,0.21547608492688008,-9.32706145975998e-05
0.9050383567810059,0.5806272890421966,0.002361728581757386,3.851017993853289,0.0005722046123308946,0.21672563743286322,-9.38516277320808e-05
0.9060418605804443,0.5822938539369601,0.0023639839768487855,3.8620569642136995,0.0005709079412715019,0.21734642172233654,-9.40003474540859e-05
0.9070479869842529,0.5655883955327685,0.002296968666617597,3.751239033946494,0.0005542149571058444,0.2111092713807623,-9.13110758940673e-05
0.9079742431640625,0.5630910021773926,0.0022862982233960044,3.7346807154037887,0.0005521370759446613,0.2101775906567512,-9.093171975314145e-05
0.9090423583984375,0.5793845456772951,0.002352922583202409,3.8427312746821976,0.000568031131506782,0.2162578793608196,-9.357782402632153e-05
0.9100124835968018,0.5816766288672093,0.0023650403641453854,3.85793480649388,0.0005715814215832515,0.2171135360388169,-9.400712325947035e-05
0.911017656326294,0.5711283751439368,0.002319066158131067,3.787974881187636,0.0005591498765715495,0.21317641457368103,-9.224352772999191e-05
0.9119999408721924,0.5775514749666136,0.0023464379491779214,3.830566773419463,0.0005660208870087987,0.21557308130294942,-9.330866554172276e-05
0.9130260944366455,0.5749138402922089,0.0023344853817625615,3.813096102298399,0.0005643239478334106,0.21459062022239808,-9.286014046910735e-05
0.9140176773071289,0.5736069893013072,0.002331540961255212,3.8044215447668908,0.0005660327450716709,0.21410222034505566,-9.267654380315506e-05
0.9149997234344482,0.5729447708987022,0.0023303590652190274,3.80001679660471,0.0005654758924416071,0.21385393333441943,-9.257234339563408e-05
0.9159777164459229,0.5784472257553823,0.0023521182216708764,3.8365671494043445,0.0005699772229016411,0.2159126482734361,-9.346190353385669e-05
0.9170107841491699,0.5695118612323784,0.002317157986312289,3.7773366660311996,0.0005606184988492304,0.21258036604223285,-9.2056861150361e-05
0.9180417060852051,0.5650475267430018,0.0023021745057710034,3.7477037692890285,0.000558875828108954,0.21091196674023374,-9.14025067812603e-05
0.9190399646759033,0.5686685078291162,0.002315394645387399,3.7716964165510483,0.0005620384686741522,0.21226146544996122,-9.19434352381456e-05
0.919975757598877,0.5646300425163735,0.002293687493361852,3.7448874547492847,0.0005544379587229273,0.21075196973006854,-9.117217889091715e-05
0.9209742546081543,0.5684514234043394,0.0023068353406772,3.7702815498179048,0.0005579453229375391,0.21218263164737258,-9.17494770739417e-05
0.9220390319824219,0.5645108619982326,0.0022932299010607147,3.744182010405871,0.0005548995932845708,0.21071496614915386,-9.11261763998919e-05
0.9230184555053711,0.5625533560349258,0.0022870296048335286,3.7311685064360116,0.0005538048516545801,0.20998163696229144,-9.084362636797356e-05
0.9239728450775146,0.5674191291166817,0.002306461065955639,3.7634349548174875,0.0005592241827080215,0.21179732593581446,-9.166182229893523e-05
0.9250004291534424,0.5640051749251331,0.0022885729098597513,3.740816045572699,0.0005515599541387236,0.21052515789937581,-9.104287976653127e-05
0.926039457321167,0.5798391576291941,0.002354089570089156,3.8458177328778116,0.0005680966994083884,0.21643383733746174,-9.366343553656791e-05
0.9270415306091309,0.5760525716247966,0.0023408552397865246,3.8207183904453226,0.000565980054168404,0.2150217926474529,-9.305628751172572e-05
0.9279749393463135,0.5800166501549499,0.002357672539907211,3.846974655655205,0.0005716074057750052,0.21649830194899072,-9.371035863288738e-05
0.9290506839752197,0.5761561172475094,0.0023425246599682345,3.8213517771965404,0.0005689673152405569,0.2150557444240037,-9.310624003392594e-05
0.9300215244293213,0.5742165508313221,0.0023300398501521482,3.8084756894781187,0.0005644270647915678,0.21433073336200306,-9.268352703190121e-05
0.9310171604156494,0.579097599858858,0.0023487821345692726,3.840849438211912,0.0005651374761363808,0.2161526512644376,-9.34174170472408e-05
0.9320387840270996,0.5698486982905985,0.0023151965049856013,3.7794972525763333,0.0005588318730006064,0.21269962718468255,-9.203516479625441e-05
0.9329707622528076,0.5710740481411103,0.002317939776595472,3.7876289295374934,0.0005602665011147428,0.21315740102755287,-9.220810196271688e-05
0.9340415000915527,0.571686829579723,0.002321018300509911,3.791704713521124,0.0005607117670126136,0.21338714091197797,-9.229994601607406e-05
0.9349699020385742,0.5603082365470595,0.0022766971800710673,3.7162149891517973,0.0005498135367705432,0.20913810053986576,-9.050914619370123e-05
0.9360413551330566,0.5662957077926413,0.0023030444610741122,3.7559674558096416,0.0005550729740708906,0.2113765542429708,-9.150611677338285e-05
0.9369735717773438,0.5692852194486862,0.0023190424028082892,3.7758311197766323,0.0005627611903709332,0.2124955633154559,-9.206534490885992e-05
0.9380435943603516,0.5766281771006843,0.0023406393697873837,3.8245674939170233,0.0005654433902335745,0.21523940635602282,-9.308256960627143e-05
0.9390072822570801,0.5686113122285289,0.0023082781121142567,3.7713775714509548,0.000555967512582336,0.21224544128845,-9.174114690223495e-05
0.9400370121002197,0.5704416700283976,0.002315233532546848,3.7835305372935895,0.0005569340162029437,0.21292979518246244,-9.20159077520444e-05
0.9409964084625244,0.5655219062128408,0.0022975276413805257,3.750881595274744,0.0005554370425749582,0.21109180604793545,-9.128820757934721e-05
0.9420373439788818,0.568909643241839,0.002312502011995433,3.7733451366356228,0.0005601830050814083,0.2123558179392081,-9.18641364326301e-05
0.9430160522460938,0.5764368499530816,0.0023392849114253814,3.8232979614278175,0.0005649054738080888,0.21516794273996617,-9.300220742431865e-05
0.9439690113067627,0.5743561219530927,0.002330999811275954,3.809461865804751,0.000562888477500741,0.21438815136984446,-9.26837518140751e-05
0.944972038269043,0.5791671301339385,0.00234648332708353,3.8413596646681163,0.0005644076750803717,0.21618292195280445,-9.335602766561935e-05
0.9459707736968994,0.5942367498589761,0.002409386114412211,3.9413324629888877,0.0005816321554681476,0.2218098809482615,-9.586218545491245e-05
0.9469695091247559,0.5832540078667187,0.0023654415767110732,3.8685026355341985,0.0005713824787927615,0.2177116243601724,-9.409453055012571e-05
0.9479701519012451,0.5894568035198561,0.0023920740611510886,3.909666477647238,0.0005775114603163373,0.22002897473469632,-9.51291745727554e-05
0.9490504264831543,0.5867106984265545,0.002377871627875709,3.891419954635867,0.0005721365091304646,0.2190010611479609,-9.464691790421054e-05
0.950019121170044,0.5853473256420957,0.0023746000263673694,3.8823484158442336,0.0005718824889976605,0.21848961932692393,-9.444578186722646e-05
0.9510111808776855,0.5846612131831574,0.002377997199243422,3.8777676380405888,0.0005751463858771174,0.21823086886007903,-9.447410276824264e-05
0.952040433883667,0.5784780097256335,0.0023522712067469706,3.8367519645235726,0.0005685051591731719,0.2159224352371883,-9.347322401378811e-05
0.952996015548706,0.5812329462287242,0.0023629572786707763,3.855030571149792,0.0005722243331163796,0.21695131398694828,-9.39156391434501e-05
0.9540283679962158,0.582604715704073,0.0023699613112432884,3.864119569008353,0.0005758216861517742,0.21746252540671182,-9.417773971090812e-05
0.9550399780273438,0.5832762105164453,0.0023713059778467088,3.868634307239612,0.0005764264926891106,0.21771853980809677,-9.425842482677451e-05
0.9559781551361084,0.5777676284663092,0.002348136229792532,3.832131533204467,0.0005685179019235684,0.21566530129959396,-9.329986510972702e-05
0.9570407867431641,0.5750194601454602,0.0023367656969476153,3.8138742530494527,0.0005648579003973472,0.21463687520265542,-9.283536556976356e-05
0.9580361843109131,0.5794930863297858,0.00235429580200216,3.843506236810176,0.0005683232185353586,0.21630323916970529,-9.353469322105302e-05
0.9590423107147217,0.5758879219234863,0.0023392607519368037,3.8195627458372763,0.0005645540307597162,0.21495473831838632,-9.297150447842557e-05
0.9600398540496826,0.5740771212883946,0.002327910086209925,3.807542786332676,0.0005612277204537005,0.21427797411656457,-9.262139955192473e-05
0.9610323905944824,0.5790243891675959,0.0023469908520474007,3.840350403731259,0.0005643092100358041,0.21612413974296024,-9.337199965434835e-05
0.9620361328125,0.5814942764550717,0.0023552424264923,3.8567636705745763,0.0005640021427987696,0.21704884330726235,-9.36854653571855e-05
0.9630029201507568,0.5885798784037555,0.0023868822692110006,3.903756094489068,0.0005732944817208377,0.2196933663064632,-9.492255393576967e-05
0.9639978408813477,0.5921075322492605,0.0024001733195108377,3.927196247744853,0.0005774123555672977,0.2210138814839012,-9.548918639678571e-05
0.9650311470031738,0.5821886830476285,0.002361931534361683,3.861395620735958,0.0005673428404848374,0.217310351749627,-9.392703451982366e-05
0.9660422801971436,0.5889205088218299,0.0023919830896035727,3.906028571224611,0.0005770410777097334,0.21982167549528148,-9.506150536339888e-05
0.9670019149780273,0.5922876957127007,0.002405148272720309,3.928372402993877,0.0005821192562131144,0.22107947648148496,-9.567418799597792e-05
0.9680204391479492,0.5881328847065992,0.0023862503546287573,3.9007956676035986,0.000576383290367705,0.21952689581249893,-9.495182831343262e-05
0.9690415859222412,0.5860529865364938,0.0023772560481974694,3.887003494357469,0.0005724094876399197,0.21875079521444338,-9.459047336947056e-05
0.9700138568878174,0.5791631716927913,0.002347046318721928,3.8413049836493247,0.0005632712838920125,0.21617894303449292,-9.339932784894273e-05
0.9709959030151367,0.5815640160647683,0.0023604170215008797,3.857208981002992,0.0005676944563009725,0.217073357316082,-9.383057815428736e-05
0.9719727039337158,0.5827643691747848,0.0023650383354954316,3.865169852851642,0.0005687883835076026,0.21752135980175605,-9.403574956248565e-05
0.9729976654052734,0.577517166928828,0.0023450034749316353,3.83036765491503,0.0005658174588000443,0.21556277722038175,-9.32632115930036e-05
0.9740040302276611,0.5865902640665248,0.0023831027663573047,3.89058860582534,0.0005767805512401922,0.2189532416679406,-9.474032731935737e-05
0.9750092029571533,0.5852763053917996,0.0023793727450641114,3.881911373479557,0.000575165367822983,0.21846610218928442,-9.457575491164444e-05
0.9760212898254395,0.5846230433340552,0.002376002805866161,3.877559711209193,0.0005734145544585872,0.2182206023133514,-9.441216318375087e-05
0.9770114421844482,0.5843008100878122,0.0023715802950052874,3.8753879825443907,0.0005718806961060489,0.21809728796114006,-9.431772855122353e-05
0.9779977798461914,0.5841415631227781,0.0023686549641766357,3.8743207697646542,0.000571470421180818,0.2180368786555811,-9.425427135788128e-05
0.9790024757385254,0.5899122271777687,0.0023973368395227754,3.9125987534453377,0.0005773168821398805,0.22019119421572808,-9.526135859905755e-05
0.9799759387969971,0.5996165852525897,0.0024374491200306087,3.9769424759439773,0.0005876112289174724,0.2238116454250016,-9.68200013284407e-05
0.9809951782226562,0.5918004792620448,0.002401339070672315,3.92510168729399,0.000579547554411802,0.22089416396941364,-9.54985054887549e-05
0.9819939136505127,0.5937347809788764,0.002412524272745372,3.937940131101524,0.000583613680615451,0.2216169700328444,-9.588645626052552e-05
0.9829967021942139,0.5888619204533186,0.002393232108151383,3.905616061819884,0.000578350702790962,0.2197977016046729,-9.507602039293812e-05
0.9840114116668701,0.5922645877533532,0.0024066374703930558,3.9282040347477807,0.0005797275942575853,0.22106952243762362,-9.560525548523303e-05
0.9849746227264404,0.576423770647283,0.002337656444312194,3.823127580224039,0.0005612737888829987,0.21515570140155063,-9.295378274930998e-05
0.9860444068908691,0.5801994820373364,0.002348847648664,3.8481639085939454,0.0005631633621708022,0.21656448878214024,-9.348030983637863e-05
0.9870357513427734,0.5703877953672227,0.002317278832539414,3.783085038854647,0.000558549544640518,0.21290192651413986,-9.204783958981326e-05
0.987969160079956,0.5771643016757442,0.0023502664993346528,3.8280718824466873,0.000568895694490549,0.21543499216795417,-9.329216581305719e-05
0.989037036895752,0.580550163210735,0.0023622865741777105,3.850565400765334,0.000571424444791145,0.21670203666875737,-9.383767789343778e-05
0.9900250434875488,0.5822481629924334,0.0023701515476901823,3.8618178237248535,0.0005740397236162561,0.2173349907765205,-9.416139500122717e-05
0.9910252094268799,0.5772640897847664,0.0023471547500817994,3.8287216298003806,0.0005665324334487612,0.2154711745297731,-9.329333367321264e-05
0.9919989109039307,0.5864629003956833,0.0023859942048413615,3.8897289717532657,0.0005769031612025833,0.2189043913737662,-9.481699725156615e-05
0.9930083751678467,0.5793701894243672,0.0023581029238673693,3.842706147988909,0.0005709933983041297,0.21625868875850685,-9.371602395290594e-05
0.9940075874328613,0.581664116544142,0.0023663610681862023,3.8579119669582123,0.0005722846837800779,0.21711415874963239,-9.405363887653406e-05
0.9950098991394043,0.5886615664018323,0.0023883089682760427,3.904308942789886,0.0005752211241379816,0.21972482963522244,-9.501999125364853e-05
0.9959862232208252,0.5804634519404733,0.002353562560371499,3.8499154673523166,0.0005665180866247723,0.21666308656482702,-9.364640812881898e-05
0.9969968795776367,0.5822154819634737,0.002364741009261804,3.8615229403828706,0.0005709954328266569,0.21731591714050563,-9.400832367321875e-05
0.9979984760284424,0.5830996650730687,0.0023659014509163387,3.8673902247955914,0.0005707374836556961,0.21764620604819787,-9.412436035926383e-05
0.9989941120147705,0.577698468004884,0.0023437570033938006,3.8315591285381285,0.000564835283244609,0.21562948119619285,-9.319262809666254e-05
1.0000057220458984,0.5749893502389463,0.0023368777769507037,3.813605643782297,0.0005641634668483913,0.21461957279424665,-9.285470161617423e-05
1.0010061264038086,0.5677802382426885,0.0023091946309741437,3.7658198433311627,0.0005586885621113672,0.21193121900350748,-9.171638750054923e-05
1.0020484924316406,0.5758846703163312,0.002341993821387161,3.819556334451431,0.0005661612888160337,0.21495485826357,-9.301718534241106e-05
1.0030159950256348,0.5799291663941532,0.0023572414297666636,3.8463731685736833,0.0005706432160091945,0.21646377776986733,-9.368699416032856e-05
1.0040388107299805,0.5877983387711804,0.0023870746678405688,3.8985832637918647,0.0005768277864461596,0.21940259278599863,-9.493425507587433e-05
1.005030632019043,0.5858916051714023,0.0023826774784657654,3.885914313998692,0.0005759380466969844,0.21868890198628274,-9.464429287970834e-05
1.0060393810272217,0.5790916794513076,0.00235290800394481,3.840821407601513,0.0005694126259782014,0.21615143000069104,-9.351285071782833e-05
1.0070247650146484,0.581541367522937,0.0023629308107141083,3.8570633573829087,0.0005721689343453058,0.2170653073084141,-9.393602881837204e-05
1.007969856262207,0.5827545114274785,0.0023669041061019024,3.8651599003904313,0.0005715756859273624,0.21752255783448476,-9.41146301925319e-05
1.008974552154541,0.5833600266968495,0.0023723360934397807,3.869172984818222,0.0005753601133485496,0.217748308723411,-9.426138809097277e-05
1.0099678039550781,0.5778261500579728,0.0023484351489017645,3.832458460952387,0.0005680019232389248,0.21568175807911993,-9.33059022497979e-05
1.0109686851501465,0.593576210946398,0.0024136954026110456,3.9368936329093884,0.0005846989805486161,0.22155824129942497,-9.589461913206352e-05
1.0119693279266357,0.5887953313895038,0.002393522595646474,3.9051675324032535,0.0005790257858644135,0.2197722412727197,-9.51260590200828e-05
1.0129666328430176,0.586397663342678,0.002384414613514581,3.8892566616185236,0.0005762420838882457,0.21887655394446967,-9.476033636624088e-05
1.0140268802642822,0.5793439906256853,0.0023527654536714218,3.842543911441067,0.0005671836324103439,0.21624992428220105,-9.355055397881228e-05
1.015049695968628,0.594329161950983,0.002411838680321936,3.9419639015220307,0.0005823719510824507,0.22184600410072108,-9.593210058433665e-05
1.0159733295440674,0.5891559361516644,0.0023910118515333856,3.907616004778832,0.0005772982928463712,0.2199118355948583,-9.50939821679886e-05
1.0170423984527588,0.5865652097003485,0.002382017061921376,3.890402396442633,0.0005760651866583014,0.21894212670975208,-9.468846830016737e-05
1.0180437564849854,0.5852662855038158,0.0023746019312678307,3.881769001367628,0.0005721561403686953,0.2184556816941308,-9.440473790177068e-05
1.0190727710723877,0.5846238307333845,0.0023684077068919906,3.877495677249188,0.0005691064477962484,0.21821480164876597,-9.423492832138488e-05
1.019979476928711,0.5842986029578695,0.0023664593649083245,3.8753543871711913,0.0005694793338032121,0.21809479588593192,-9.420198733448506e-05
1.0209805965423584,0.5899922328000173,0.0023905795511934133,3.9131126717146225,0.0005747006289324291,0.22021958567960262,-9.511695812061232e-05
1.0220675468444824,0.5869902941781643,0.0023802477453861008,3.8931906398000344,0.0005715530586884499,0.21909805472452587,-9.466622262995167e-05
1.0230495929718018,0.5854952481699801,0.0023775147096659257,3.883259440359588,0.0005741766599782955,0.21853866648030917,-9.455493021239881e-05
1.0240485668182373,0.5905830885923,0.0023957478250761274,3.9170059936326918,0.0005778895587761817,0.22043788185648652,-9.529473131954997e-05
1.0250458717346191,0.5872839871592161,0.0023852981298268343,3.8951447421637497,0.000574778159819601,0.2192082226639846,-9.480714599222516e-05
1.0260050296783447,0.5797938450242941,0.0023558342829695677,3.8454763508039154,0.0005681814274647993,0.21641332963183116,-9.364565132058831e-05
1.0270421504974365,0.5877404915191567,0.0023916275554364333,3.8982219377649,0.0005798846012320943,0.21938296712923627,-9.500652406515606e-05
1.0279741287231445,0.5800170597481532,0.002359096340042317,3.8469874083491473,0.000571580740937167,0.21649933810432517,-9.375286175449825e-05
1.0290415287017822,0.5819947164735517,0.0023639065944545215,3.860112569855526,0.0005709990078301182,0.21723825356021503,-9.396803278338379e-05
1.030041217803955,0.5829834192836139,0.0023666334791298833,3.86667123361499,0.000570287300964402,0.2176073930821766,-9.407766555744573e-05
1.0309834480285645,0.5776285125715317,0.002346050339397969,3.831130203619271,0.0005663521559120852,0.215606454392772,-9.327159226915247e-05
1.0320355892181396,0.5866452102652276,0.00238572861178601,3.8909432781016555,0.0005770473010915214,0.21897289229136221,-9.480694077831393e-05
1.0330095291137695,0.5794665089800638,0.0023560648297318776,3.843294689887335,0.0005700291755325796,0.21629021479140476,-9.365111497497152e-05
1.0339725017547607,0.5875600149482522,0.002391235813004736,3.897019517684913,0.000581147202953912,0.21931512625886468,-9.500241309121545e-05
1.0350420475006104,0.5857708930552594,0.0023794692146177276,3.8851284109494073,0.0005758237057102842,0.21864514013853614,-9.458201309364e-05
1.035973072052002,0.5907290021290497,0.0024011350721517715,3.918000707926543,0.0005793428078451412,0.220494716714113,-9.538225588580853e-05
1.0370080471038818,0.5815174118545574,0.0023636960641968893,3.85690502919319,0.0005719702859900227,0.21705641480223725,-9.391593697639666e-05
1.0380427837371826,0.5827641255867009,0.002364756052889157,3.8651613832147085,0.0005715332653026014,0.21752066536806372,-9.405473233078884e-05
1.039038896560669,0.5833645378941121,0.00237484482999111,3.869212420799646,0.000576397786854713,0.21775083001824824,-9.426971880639744e-05
1.0399961471557617,0.5778185282295578,0.0023463206041668717,3.8324126591703584,0.0005659019863937922,0.21567933126691077,-9.32415990473763e-05
1.0409815311431885,0.5809031402758958,0.0023549106309430183,3.852845006445387,0.0005679940184540734,0.21682837546812378,-9.367848881165677e-05
1.0420396327972412,0.5883029850053791,0.00238637596383215,3.9019175169921914,0.0005743714947521199,0.21958982970747568,-9.492816486831264e-05
1.0429997444152832,0.5686061915657346,0.0023061574811573545,3.771336189678233,0.0005544367590528645,0.21224287708460973,-9.175154889689856e-05
1.043973445892334,0.5763050371363501,0.00233932189271873,3.822369978146251,0.0005632151436006804,0.21511401380830253,-9.305943509427046e-05
1.045046091079712,0.5801551836497305,0.002354899987476148,3.8478913242164317,0.0005680522555704488,0.21654982155696345,-9.365511999304544e-05
1.0460383892059326,0.5762285048675249,0.0023433208979117674,3.8218802023858833,0.0005697667309500179,0.21508701544123537,-9.311961727301295e-05
1.0470387935638428,0.5742617066064737,0.002335493945523919,3.808811579669397,0.0005673433134748072,0.21435079095308845,-9.279865809243787e-05
1.0480389595031738,0.5732793278884001,0.002328314019260138,3.802265721379023,0.0005624980912657638,0.21398144810210398,-9.255073240979237e-05
1.0490374565124512,0.5669493135136635,0.002301034100829251,3.760282214251047,0.0005563060289746807,0.21161873398314743,-9.152166530031333e-05
1.0499939918518066,0.5754831325338313,0.002334861124491701,3.8168920030727844,0.0005641735967356658,0.21480488041805454,-9.285762275111116e-05
1.0509674549102783,0.5738874541918255,0.002329038488965597,3.8063010406930697,0.000562599718128074,0.21420860640519163,-9.2606289385859e-05
1.0520381927490234,0.5730892437398772,0.0023288376011748406,3.8010461184214894,0.0005637870830157298,0.21391411665635846,-9.253566597684303e-05
1.0530030727386475,0.5726941315019725,0.0023258776628171485,3.79840830591725,0.0005614607760241738,0.21376512087628374,-9.245362608396251e-05
1.0540390014648438,0.5783378021037633,0.0023456675764577757,3.8358406734166466,0.0005656685244581209,0.21587174120729438,-9.330092048968753e-05
1.055039644241333,0.575317824677622,0.0023351341672866923,3.815789224565373,0.0005654057193010716,0.2147426165565973,-9.287401545576025e-05
1.0560405254364014,0.5679653042164121,0.002308957716868323,3.767019305493402,0.0005594627150074452,0.2119978336476908,-9.175092763268148e-05
1.0570440292358398,0.5818181536085838,0.002365157011341634,3.858961359718493,0.0005728025793705046,0.21717409575655147,-9.402841107614544e-05
1.0580408573150635,0.5770593215525041,0.002339848334380142,3.827370573527602,0.0005643054617557717,0.21539536459442005,-9.3121669279541e-05
1.0589797496795654,0.5863687453705877,0.0023822859566658824,3.8891269468088487,0.0005754234068930293,0.21887122334815223,-9.468681480387683e-05
1.0600345134735107,0.5910228058622193,0.0024003030849158455,3.9199977463510733,0.0005807370055449136,0.22060863948758885,-9.546538246673468e-05
1.0609722137451172,0.5816652755199644,0.002366389268180339,3.85792203074062,0.0005737035840106924,0.217114800386505,-9.398938889355756e-05
1.0619714260101318,0.5954942192162903,0.002421020971507547,3.9496341960907957,0.0005865118771651359,0.22227586200339597,-9.62081827098996e-05
1.062983512878418,0.5838908184547812,0.0023747551282850103,3.8726573270933193,0.000576659504983774,0.21794325219165953,-9.438814436109238e-05
1.0639762878417969,0.5780941804163285,0.002349767447405554,3.8342244603107343,0.0005694085324957995,0.2157807723089825,-9.339110345357423e-05
1.064969539642334,0.5693392894190106,0.0023166811117804583,3.776185394724522,0.0005611132445315427,0.21251536320918218,-9.202373333765461e-05
1.0660369396209717,0.5766634286382307,0.0023462345936795855,3.8247743133432537,0.0005692250992159413,0.21525018947603136,-9.320836554917553e-05
1.0670819282531738,0.5803113099284601,0.002360054272113826,3.8490183963097637,0.0005716664086233091,0.21661615483444724,-9.3789932943771e-05
1.0679872035980225,0.5821328198206928,0.00236677985299412,3.8611057683379912,0.0005738812112204128,0.21729659790296466,-9.407073563890895e-05
1.0690100193023682,0.5772048923948547,0.0023410653683418985,3.828414067280122,0.000564250386885643,0.2154565640322094,-9.31229769573432e-05
1.0700128078460693,0.5864322655461229,0.002377236662639596,3.8896130381998586,0.0005724130725616723,0.21890063474716023,-9.457998549344845e-05
1.0710175037384033,0.5978597884147965,0.0024219205431529585,3.965380730723542,0.0005835999715462155,0.22316384145007612,-9.641697036640273e-05
1.0720229148864746,0.5967542244876495,0.0024231987664563525,3.958056720465577,0.0005853665892725685,0.22275193918867583,-9.635871722013402e-05
1.0730156898498535,0.578654121449692,0.0023478754050842254,3.8379754196366447,0.0005647937877431072,0.21599304549635126,-9.338859481142737e-05
1.0740103721618652,0.5754660321480884,0.0023385158236035853,3.8167844189055424,0.000563022128170311,0.21479901132655463,-9.292634419043833e-05
1.0750017166137695,0.5797240218142627,0.0023523850469907774,3.845008797113248,0.0005648981920313492,0.21638687586751104,-9.356001008991066e-05
1.075974702835083,0.5818575288198193,0.0023595707816739123,3.859191322037325,0.0005676736584849093,0.21718604813079817,-9.388764460609211e-05
1.077012300491333,0.588772326998144,0.002389582849375052,3.905041842545947,0.0005745266160884327,0.21976602095160577,-9.503520677885982e-05
1.0780081748962402,0.5863866210553397,0.002384797917030295,3.889203120421288,0.0005741095465041103,0.21887416593197812,-9.469949836554872e-05
1.0790460109710693,0.5793383319952302,0.002355935330548208,3.842444578518232,0.0005695887936382473,0.21624237350387587,-9.360898115031715e-05
1.080017328262329,0.5816587314570322,0.002362471971159028,3.8578166297746828,0.0005717452771413053,0.21710690191777332,-9.392872288529737e-05
1.0810253620147705,0.582825007013805,0.002367222902109358,3.865552386819718,0.0005706252922608986,0.2175422645113214,-9.410217083102356e-05
1.0820457935333252,0.5834020094565846,0.002370742237928847,3.8694327026472553,0.0005724833573407049,0.2177623309417123,-9.424148808959059e-05
1.0830206871032715,0.5836927739795239,0.0023706316067540886,3.8713941999921517,0.0005717957891732154,0.21787376588896773,-9.427209506258986e-05
1.0839781761169434,0.583838035367741,0.002370444274003741,3.8723334740983653,0.0005708387476789416,0.2179258590971316,-9.428390334504921e-05
1.08504056930542,0.5780638546897771,0.0023500768062425428,3.8340642256479316,0.0005677070586287356,0.21577305240637182,-9.341794881891882e-05
1.0860378742218018,0.5810263361609946,0.002359095177842753,3.8537056450567064,0.0005675805101560834,0.21687819154632249,-9.382836251673279e-05
1.086996078491211,0.576660264078691,0.0023401751425715955,3.8247559035938816,0.0005631153254130532,0.21524923553107495,-9.310735159042306e-05
1.0880420207977295,0.5744793538231466,0.0023320977786670835,3.8102734126835687,0.0005640215057705453,0.21443363941188653,-9.276117698893829e-05
1.0890417098999023,0.5792265437788247,0.0023525033896600405,3.8417911659479334,0.000568683677272379,0.21620839330801575,-9.354073070422234e-05
1.0900115966796875,0.5816058156076184,0.0023635433411910442,3.8575566713235037,0.0005717914039843003,0.21709515915907304,-9.39204711074339e-05
1.0910251140594482,0.5827895181024746,0.0023695816718807446,3.865421837913742,0.0005756525490288204,0.21753824263100233,-9.416272441676419e-05
1.0919723510742188,0.5716871766982957,0.0023215510533616305,3.7918127213603774,0.0005614583728029469,0.213396572522531,-9.22961848241769e-05
1.0930194854736328,0.5719856093446072,0.0023218798313189926,3.79374805084855,0.0005617018780010952,0.21350409124919395,-9.232993497343373e-05
1.0940072536468506,0.5838163145562962,0.0023683497815860923,3.872243950903133,0.0005715338631794463,0.21792255092288013,-9.417657493719341e-05
1.0950217247009277,0.5780513426186341,0.0023447139890996724,3.833946269556059,0.0005648260961849779,0.21576530480694275,-9.325772860104125e-05
1.0960164070129395,0.5810210434626881,0.002363962321613041,3.8536216545402504,0.0005741394666567102,0.216871913510844,-9.394924507135468e-05
1.0970072746276855,0.5766588568537651,0.0023476912592915035,3.82468509190425,0.000571729029837107,0.21524329965710912,-9.328949312719265e-05
1.0980017185211182,0.5861594534894918,0.0023832250042729376,3.8877270570521354,0.0005766100072547651,0.2187920679997548,-9.470551919406674e-05
1.0989975929260254,0.5850715285715674,0.002376811619887649,3.880516523906333,0.0005743778072740748,0.21838644043502423,-9.445842571952629e-05
1.0999751091003418,0.5845258126597896,0.002373901974463861,3.8769153060518025,0.0005735320724164268,0.21818435183071558,-9.438192313198157e-05
1.1010022163391113,0.5784045371208187,0.0023522458822086197,3.8363430454645306,0.0005701714449075709,0.21590190881707347,-9.344208932419781e-05
1.1020267009735107,0.5812005880136095,0.002361736882893545,3.8548740611945833,0.0005717679027115268,0.21694434926914893,-9.385685805045014e-05
1.10300874710083,0.5767528830735852,0.002344773627057096,3.8253547844944884,0.0005679885266482103,0.21528244977992886,-9.315272174876586e-05
1.1040213108062744,0.5803691861141836,0.0023630309328120146,3.8493584802182195,0.0005716887972743901,0.21663390532199106,-9.377941985270047e-05
1.1050145626068115,0.5704773821858662,0.0023172164364581734,3.783749904048618,0.000558610269153961,0.21294158552590095,-9.211740102342637e-05
1.1060049533843994,0.5772229580923574,0.002344703881779173,3.8285028972031356,0.0005653384747439539,0.21546058017167932,-9.318805749153018e-05
1.1070072650909424,0.5747496531358175,0.002333343598241307,3.8121045436117234,0.0005612039751007312,0.2145379083829399,-9.274516792581828e-05
1.1079769134521484,0.5852128901820786,0.0023753251900060063,3.8814688430049187,0.0005708837522456179,0.2184405023171407,-9.444997875560154e-05
1.1089978218078613,0.584597208358358,0.002376457326497223,3.8773429072432766,0.0005731808059504372,0.21820695929677197,-9.443539015361422e-05
1.1100060939788818,0.5784349731599616,0.0023541009371098615,3.8365004617167564,0.0005707599442143353,0.21590935775490072,-9.349733115598777e-05
1.1110010147094727,0.5812039168476361,0.002362507508615182,3.8548582084927503,0.0005723791130364955,0.21694225381648044,-9.38887502029736e-05
1.1119866371154785,0.5767458535525856,0.0023427132694479134,3.8252677687138843,0.0005652657571724314,0.21527627156479084,-9.313989830554038e-05
1.1130261421203613,0.5745166052900863,0.002331215451777518,3.8104773690263385,0.0005619608020913051,0.21444375004058583,-9.27518035951077e-05
1.114034652709961,0.579257225576613,0.0023478378732865227,3.8419045696633844,0.0005659574765369033,0.21621191737750567,-9.346042140906088e-05
1.115006685256958,0.5874683597765236,0.0023837886801789786,3.8964232748180936,0.0005747458752928496,0.21928194139637852,-9.482969816676157e-05
1.1159777641296387,0.5857276572092289,0.002375461346927144,3.8848569175482908,0.0005718852196821137,0.21863034572895726,-9.450534373342106e-05
1.1170005798339844,0.584860045093651,0.0023721939166085567,3.8790824844037592,0.0005724447873030541,0.21830474100021716,-9.436845114755947e-05
1.1180009841918945,0.5902747098212073,0.0023961080321559278,3.9149693591807173,0.0005784490153288815,0.220323540913026,-9.527089160787156e-05
1.118999719619751,0.5812854782803674,0.0023554854338412924,3.855335987827507,0.0005668268727904952,0.21696713804717258,-9.373106407308985e-05
1.1200084686279297,0.576791861674291,0.0023368077250348193,3.8255446151199752,0.0005624169041626489,0.21529095387685881,-9.29981464130896e-05
1.1210036277770996,0.5862303399001254,0.002376329202788905,3.8881857161243447,0.0005709871260311967,0.21881751570235297,-9.451522498090973e-05
1.1220002174377441,0.5850928657857453,0.0023768007897382003,3.880686853790215,0.0005726739610094963,0.2183969403203211,-9.444409364012084e-05
1.1230459213256836,0.5786756370087293,0.002350337269880246,3.838161866341795,0.0005686238079766963,0.21600492564511367,-9.344461195413523e-05
1.1240413188934326,0.5813286122595769,0.0023612173294426993,3.8557366764097796,0.0005723804014827738,0.21699332296807589,-9.387709398012216e-05
1.12503981590271,0.588499956760105,0.0023927717915642912,3.9032686030406283,0.0005802421369304401,0.21966728215146328,-9.507249701938728e-05
1.1259715557098389,0.5862401626453062,0.002383102230323292,3.888238816270671,0.0005768422458731074,0.2188201215864818,-9.466643024408946e-05
1.1269710063934326,0.5792662659870815,0.002350227943377032,3.841979483438069,0.0005663734044968088,0.21621660784180097,-9.343536888137849e-05
1.1279726028442383,0.5816323479788493,0.0023617068668450557,3.8577011233484586,0.0005717019730961512,0.21710228839574222,-9.3899293961866e-05
1.1289780139923096,0.5769744171075206,0.0023425662318660658,3.826846250810893,0.0005653399354406823,0.21536708817786981,-9.314609034285315e-05
1.1300127506256104,0.574653699372556,0.002336266547550472,3.811436254731168,0.0005647645802202214,0.2144992874154785,-9.282582858278552e-05
1.13104248046875,0.5793124197543017,0.0023515312010952212,3.8423453593643466,0.0005682256243848572,0.21623909399205488,-9.354351506407568e-05
1.1319763660430908,0.5816441427710376,0.00236139784022395,3.857793817776994,0.0005704855966748311,0.2171079639894614,-9.391914498839799e-05
1.1330277919769287,0.5769573951740389,0.0023448120837150175,3.826731268412158,0.0005649767390077709,0.21536055135390783,-9.316984720835122e-05
1.1339983940124512,0.58046753473399,0.0023586773839610366,3.8499803840134175,0.0005684730140495759,0.2166679403560577,-9.371176227755444e-05
1.1350371837615967,0.5880652664186004,0.0023949523953914467,3.900356361990928,0.0005795637874170009,0.21950246408525947,-9.506536235817821e-05
1.1359755992889404,0.5801692876071652,0.002362643250994343,3.8479998262413364,0.000571551946931673,0.21655640242076127,-9.376923645204146e-05
1.1370298862457275,0.5820763155067976,0.0023688751838174343,3.8606333287505588,0.0005725013150758482,0.21726691206913445,-9.407836343488992e-05
1.138038158416748,0.5830185672403038,0.002370898341083072,3.866919115395184,0.0005727204734213743,0.21762181152646978,-9.421952343549569e-05
1.1390361785888672,0.5893454081440676,0.0023960066991210133,3.9089134149581213,0.0005777388182090253,0.21998614307078423,-9.519059129195732e-05
1.1399707794189453,0.586669357548392,0.002380440468036689,3.8911291913402097,0.0005735725579674701,0.21898417212664112,-9.466542637979775e-05
1.1409897804260254,0.5911677596597861,0.0023985130284343873,3.920985605866049,0.0005789456376084718,0.22066507293379214,-9.541567866513656e-05
1.1420445442199707,0.5875684973229187,0.002383284368397592,3.8971233027384744,0.000574216908617877,0.21932247492818988,-9.483140919631877e-05
1.143014907836914,0.585771968939512,0.00238212396843811,3.885206343988037,0.0005765994639707579,0.2186517719456768,-9.468225624063014e-05
1.1439735889434814,0.5975371102559534,0.0024327228851536487,3.9632170873093906,0.0005889611428687949,0.22304133246213753,-9.662114809578678e-05
1.1450445652008057,0.5907574690260694,0.0024044504544414136,3.9182137288550942,0.0005832783654431764,0.22050747284666386,-9.551333125444471e-05
1.1459667682647705,0.5932057330240248,0.0024146081752902584,3.934484274430355,0.0005879410509303361,0.22142416599551878,-9.59193416463024e-05
1.1470386981964111,0.5885853105539061,0.002392406652292617,3.903867731942864,0.0005801430065685824,0.21970204703296595,-9.507052981389673e-05
1.1479709148406982,0.5862770320934793,0.0023821161560937357,3.888578413601406,0.0005763878899880917,0.21884224878401437,-9.467146042733573e-05
1.1490058898925781,0.5909672732045486,0.0023995516606263173,3.919697551617279,0.0005811730243601374,0.2205939063443467,-9.540587514241365e-05
1.150005578994751,0.5874822512452185,0.0023831630000907414,3.896543580562542,0.0005759924996596273,0.21928960535910955,-9.478759441883578e-05
1.151036262512207,0.5857405107379494,0.002374730688659464,3.884990742835736,0.000573160754724032,0.2186394177630255,-9.449984180408048e-05
1.1520140171051025,0.5975345862622641,0.0024227422032600528,3.9631839992845816,0.0005838389902725456,0.2230389516723131,-9.642005456158247e-05
1.1530108451843262,0.5966010038711175,0.0024183981571120963,3.957007904780155,0.0005800822756185631,0.22269188133971962,-9.623401150315336e-05
1.1539998054504395,0.5902767741135063,0.002393793618417845,3.915101358707041,0.0005757097930816828,0.22033472269167542,-9.52477716124991e-05
1.1549961566925049,0.5754248816688143,0.002335742553121387,3.816606907508316,0.000564120618881108,0.214792048053313,-9.28873681540468e-05
1.1559925079345703,0.5796970937712596,0.002352552651666185,3.844896875156617,0.0005672931367657999,0.21638269212044747,-9.357758938704866e-05
1.1570098400115967,0.5818329746803017,0.0023624814874405264,3.859080651500896,0.000570286361787553,0.21718147520436157,-9.395282165326616e-05
1.1579968929290771,0.5770567780059842,0.002340850225861651,3.8274105135089025,0.0005645707318426463,0.21539941453045658,-9.310751089202293e-05
1.1590368747711182,0.5746749210359484,0.0023315285577254702,3.811619857815074,0.0005629155276137137,0.2145109793319491,-9.273186844451582e-05
1.1600391864776611,0.5793261124163115,0.0023519768571352434,3.84248266382768,0.0005677727588791005,0.21624829593991618,-9.353946443394409e-05
1.161003589630127,0.5816606439921194,0.0023627075478130644,3.857911036096746,0.0005699703556891408,0.2171148074972171,-9.394463618713466e-05
1.162036418914795,0.5769700352056143,0.002345290870338768,3.8268312614128517,0.0005673106956615694,0.21536669098596314,-9.325843222039896e-05
1.1630189418792725,0.5687854829641389,0.0023082169892607324,3.7725523019689002,0.0005568956060386523,0.21231217187852944,-9.182764440810451e-05
1.1639962196350098,0.5822297278123721,0.002362424193438898,3.86173890678929,0.0005682053771245835,0.2173319250328517,-9.393932786477391e-05
1.1650347709655762,0.5831166807468019,0.0023711315575836106,3.8676200862901995,0.0005755610013469634,0.21766285355347764,-9.422083731535638e-05
1.1660254001617432,0.5777206558766063,0.002346811650762348,3.831785968502054,0.0005668800435836176,0.21564477474462335,-9.327131764118036e-05
1.167037010192871,0.580855923038536,0.0023594846620266256,3.8525774332803797,0.0005697081369558765,0.2168147636441146,-9.378966700583948e-05
1.1679983139038086,0.5824120599745666,0.002365149244082366,3.8629281283280816,0.0005707911068554954,0.21739821370641482,-9.401381163426224e-05
1.1690402030944824,0.5832005187408639,0.0023704163809114085,3.868175568873354,0.000573121089467288,0.21769409674150192,-9.421229355348909e-05
1.1699962615966797,0.5777486748578646,0.0023487802005996883,3.8319621707799643,0.0005682602381914588,0.21565438531278405,-9.333139722472264e-05
1.1710124015808105,0.5935331696549901,0.00241103478483046,3.9366553287605015,0.0005848802277784979,0.22154632620055884,-9.585620808086573e-05
1.171983242034912,0.5829143488056922,0.002372188848824607,3.866213333013943,0.0005766101050543179,0.21758162987214205,-9.42354948421666e-05
1.173011302947998,0.5834467957473171,0.002371168728123163,3.869770222199012,0.0005744428949440438,0.21778260943068686,-9.423057429980611e-05
1.1739976406097412,0.5837036074405687,0.002367942550194155,3.8714863324042543,0.0005702461257193102,0.2178795941971768,-9.417864878103977e-05
1.1749935150146484,0.5965041963683315,0.002425923995683697,3.956400668088325,0.000586862048612993,0.22265881254125938,-9.63872119529517e-05
1.176011085510254,0.5902341944625967,0.0023982535750939143,3.9148203473888765,0.0005794961939024358,0.22031895232622878,-9.532634646746518e-05
1.1770002841949463,0.5871001572073593,0.002386664676960119,3.8940270690314627,0.0005772894815287626,0.21914854505246403,-9.484612716051349e-05
1.1779990196228027,0.579696914086556,0.002354133861774896,3.844920935663056,0.0005677907827169391,0.21638484729099625,-9.362834935400779e-05
1.179002046585083,0.5818394673734724,0.002359596299591208,3.8591488658653628,0.000568869603521835,0.21718611196471468,-9.390965044758842e-05
1.179983139038086,0.5829199834634331,0.002363796667079536,3.866305371319004,0.0005708630662820926,0.21758854380249448,-9.407679513894518e-05
1.1810102462768555,0.5834582496124315,0.0023669521402432774,3.8698360055484664,0.0005713882664498029,0.21778598853478812,-9.415444132918823e-05
1.1820085048675537,0.5837245697215518,0.0023700635697836325,3.871632767304656,0.0005715042914070547,0.21788806999917057,-9.422733789384435e-05
1.1830048561096191,0.578018853015933,0.0023483721916392054,3.833751088544239,0.0005681189772587034,0.21575496454115367,-9.3359058075298e-05
1.1840054988861084,0.5810096848007309,0.0023585669886664828,3.85357524856718,0.0005709118596060491,0.21687021968344572,-9.379323918753457e-05
1.185011386871338,0.576660102901918,0.0023449799236595842,3.8247324778013474,0.0005690479718146993,0.21524720762921282,-9.316078278545093e-05
1.185973882675171,0.5803244416674909,0.0023585504444162565,3.8490520238766606,0.0005693296859439782,0.21661635134578278,-9.37077040437084e-05
1.1869785785675049,0.5821535290389868,0.002363471220315891,3.8611851531533845,0.0005698120487616744,0.21729922680690206,-9.399416711002429e-05
1.187972068786621,0.5830644972370477,0.002371336425632447,3.8672154233737417,0.0005747894741189445,0.21763822271537966,-9.42641638319702e-05
1.1889703273773193,0.577671670596099,0.0023512691620366922,3.8314723050343678,0.00056984060757419,0.21562747880659605,-9.339783446332044e-05
1.1899690628051758,0.5808197598425756,0.002360171617641639,3.852352577360868,0.0005699946651419881,0.21680258508401398,-9.378975270077103e-05
1.1909887790679932,0.5882423333700222,0.00238517630536083,3.9015995267350196,0.0005743666305015474,0.21957460758870287,-9.490448124007844e-05
1.192054271697998,0.5861016723821022,0.0023775109442082856,3.8874185933526824,0.0005735780448440492,0.21877708031510565,-9.45645509068722e-05
1.1930410861968994,0.5850384531807838,0.0023769489162746398,3.8803752342633295,0.0005752097740046015,0.21838096591271983,-9.447246490189264e-05
1.1940383911132812,0.584518345419971,0.0023740991658074643,3.8769110251190413,0.0005749351982865376,0.2181855460477349,-9.440724839929837e-05
1.1950385570526123,0.5784086242421351,0.0023518103210665438,3.8363894826170584,0.0005692654862833835,0.21590513544016263,-9.342197242151217e-05
1.195976734161377,0.5811977863124861,0.002365527123220585,3.854899428754355,0.0005745419182719687,0.2169471710360303,-9.392464019909185e-05
1.1969759464263916,0.5825830946926025,0.0023697745042421106,3.8640836215264747,0.0005748122374646766,0.21746391120479858,-9.416408688498266e-05
1.1980037689208984,0.5832776405896662,0.002371861634825004,3.8686882692376203,0.0005744952908950628,0.21772298785304434,-9.426858337512193e-05
1.1989996433258057,0.5894725058690178,0.002399089972694344,3.9097947062210654,0.0005813136324472285,0.22003695508160545,-9.532682273169739e-05
1.200000524520874,0.5808791344958615,0.002357510043488716,3.852818835876725,0.0005668765269855828,0.21683112355724485,-9.378133625839529e-05
1.2010118961334229,0.5824384429452892,0.0023676162323056226,3.8631312931338657,0.0005726136214819642,0.21741054115555675,-9.411751978358516e-05
1.202010154724121,0.5832184993862534,0.0023713609045405274,3.8682995924098105,0.0005726682136031136,0.2177012277993558,-9.423948978729791e-05
1.2029998302459717,0.5777669392136903,0.0023486156010357803,3.8321476905456735,0.0005664040131666756,0.21566686844545452,-9.331350301045728e-05
1.2039768695831299,0.5867300257430256,0.0023812171628888215,3.891556284635293,0.0005739762903833705,0.21900899173091276,-9.471740165306478e-05
1.2050068378448486,0.5911988227992343,0.00239981657253965,3.9211945945691724,0.0005788578835755679,0.22067692835282618,-9.544520692314066e-05
1.205998182296753,0.5875877800788025,0.0023855352158709364,3.8972652500574902,0.0005752215014395445,0.21933090925544046,-9.484175355616877e-05
1.2070062160491943,0.598453837440233,0.002430093251856299,3.969340396106911,0.000587878581610669,0.22338730408877341,-9.66216879123632e-05
1.2079980373382568,0.5970590972648288,0.002424251276811022,3.9600917909949778,0.0005854356956057178,0.22286688023263443,-9.634073377557874e-05
1.2090051174163818,0.5905158629499158,0.0024017630441377853,3.916703265876961,0.0005823523261805652,0.22042538601506279,-9.536596890251744e-05
1.2100045680999756,0.5872540283417945,0.002384467932050802,3.895020303911654,0.0005773242290697491,0.21920357504535065,-9.48357549715098e-05
1.2110040187835693,0.5856251396091965,0.002378450801120013,3.884189432099307,0.0005732616412616783,0.21859317676005993,-9.457201062589926e-05
1.2119855880737305,0.5848116107464008,0.0023730007820867995,3.8787738867177666,0.0005685059322428327,0.21828777553471862,-9.432409206960037e-05
1.2130169868469238,0.5843944608040079,0.0023740001076012485,3.8760409529235735,0.0005731589283202868,0.21813504526895305,-9.434319633545336e-05
1.2140185832977295,0.5783348097796035,0.002346591524089631,3.835888370854347,0.0005657447353948755,0.21587656822953127,-9.330374430756397e-05
1.2149970531463623,0.5869997007643054,0.0023874235503753083,3.8933853168151114,0.0005776730331442309,0.2191132069374573,-9.481281814909253e-05
1.2159969806671143,0.5796382449781661,0.002358252578385875,3.8445531837136784,0.0005710310314725774,0.2163648290499015,-9.364391691285308e-05
1.2170019149780273,0.587652778721393,0.002389068523238419,3.8977079555505663,0.0005795574096060886,0.21935619134734827,-9.492180160577653e-05
1.2180018424987793,0.5916538364204348,0.0024036835163374274,3.924263204746357,0.0005828502634818403,0.22085123091174158,-9.558126164494729e-05
1.2189984321594238,0.6004851982301246,0.002438046461654194,3.9828383130139198,0.000588184937997229,0.22414772277870054,-9.693019335348927e-05
1.219994068145752,0.5863822580607108,0.0023796260146618903,3.8892974045261433,0.0005725466449915222,0.21888338072424338,-9.460158786880965e-05
1.2210054397583008,0.5793375839294519,0.0023528942943307016,3.842519118785025,0.0005688730439996515,0.2162490903049299,-9.355430103558756e-05
1.2220466136932373,0.5875018700243547,0.002386806889344213,3.8966711281077746,0.0005767284310492005,0.21929670190983352,-9.487796866404385e-05
1.2230370044708252,0.5798983493130195,0.002359034744135788,3.8462406124956465,0.0005724598635426307,0.21645859664709874,-9.374048638412122e-05
1.223973035812378,0.5945996681664676,0.0024173602274178505,3.94378422019206,0.0005859015259999966,0.22194927756055052,-9.608481642129039e-05
1.2250044345855713,0.5951290921033997,0.002421185488106258,3.9472943112292214,0.0005871247865755066,0.22214677484463274,-9.620189885967295e-05
1.226036548614502,0.5895533755570965,0.0023940501036897746,3.9103117622705277,0.0005786260682206669,0.22006544100084768,-9.521038042767884e-05
1.227027416229248,0.5809242477490308,0.0023580282926492233,3.8530336480225214,0.0005698132542838123,0.21684053489038008,-9.378232332773135e-05
1.2279691696166992,0.5824470370179758,0.0023635738274831266,3.863161681258621,0.0005693357586365757,0.21741140725737437,-9.397485810676756e-05
1.229020595550537,0.5832171580868906,0.0023699310583196833,3.868261595693502,0.0005747619333529416,0.2176981659629683,-9.418213314311517e-05
1.2300376892089844,0.5836114439882291,0.002372746636335483,3.8708634134032276,0.0005757622399343929,0.21784416818302282,-9.430463445488834e-05
1.23103666305542,0.5896525360742368,0.002400247757745375,3.9109437961822673,0.000583597097755387,0.22010019645140985,-9.533144199939075e-05
1.2319762706756592,0.5926725728843634,0.002410415348672626,3.9309489929224872,0.0005840294475630777,0.2212252383506953,-9.579360365104966e-05
1.233039140701294,0.5883287842162781,0.0023899508079160124,3.902157287639834,0.0005783596475671572,0.21960550112692473,-9.502893321130512e-05
1.2340362071990967,0.5920083952967955,0.002400740116615068,3.9265944980460863,0.0005775648799209496,0.2209817859576758,-9.548817423418908e-05
1.235037088394165,0.5880028110751014,0.002385344531052834,3.9000361952111318,0.0005752427047889873,0.21948742983357936,-9.489649258592772e-05
1.2359707355499268,0.5859993468769046,0.0023770856628847915,3.886733669050522,0.000573872019606478,0.2187383361979345,-9.456785464439844e-05
1.2370350360870361,0.5849868038988887,0.0023728233324966826,3.8800515944240956,0.0005710536567779909,0.21836335283617705,-9.436327025607725e-05
1.2380428314208984,0.5971510103498249,0.002424534334141076,3.9606928336034195,0.0005858837417871899,0.22290043338961021,-9.641610554871864e-05
1.2390379905700684,0.590561220349066,0.0023992997931142806,3.916996720532791,0.0005809367193267934,0.22044166677524427,-9.538461716375734e-05
1.2399704456329346,0.5931168171030017,0.002410773734855632,3.9339307233300436,0.0005843958098522093,0.2213941615901697,-9.581062977730922e-05
1.241029977798462,0.5827035980357154,0.0023654524145587568,3.864827450347158,0.0005715153376749062,0.21750401431579716,-9.408655781295099e-05
1.2420380115509033,0.5833420264634377,0.002370619221964418,3.869071976822515,0.0005720456199789681,0.21774320753665688,-9.423961277744713e-05
1.2430367469787598,0.5836654472792044,0.0023702153412999763,3.8712346553271395,0.0005708622644927409,0.2178654756019757,-9.42203472507218e-05
1.2440390586853027,0.5779726521147867,0.0023430370784679423,3.833506869296182,0.0005631365267101125,0.21574319415084733,-9.32257916333279e-05
1.245039463043213,0.575133637968876,0.002329955353766629,3.8146824224181386,0.0005606001875400361,0.21468397109665374,-9.272762629564036e-05
1.245997428894043,0.5795628458704459,0.002352407733289677,3.844072226092827,0.0005679671483286092,0.21633836870469747,-9.352694418250121e-05
1.2470359802246094,0.5876153513284349,0.0023898301696798877,3.8974883272114775,0.000580232195499519,0.21934473872157445,-9.498283936085731e-05
1.2480390071868896,0.5799518208208775,0.0023566643168300297,3.846608471268186,0.0005714397963538643,0.2164797177616553,-9.369587788610119e-05
1.2490406036376953,0.5819629891693354,0.002367871714217293,3.8599321698993343,0.0005754529603368595,0.21722905351361468,-9.408337270447133e-05
1.2499699592590332,0.5829614517128121,0.002371808882951787,3.8665561967509525,0.0005749110644326807,0.2176018915884347,-9.425388597210394e-05
1.2509715557098389,0.5834493680053896,0.0023741636375822707,3.869808751307655,0.0005760468990877965,0.21778545879380642,-9.431627649139137e-05
1.251971960067749,0.5778571347756848,0.002349913637859513,3.832691554886255,0.0005689226701066192,0.2156957511420372,-9.335451877296278e-05
1.252988338470459,0.5809096896541694,0.0023570838379934336,3.852965357962644,0.0005694994086998394,0.2168375883737677,-9.373873660171401e-05
1.2540309429168701,0.5882964936174699,0.0023899775540799062,3.901919628874073,0.0005788877830095714,0.21959138103417966,-9.503544674883899e-05
1.2550342082977295,0.5919847742537538,0.0024042646164896273,3.926368850601655,0.0005799746421339677,0.22096689880391338,-9.557869576751076e-05
1.2560083866119385,0.5879779901017651,0.00238733708419981,3.899774295277105,0.0005749953426049583,0.21946960514915953,-9.492505918282267e-05
1.257012128829956,0.5859756638340614,0.0023817180843686567,3.8864809683627737,0.0005760593889586585,0.21872108150428213,-9.468339698293447e-05
1.2579989433288574,0.5849772694743074,0.0023750060517721515,3.879896669871635,0.0005734110268249421,0.21835172535822317,-9.447347440337997e-05
1.259004831314087,0.5844805864695314,0.0023764321852426163,3.8765835077979283,0.0005751479869342804,0.21816466913885504,-9.447456675677388e-05
1.259986162185669,0.5783877013421187,0.0023542504277743095,3.8361971068460288,0.0005690385674096335,0.215892608736515,-9.349813859291177e-05
1.261014461517334,0.5870283755638628,0.0023858801997751825,3.893538492864776,0.0005749892626740512,0.21912065342460404,-9.483771644444854e-05
1.2620079517364502,0.5855091094777192,0.0023785162618733344,3.883461729861555,0.0005741120994414833,0.21855355159713183,-9.460191843915243e-05
1.2629995346069336,0.5847497766641035,0.0023801431039852127,3.878437871596612,0.0005764465483670655,0.21827121561358473,-9.457121274482904e-05
1.2640047073364258,0.5902205133496098,0.002399618368401068,3.914685388988831,0.0005788876770696232,0.2203099546550925,-9.536703080779564e-05
1.2649993896484375,0.587105151673753,0.002387757206296941,3.894031902824371,0.0005776087165738719,0.2191479196041648,-9.491107061554318e-05
1.265995740890503,0.5797011150424587,0.0023565878811870958,3.8449503549650763,0.0005694099826175698,0.21638655227764114,-9.369520741652253e-05
1.2669706344604492,0.5876942284071537,0.0023842695606052697,3.8979477394087017,0.0005733781464445699,0.2193685716946255,-9.484966947639454e-05
1.2679731845855713,0.5858408154283989,0.0023773333961260366,3.8856645330169446,0.000573531513566941,0.21867760730293134,-9.458923469545693e-05
1.2690186500549316,0.5849033627849393,0.002374853164183456,3.879464180367562,0.000573922217843036,0.21832921618592338,-9.446085706842437e-05
1.2700166702270508,0.5844351364208719,0.0023752457514181814,3.876361075036974,0.0005737810575472759,0.21815465784071078,-9.44278692355969e-05
1.2710378170013428,0.5783663249561587,0.002349320299280846,3.8361005839595976,0.0005674088843677159,0.21588861215986319,-9.339733348521209e-05
1.272007942199707,0.5811815319090996,0.002358910317611622,3.8547438270358665,0.0005700071663071054,0.21693689807357455,-9.381009573045061e-05
1.2730133533477783,0.5767322755390004,0.0023417258944898123,3.825237963774647,0.000563313597987647,0.215276505723689,-9.308281032659437e-05
1.274015188217163,0.5862038267570586,0.0023806618122923845,3.888083128527608,0.0005735622615904818,0.21881406634786693,-9.462274821088807e-05
1.2750158309936523,0.5792543225059245,0.0023519937406234455,3.8419952421560506,0.0005666444657199783,0.2162205075666631,-9.35448877210907e-05
1.275986909866333,0.5757804928265274,0.0023381592214496826,3.8189573286808676,0.0005644338246936535,0.21492406459059119,-9.302306336368463e-05
1.2770040035247803,0.5857364320542854,0.0023746072129871565,3.8849681246672683,0.0005692800628831725,0.2186382859537262,-9.452504432433504e-05
1.277998924255371,0.5848655916256692,0.0023751298941084237,3.87914583243385,0.0005702612893644592,0.2183091490896406,-9.443328929953582e-05
1.279001235961914,0.5902798194344917,0.0024007166482899107,3.915029262780582,0.0005808147077396937,0.2203277373696142,-9.543109861791416e-05
1.2799835205078125,0.5929848461786942,0.002409218216363841,3.932953778804986,0.0005833566135823593,0.22133595716789767,-9.579759149559764e-05
1.2810161113739014,0.5826453746533059,0.0023664269482625137,3.864422621264749,0.0005707635316134035,0.21748063974510065,-9.405817835919978e-05
1.282047986984253,0.5833119231220625,0.002371174213783848,3.86888168493201,0.0005730931522063263,0.21773279553128644,-9.421489358022977e-05
1.2830438613891602,0.5895001423117908,0.002396432215282144,3.9099386774745164,0.0005803617293268632,0.22004380977916022,-9.52553132792832e-05
1.2839703559875488,0.5867481299386561,0.0023844792922062576,3.8916952220115504,0.0005764653688393143,0.21901740901597855,-9.48043177447898e-05
1.2850072383880615,0.5912147560796583,0.002403401267439805,3.921357385618626,0.0005800246020963286,0.22068790170031768,-9.55405564159917e-05
1.2860021591186523,0.5876076729847465,0.0023890911281293278,3.897438220931897,0.0005759370887375526,0.219341945364141,-9.495361430271342e-05
1.287001371383667,0.579965295985,0.0023544577049066555,3.8467014902376597,0.0005646812474808101,0.21648506892997935,-9.359171892781666e-05
1.288038969039917,0.5946466436828504,0.0024097674259965333,3.9440949142283293,0.0005776584933594319,0.22196673546090728,-9.587050768591931e-05
1.2890400886535645,0.5893200675814382,0.002389308798725612,3.9087740201432095,0.0005748038461341243,0.2199792078739535,-9.503115207370654e-05
1.2900292873382568,0.5925011257611282,0.0024053305962778867,3.929867788655241,0.0005790845450211694,0.2211661651224241,-9.563265646048392e-05
1.2910120487213135,0.5940871582256982,0.0024121647239462797,3.9404039136884657,0.00058169898862238,0.2217596428735831,-9.593585385774546e-05
1.2919702529907227,0.6017053954774509,0.0024444239416668468,3.990932038430085,0.0005911550403992927,0.2246032410677841,-9.717439293447589e-05
1.2930378913879395,0.5928472428645647,0.002406946424137416,3.9321684042408664,0.0005810984371674609,0.22129579606651512,-9.57422813603804e-05
1.2940361499786377,0.5884196321107705,0.002388665708763923,3.90280592146959,0.0005751930692524596,0.21964346678714824,-9.500351414973643e-05
1.2950365543365479,0.5862048687371265,0.0023807559669746826,3.8881088259985592,0.0005738097106931984,0.2188161084577256,-9.464660274792303e-05
1.2960381507873535,0.5909403140593836,0.002399630568460648,3.9194916243504307,0.0005798002055441896,0.2205814571197794,-9.541154942868783e-05
1.2970023155212402,0.5932960080706822,0.0024069571017602785,3.9351349310064405,0.0005810178587832182,0.22146243021028963,-9.573389587928867e-05
1.2980117797851562,0.5886321424631363,0.002390321995435805,3.9042009829971773,0.0005764545034796051,0.21972151999141784,-9.501159076303618e-05
1.2990086078643799,0.5746137000993335,0.00233352785481029,3.8112397533599442,0.0005632906398905436,0.21449041111058703,-9.279521611808202e-05
1.3000190258026123,0.5734544164711016,0.0023292789560095425,3.803519869721915,0.000560111716833849,0.21405497483853442,-9.259433903896434e-05
1.3009812831878662,0.5787188024857676,0.002349412445484901,3.838442807658263,0.000566108884657896,0.21602056670400643,-9.341184106858986e-05
1.3019990921020508,0.5813473289488215,0.0023616556913401516,3.855898696577497,0.0005704022552581946,0.21700364303670908,-9.385577477277029e-05
1.3029990196228027,0.5768219733292991,0.0023449611909829348,3.825884933265884,0.0005668292669241322,0.21531456643950378,-9.31374979007446e-05
1.3039970397949219,0.5804049018109054,0.002361045916917503,3.8496501712907643,0.0005713744674312743,0.21665205944759802,-9.373627288026188e-05
1.3050036430358887,0.5763503907790952,0.00234014019414628,3.822748930325424,0.0005660754800830839,0.21513781891128805,-9.306562300432698e-05
1.3059990406036377,0.5801617680539958,0.002355250525012135,3.8480241146224308,0.0005694866259775876,0.21656012160156496,-9.366812987313595e-05
1.3070147037506104,0.587915681205494,0.002384966756346852,3.899428998971232,0.0005748014733465634,0.21945232874349965,-9.484706180261901e-05
1.3079700469970703,0.5917884521764252,0.0024010887893254423,3.925135130928052,0.0005794640159695952,0.2208996375069892,-9.547900568486249e-05
1.3089768886566162,0.5878827863187912,0.002387469966211081,3.8992303829664556,0.0005768426483747612,0.2194417715394506,-9.49232656511881e-05
1.3099751472473145,0.5917825353358003,0.002400769311972969,3.9250866935547735,0.0005797710781361157,0.22089661984477352,-9.550507879661893e-05
1.3109688758850098,0.5820410041208791,0.002365547168216343,3.8604886445314004,0.0005720010208142382,0.21726160918385629,-9.403330357721145e-05
1.3120059967041016,0.5888694860025453,0.0023910697906495996,3.9057332324289598,0.0005763117213144239,0.2198064208868238,-9.507865506864645e-05
1.3130509853363037,0.5864332591719024,0.0023823357109571683,3.8895609076841415,0.0005766390613484785,0.21889583802012483,-9.474664193780549e-05
1.3140368461608887,0.5852117117052358,0.0023800093334302077,3.881470867727487,0.0005773047634147514,0.218440927959245,-9.463106195500194e-05
1.3150372505187988,0.5904377787680942,0.0024042495627876978,3.916174146384785,0.0005829334664067728,0.2203952524633996,-9.551134881200651e-05
1.3159725666046143,0.593047080716201,0.0024167730404814247,3.93347261672641,0.0005877504298167174,0.22136852074227756,-9.598158758704586e-05
1.3170368671417236,0.5884961198269537,0.002395472398236329,3.9033026471842653,0.0005809701156674842,0.2196710853966988,-9.518219575406163e-05
1.3179945945739746,0.5989013423519725,0.0024320311336166528,3.9723054145622925,0.0005881748494395515,0.223554070706926,-9.674026937223479e-05
1.3190298080444336,0.5855985286750343,0.0023781676623464954,3.884085605777343,0.000574639671062527,0.21858963879031415,-9.458522281737758e-05
1.320042371749878,0.5906458020355511,0.0024006433175308046,3.917559718564547,0.0005788045154648065,0.2204734149558137,-9.54164541600781e-05
1.3210315704345703,0.593169904571548,0.0024141926782831726,3.934290207361958,0.0005847359988044089,0.22141462676194731,-9.59123887788379e-05
1.322038173675537,0.5885804530542191,0.002392791109914986,3.9038539560923233,0.00057949218546785,0.21970185686549867,-9.510516305725476e-05
1.3230385780334473,0.568756754478432,0.0023129340448246162,3.7723903823681986,0.0005591026587628265,0.21230396752747172,-9.187221820299258e-05
1.324038028717041,0.5763872383951298,0.002344398613513133,3.822992777788229,0.0005668642760325154,0.21515152496002415,-9.314321629345663e-05
1.3250389099121094,0.5801916988735774,0.002355705784509545,3.8482223545636836,0.0005691531722449733,0.21657126934317117,-9.367588090236655e-05
1.3260376453399658,0.5879369286978652,0.002390078800651473,3.899591813696167,0.0005786379009445139,0.21946218583720553,-9.500285269134879e-05
1.327038288116455,0.5918112679727864,0.002409360426728226,3.9252879244158487,0.0005852954122765045,0.2209082827386536,-9.570826043844883e-05
1.3279955387115479,0.5879008142258733,0.002396326485649358,3.8993506597492735,0.00058245583360285,0.21944856278035224,-9.510990371067204e-05
1.329045057296753,0.591793706039641,0.0024089218002621825,3.9251802353375833,0.0005826920938454726,0.2209025014589468,-9.562844249444727e-05
1.3299729824066162,0.5820428035506647,0.0023623928226003646,3.8605008284533135,0.0005681870619486091,0.2172623030350493,-9.390147577110519e-05
1.3310139179229736,0.5830093849971036,0.002366592246923109,3.8669187505333245,0.0005712507683436781,0.2176237112584434,-9.408954868334084e-05
1.3319711685180664,0.5893401374064214,0.0023928773665289746,3.908912121424292,0.0005789076227037764,0.21998713785430582,-9.511058687833009e-05
1.3330390453338623,0.5925170416970451,0.00241150495858575,3.92997579252226,0.0005851372241274518,0.2211723204562503,-9.577560497122184e-05
1.334036111831665,0.5882582790207872,0.002395730849145837,3.901724960650062,0.0005807443324979319,0.2195822908066826,-9.509855377445776e-05
1.3350026607513428,0.5802716359797653,0.0023590023894186304,3.8487502317370383,0.0005717536495364996,0.21660090368882157,-9.373482873694508e-05
1.3360414505004883,0.5947905981412497,0.0024167165884407824,3.945058260699435,0.0005866478017016351,0.22202122132370408,-9.604908519799864e-05
1.3370404243469238,0.5952298303259997,0.002417328143843966,3.947966369631686,0.0005837201447889902,0.22218472082782528,-9.605988426491133e-05
1.3379967212677002,0.5896050174582781,0.0023861310465524773,3.9106562973990635,0.0005716912298643706,0.2200848949307756,-9.499909869752352e-05
1.339038372039795,0.5926309460543541,0.002400709475775398,3.9307154549861028,0.0005755337860045333,0.2212134456527317,-9.555097209136334e-05
1.3400390148162842,0.6009728590060565,0.002434257931332749,3.9860583457859224,0.0005828404331000366,0.224328482136562,-9.691876220858661e-05
1.3409976959228516,0.5924735684725642,0.0024034189520824455,3.929701559964895,0.000579040605883884,0.2211573349022616,-9.563861673429542e-05
1.3420357704162598,0.5882281384434576,0.002389470081164013,3.9015320133522735,0.0005778577594025701,0.2195716528970776,-9.501060409248866e-05
1.3430228233337402,0.5861075257978305,0.0023809901960788163,3.8874706905106318,0.000575924629937648,0.21878043326216023,-9.464888851902513e-05
1.343970537185669,0.590878904655732,0.0024005458655720503,3.9191292578253702,0.0005824353174500455,0.22056248915145138,-9.543272045424886e-05
1.3450374603271484,0.5815721399427208,0.0023638021318935763,3.85737787060879,0.0005712213474373695,0.2170865101501046,-9.391448601682858e-05
1.3460354804992676,0.5769157841978843,0.0023429687590974997,3.826510518122013,0.0005658773361015286,0.21534988005384648,-9.311715555029561e-05
1.3470280170440674,0.5745973185814235,0.00232983240375532,3.811131911116107,0.0005621545115895766,0.2144843675596041,-9.269002647690641e-05
1.3479738235473633,0.5851407590435108,0.0023742221370241052,3.881044118643311,0.0005729757726368174,0.2184183026418307,-9.44374691937581e-05
1.3490417003631592,0.5845615834770234,0.00237379234721596,3.8772118514305,0.0005724375089094402,0.21820292176105538,-9.438279616436196e-05
1.3500335216522217,0.5901171680695572,0.0023968312591522256,3.9140459341833798,0.0005776926566889054,0.220275426454026,-9.526876630431985e-05
1.3510282039642334,0.5870561768426895,0.0023833205937480056,3.893720508437026,0.0005749201555684215,0.2191308212514574,-9.475515233197091e-05
1.3520374298095703,0.5855293077166785,0.0023758683658699382,3.883581850444349,0.0005756579514752087,0.21855987214428943,-9.451261081001152e-05
1.3530442714691162,0.5789247204211103,0.0023478679856418667,3.839780009554204,0.0005663001470119937,0.21609491519620297,-9.337924427464011e-05
1.3540163040161133,0.5814632768447159,0.002362327374719938,3.856622222835997,0.000570995841999164,0.2170429178642547,-9.389740085270632e-05
1.355036735534668,0.5827318483080002,0.002363999792710198,3.8650511407878496,0.0005711669652432648,0.21751775515572183,-9.405536408543883e-05
1.3560421466827393,0.5960299614861585,0.0024195419313717,3.9532508371857804,0.0005848893431596444,0.22248140625903434,-9.625128134725329e-05
1.3570375442504883,0.584158610703129,0.002374258828088165,3.8745303078729627,0.000574952491039985,0.21805173116318194,-9.438182246411238e-05
1.3580372333526611,0.5967390191109496,0.0024257407605288725,3.9579907596116444,0.0005860378948455205,0.22274933394485527,-9.640888999352379e-05
1.3590292930603027,0.5903541585544847,0.002400683329233015,3.915632141349747,0.0005807012281136653,0.22036514975578358,-9.540000927773822e-05
1.3599708080291748,0.593011079579219,0.002407655695986571,3.93324978653489,0.0005812173722422121,0.22135648647351236,-9.578463886053544e-05
1.3609719276428223,0.5884887630051923,0.0023883980797904337,3.9032933736108024,0.0005753819664958296,0.21967181737099922,-9.50338910974722e-05
1.3619685173034668,0.5988979430531823,0.0024284534529194256,3.9723384012817364,0.0005825420898440606,0.2235576891987761,-9.660579557686639e-05
1.3629765510559082,0.5797541851919079,0.002351364645298776,3.845345706317494,0.0005662661662273983,0.21641017726319156,-9.35514558313595e-05
1.3639841079711914,0.5760322688342249,0.002339017239846074,3.820647744564526,0.0005656314185785444,0.21501984740678975,-9.305733538837383e-05
1.3649790287017822,0.5800141394941639,0.0023570647675054466,3.8470494374236908,0.0005690113302319259,0.21650541124608072,-9.371277384461987e-05
1.3660001754760742,0.5819973100500042,0.002366300808852667,3.860208092945721,0.0005711030837004865,0.21724611403707336,-9.405205857982254e-05
1.3670506477355957,0.5829976347583607,0.0023666825241242,3.8668453788741877,0.0005704687420629113,0.2176197268811832,-9.412901516789582e-05
1.3679838180541992,0.5776433922823059,0.002343104438361952,3.831342834025715,0.0005640720278868378,0.21562203524244786,-9.32047542869352e-05
1.3690500259399414,0.5808169937392557,0.0023596789505293766,3.8523789806269306,0.0005701780138941056,0.21680549047609454,-9.382460593527399e-05
1.3700134754180908,0.5765544772432338,0.002344734494048271,3.8241096406839996,0.0005673162368568435,0.2152146217910761,-9.316572270902977e-05
1.371025562286377,0.5744175373900245,0.0023339771250142347,3.80992803320535,0.0005640923061954138,0.21441625234363937,-9.276271924159876e-05
1.3719735145568848,0.5850395439849152,0.002376899390312843,3.8803763246188114,0.0005755821887554513,0.21838083230439662,-9.448131490514549e-05
1.3730182647705078,0.5845042762568287,0.002372717240890581,3.8768335052859175,0.000573140166426712,0.21818168456707082,-9.439150415336569e-05
1.3740079402923584,0.5783925779045698,0.0023479153465829007,3.8362815446822442,0.0005674629279389961,0.2158990129727585,-9.337443829593879e-05
1.3750107288360596,0.5811794973713941,0.002362704386674173,3.8547774444763068,0.000571496050992063,0.21694028455181613,-9.390757880167748e-05
1.3760294914245605,0.5825765189632334,0.002368966212958325,3.8640491106562274,0.0005710270015967996,0.2174622582113749,-9.40858108851256e-05
1.377023458480835,0.5891257133390658,0.002393796306153077,3.9074717354425874,0.0005773789595891063,0.2199054989701614,-9.513061345977303e-05
1.3780126571655273,0.5865425259139645,0.0023818795109840697,3.8903585043399644,0.0005773200103103857,0.21894303668289775,-9.473157399329548e-05
1.379019021987915,0.5979235246067014,0.0024318267339384805,3.9658139103242767,0.0005889714024391516,0.22318855120675302,-9.662101644721093e-05
1.3799903392791748,0.5909513240257385,0.002402636016829839,3.9195670162747263,0.0005802599050348224,0.22058577528460022,-9.544552682739568e-05
1.3810036182403564,0.5874731359873193,0.0023879457102566975,3.8965054526210556,0.0005783962054005545,0.21928816797229544,-9.493055566283706e-05
1.38200044631958,0.598407738857945,0.002430640036877702,3.9690253661547743,0.000587773576250302,0.223369280642377,-9.664411788663603e-05
1.3830087184906006,0.5970471587926781,0.00242741493890188,3.960007989175175,0.0005871929656153517,0.22286201750159923,-9.647314764247254e-05
1.3840503692626953,0.5963615310193716,0.0024215747481243946,3.9554639205843394,0.0005837477532125557,0.22260639563125,-9.628315991395378e-05
1.3850390911102295,0.6028342995723686,0.0024500458238386467,3.998416702022114,0.0005920567398053972,0.22502437020043095,-9.739313049410668e-05
1.3860406875610352,0.5992573324188468,0.0024329124430260383,3.974673374484776,0.0005864374948618947,0.22368755111329322,-9.676592013261404e-05
1.3869998455047607,0.5857760813617244,0.0023800392093107944,3.8852477693646295,0.000573407448136426,0.21865455236889986,-9.461940148702296e-05
1.387974500656128,0.5790452464359991,0.0023500722568423386,3.8406000394192144,0.0005655262195139556,0.21614171936479515,-9.346389603941406e-05
1.3890478610992432,0.5873657890014395,0.0023813150664045817,3.895835351086603,0.0005727240619136768,0.21925178509176463,-9.473998776423872e-05
1.390028715133667,0.5915387156098091,0.0023938857906348914,3.923489873722165,0.0005746079296447801,0.22080739954830686,-9.531384865903778e-05
1.3910305500030518,0.5936160793562578,0.0024056294381808404,3.9372566240922002,0.0005793048109649532,0.22158179628232424,-9.573092675618618e-05
1.3919754028320312,0.5946562757247754,0.00241204878065147,3.9441691430898675,0.000582110085765712,0.22197124063742085,-9.595169061896962e-05
1.3930408954620361,0.5834864544230297,0.002372595874382881,3.8700677880929266,0.0005749197825722025,0.21780045106911586,-9.4285589320579e-05
1.394040822982788,0.5779010133537015,0.002349534597389921,3.833023091108327,0.0005701042972404391,0.2157156940848819,-9.337548042742948e-05
1.3950014114379883,0.5809604858138111,0.0023598355933961237,3.8533070455945597,0.0005717022734217737,0.21685696928917136,-9.381237140099759e-05
1.3959715366363525,0.5766419348346171,0.0023423185268439846,3.824659416092599,0.0005666608385093259,0.21524460086327366,-9.309799316408513e-05
1.3969969749450684,0.5861721860541755,0.0023791336972625683,3.8878680500590685,0.0005743469270065492,0.21880179643525918,-9.461779134653716e-05
1.3980391025543213,0.5909186662960676,0.0024001719434994426,3.9193771858383863,0.0005801790084645948,0.22057594118677476,-9.54688696609083e-05
1.3990013599395752,0.5874553619029732,0.002384522341902165,3.8963915010739067,0.0005746452047652766,0.21928188012722186,-9.483480366136966e-05
1.400010585784912,0.5857206154535389,0.0023790961353703168,3.884887544882136,0.000574969566154309,0.21863452242150988,-9.45535879528661e-05
1.4010059833526611,0.5848578373525357,0.0023774943012518936,3.8791566313094203,0.0005757406977870302,0.21831173043282712,-9.444670372667957e-05
1.4020040035247803,0.5844271630974248,0.0023787003625982345,3.8762959642340795,0.0005763175930068082,0.21815060564921002,-9.445313468721585e-05
1.4029960632324219,0.5842120610751513,0.0023771217680571915,3.8748766143205122,0.000575097943386466,0.2180709603649146,-9.442543815486502e-05
1.4040000438690186,0.5782591167496154,0.0023520732730637358,3.835396371981778,0.0005701691583902314,0.21584919796328014,-9.348510762578295e-05
1.4049973487854004,0.5811279573925637,0.0023638398607544395,3.8544356478849515,0.0005711498662777999,0.21692105059812475,-9.391409670747091e-05
1.4059953689575195,0.5825660607343001,0.002373925363225318,3.863979768602388,0.000573433564422626,0.21745835657378143,-9.421721738667944e-05
1.4070301055908203,0.5959528499777347,0.00242335620301423,3.9527538517441276,0.0005845932261285641,0.22245389613284497,-9.62873732507631e-05
1.4080085754394531,0.595820401212216,0.0024195480655520656,3.951886380371552,0.0005828914004631237,0.2224054258196024,-9.62009313244391e-05
1.4090569019317627,0.5840513875301114,0.002377173843949208,3.873822245697747,0.0005744920225470122,0.21801198175597103,-9.437686020568932e-05
1.4100136756896973,0.5898623462835714,0.0024016886687629733,3.9123813856850704,0.0005807987997384799,0.2201825607214846,-9.530622620496758e-05
1.4109976291656494,0.5869195155722542,0.002384661195619551,3.8928520095106043,0.0005757867496887946,0.2190831468956094,-9.474953621716096e-05
1.411973237991333,0.5796149470578671,0.0023515343451347274,3.844354424872698,0.0005672756923638852,0.21635224011718343,-9.352599873853458e-05
1.4129736423492432,0.594478995483564,0.002412553716150683,3.942945454893019,0.0005818678181703171,0.2219008559412403,-9.591397744992661e-05
1.413970947265625,0.583396859501155,0.002369670992592811,3.8694563966528466,0.0005708739573777598,0.2177654997092597,-9.416502593737012e-05
1.415018081665039,0.5895442447054714,0.002396082050213464,3.910249578722096,0.0005797421560621475,0.22006188998289847,-9.5263332505926e-05
1.4159770011901855,0.5867691021295737,0.0023849515696091565,3.8918434701080953,0.000575971547303517,0.21902604242165166,-9.476059125781874e-05
1.4170470237731934,0.5912219687534205,0.002399060210354499,3.9213685585869076,0.0005786465631747214,0.220687367259494,-9.540934574675965e-05
1.4180052280426025,0.5876025808281733,0.0023826465815520266,3.8973766633524853,0.0005756897101373389,0.21933759928598573,-9.478848665671584e-05
1.4190375804901123,0.591635136474698,0.0023986905923335956,3.9241305490921334,0.0005775954413322378,0.22084349201396677,-9.53900210016744e-05
1.419973373413086,0.5819585852788435,0.002362035901233443,3.8599619435164074,0.0005692418311371232,0.21723260052655907,-9.392404398707729e-05
1.421025276184082,0.5829710809507005,0.0023698320600073217,3.866665161262623,0.0005741888037017612,0.2176094544334113,-9.418936465165788e-05
1.42203950881958,0.5834725919551272,0.002370326661989788,3.8699947885672725,0.0005731050918007703,0.217796943839839,-9.422543843622993e-05
1.4230365753173828,0.5837217627096009,0.0023712744551888554,3.8716397168268957,0.0005726580604568803,0.21788927208840875,-9.42727733583633e-05
1.4239718914031982,0.5838493851255597,0.002376696139991377,3.872482299594121,0.0005752663839861865,0.2179365676860974,-9.437653511421202e-05
1.4250383377075195,0.5839225313696486,0.0023753140495860413,3.872965526477176,0.0005738527467579201,0.21796370175857685,-9.432853807344761e-05
1.4260649681091309,0.5839607608181445,0.0023722682377275567,3.873227479575578,0.0005731553072357968,0.21797871001795963,-9.427003061298241e-05
1.4270501136779785,0.5898235741346936,0.0023984227443075382,3.912108438434228,0.0005801275965285755,0.22016669884717857,-9.528030688324395e-05
1.4279780387878418,0.5869092812194154,0.002386075531713426,3.89277629483911,0.0005761564415171102,0.219078637377011,-9.476539471253614e-05
1.429044246673584,0.5912969367477112,0.002402794460304259,3.9218767927880664,0.0005819601738580255,0.2207163184618811,-9.549184399378318e-05
1.429969310760498,0.5934899709782756,0.002405402338129306,3.9364122912243977,0.0005801423758280897,0.2215340280852401,-9.572643152658245e-05
1.4310212135314941,0.5828971309955109,0.002366569100913428,3.866148727665503,0.0005698314486300639,0.21757956767046086,-9.407079083273491e-05
1.4320268630981445,0.5892921269711594,0.0023921522614875944,3.9085618919483087,0.0005767486036937729,0.2199664192573502,-9.510897614814598e-05
1.4330427646636963,0.5924741515158237,0.0024091532434412214,3.929707091101025,0.0005833200602872497,0.22115769889214973,-9.570451021176435e-05
1.4340369701385498,0.5823772570018863,0.002366107229249441,3.8627195401024768,0.0005727702276153154,0.21738718031106247,-9.40506131028326e-05
1.4350368976593018,0.5890217846492672,0.0023932676542802607,3.9067720166347386,0.0005805753763117335,0.21986578988038627,-9.51478726135153e-05
1.4359979629516602,0.5864960483906041,0.0023794815106260815,3.8900168018541272,0.00057622579692736,0.2189227457081062,-9.467191398329263e-05
1.4370453357696533,0.591089887539863,0.002402503462550007,3.920494155808571,0.0005816974021715267,0.2206382096034594,-9.545603819281584e-05
1.4380462169647217,0.5933837814100311,0.002411631480415757,3.935690564150366,0.0005827451722158004,0.22149285853531128,-9.582752651384517e-05
1.4390406608581543,0.588684209433618,0.0023953199341671025,3.904510980826781,0.0005812520834890577,0.2197378446492087,-9.517719530462977e-05
1.4399724006652832,0.5804880305996281,0.0023618296496713824,3.8501569490205427,0.0005728751656502815,0.21667916540030485,-9.384872728343098e-05
1.4409706592559814,0.5822285759470687,0.0023709367884426464,3.8617458971309073,0.0005761022247826763,0.21733278218517596,-9.41369253553697e-05
1.4420008659362793,0.588951820225501,0.002394313426534351,3.9063332675777276,0.0005809309631613805,0.21984190052596428,-9.515029090772374e-05
1.4429702758789062,0.5923099586079708,0.0024041329237636266,3.9286165508880466,0.0005811632168277931,0.2210962774475765,-9.56125147310455e-05
1.444037675857544,0.5939948948016137,0.0024080698588127246,3.93978438723531,0.0005813638180248379,0.2217245365383586,-9.583863301040626e-05
1.445040225982666,0.5948306680831198,0.002415590906205592,3.9453111309825273,0.000583695649672126,0.22203504346527217,-9.602925823756208e-05
1.4459974765777588,0.5894022382281645,0.0023929966208156724,3.9092852820582253,0.0005777097398782761,0.22000691011688417,-9.512710080972313e-05
1.4470384120941162,0.5925296002131774,0.002407165213281126,3.9300490713486913,0.0005844340493625879,0.22117612644653273,-9.56957945775651e-05
1.447974681854248,0.5941020394347957,0.0024116577847034812,3.9404797221056507,0.0005826563305784636,0.22176318287467195,-9.589608225344505e-05
1.4490418434143066,0.5890443209416525,0.0023928503004677494,3.9069246569906273,0.0005778219645965789,0.21987448092885584,-9.508546221016413e-05
1.4499964714050293,0.5923618239017557,0.0024085902746236137,3.9289334282126367,0.000585120632314544,0.221113250033549,-9.569788842142042e-05
1.4510111808776855,0.5881631465662602,0.0023887031341692814,3.901087633121069,0.000576886825341633,0.21954622183328182,-9.492781502582639e-05
1.4519731998443604,0.5919180901129404,0.002407395539064901,3.925984665685278,0.0005816990789882628,0.2209471209158754,-9.560633670131665e-05
1.453026294708252,0.593786273977877,0.002415922394387679,3.9384001512730173,0.000585531546048342,0.2216466176683444,-9.59860819002124e-05
1.4540231227874756,0.5830323865971955,0.0023741502075911775,3.867066173488507,0.0005772595848091241,0.2176318447280481,-9.428947252962616e-05
1.455035924911499,0.5893485762949049,0.0024007903365337157,3.9089560654679723,0.0005828813243190942,0.21998922944993138,-9.531502976194744e-05
1.4559950828552246,0.5925013380376236,0.002414293701052607,3.9298656173884225,0.0005854909631557269,0.22116592926624068,-9.581558295734268e-05
1.4569692611694336,0.5940817139008068,0.0024199609158093963,3.9403564117013627,0.00058735770320094,0.22175660807325626,-9.607791269465952e-05
1.4579696655273438,0.5890288767864845,0.0023995278571034887,3.906837377601486,0.0005825895668028539,0.21987004965940596,-9.52862499739498e-05
1.458977222442627,0.580657747607713,0.002361625637420365,3.851330588416306,0.0005710549407609907,0.21674673739758998,-9.385149586476478e-05
1.460003137588501,0.5706316582120955,0.0023188973307535503,3.7848201333493026,0.0005585102714310109,0.21300330614477928,-9.215407689975063e-05
1.4610331058502197,0.577319970811228,0.002342678485590508,3.829176300763048,0.0005641756496978835,0.21549942818073636,-9.317901565399246e-05
1.4620037078857422,0.5865146137999231,0.0023821060293341997,3.8901146020484556,0.0005761903503599486,0.2189274461448166,-9.473943109051734e-05
1.4629974365234375,0.5910997955909437,0.002403236921804035,3.920543919050795,0.0005826672880774964,0.22064050398638724,-9.557188098337457e-05
1.4640061855316162,0.5933923402017244,0.00240915924555097,3.935767896027383,0.0005839054025333154,0.22149786260412724,-9.586021226001411e-05
1.4649977684020996,0.5886922889849101,0.0023910332169104773,3.9045842360827594,0.0005801572031362966,0.2197425909913702,-9.510054870028628e-05
1.4660022258758545,0.5921931808354411,0.002408623286578883,3.9278121988000714,0.0005842957765636418,0.22105006444428776,-9.572257494863861e-05
1.4670078754425049,0.5880945128582483,0.0023860811119950647,3.9006499772115846,0.0005761733615140627,0.21952214852277657,-9.492265181654484e-05
1.467984676361084,0.5801983432146334,0.0023526303830519904,3.848269681068493,0.0005676726111522212,0.21657403606796902,-9.361308913993208e-05
1.4689714908599854,0.5947584513926913,0.002416091384168992,3.9448288226120622,0.0005840262636772906,0.22200779473611607,-9.601368510651482e-05
1.4699680805206299,0.5893613186514595,0.002393070549646788,3.9090533779346526,0.0005766481979486437,0.2199951121627178,-9.51319817030344e-05
1.470968246459961,0.586659270997403,0.0023825025066538555,3.8911423103400677,0.0005761081578169878,0.2189874486477415,-9.471367357693591e-05
1.4719700813293457,0.5853131725622615,0.0023796961046449756,3.882219454137621,0.0005762562674398086,0.21848545631700148,-9.459202378433554e-05
1.4730122089385986,0.5846490247560863,0.0023736583277923257,3.877810780051951,0.0005740198224295546,0.21823722960577532,-9.442353044614395e-05
1.4740502834320068,0.5726257167029772,0.002329743032956483,3.798064879603663,0.0005655995548879341,0.21374929358946165,-9.257210325445886e-05
1.4749951362609863,0.5724544203672799,0.0023263467811873145,3.7969263334861956,0.0005630888822568099,0.21368514238861902,-9.244370936552793e-05
1.4759953022003174,0.5967281459586474,0.002427205056592833,3.9579225083599883,0.0005892507332178354,0.22274561527933748,-9.641606647155856e-05
1.4770269393920898,0.590345832080994,0.002403286096097873,3.915619932007232,0.0005845265568788938,0.2203658269665075,-9.542563836351311e-05
1.4780054092407227,0.5871560445378737,0.0023878909037585473,3.894461863877733,0.000577425467051997,0.21917504837422774,-9.486526977330238e-05
1.4789977073669434,0.5797185682495916,0.0023547659124422537,3.8451304091385166,0.000567368488971651,0.21639872504897176,-9.35741850518485e-05
1.4799985885620117,0.5876894088195425,0.0023872383733272917,3.898004986445546,0.0005774701519869919,0.21937462319933188,-9.49038097765627e-05
1.4810009002685547,0.5916764771590377,0.002400201247568654,3.924446978039436,0.0005793732099735548,0.22086263953239027,-9.549465244562727e-05
1.4819962978363037,0.5936862552784085,0.002412341736431985,3.9377437823448065,0.0005848768294893854,0.22160990097726446,-9.589424627128311e-05
1.4830012321472168,0.5888386692155174,0.0023891403668730893,3.905593641218183,0.0005752070834434848,0.21980062072132614,-9.501672364947423e-05
1.4839766025543213,0.5990862728313339,0.0024305092036112142,3.973551346542872,0.0005841074200760541,0.22362480374773486,-9.664233103278324e-05
1.485018253326416,0.5915261594098433,0.0023968258596278043,3.923401664433078,0.000577149734897814,0.22080227884537446,-9.539857441975656e-05
1.4860146045684814,0.6004193602490877,0.002433011447839543,3.98242634435399,0.0005853832739866068,0.22412532183863212,-9.681818237581372e-05
1.487046480178833,0.5980514497693384,0.002429456290392762,3.966711070875448,0.0005873680403671879,0.2232405859193479,-9.65337795484146e-05
1.4880273342132568,0.5910182970953266,0.002400861478753624,3.9200384356743116,0.0005799209177285115,0.22061316895077632,-9.543927086028034e-05
1.4890117645263672,0.581650959196728,0.0023670823513273773,3.857905502511653,0.0005738007869614272,0.21711635806476165,-9.404872253710014e-05
1.490004062652588,0.5886629046897267,0.002394684848562051,3.9043996731615698,0.0005813181920200817,0.21973253202722418,-9.518288686572564e-05
1.4910025596618652,0.5921634223675476,0.0024042626080324693,3.9276201043736667,0.0005794790344856257,0.2210394215959961,-9.561954434763813e-05
1.4919788837432861,0.5880673433932728,0.0023886818878498858,3.900462951265898,0.0005754792110637209,0.21951140697568008,-9.494700185035526e-05
1.4930419921875,0.5918751496252783,0.0024044435873848825,3.925660761439062,0.000581512504473073,0.220927651803471,-9.560270816669447e-05
1.4940357208251953,0.576234290860183,0.002340708791026879,3.8219210427121726,0.0005653716105778925,0.21508939236280078,-9.306746448372565e-05
1.495030403137207,0.5742607418139998,0.0023333434917634528,3.808840279025879,0.0005652187697864845,0.21435351957498744,-9.278297682660114e-05
1.496037244796753,0.5849708843705701,0.0023732271157617404,3.879906031469841,0.0005737906259032063,0.2183538924415855,-9.442269983340174e-05
1.4970474243164062,0.5786354293980224,0.0023445023286569906,3.837890619614864,0.0005641444113058112,0.21598951576305322,-9.328981742693358e-05
1.498037576675415,0.5871671372078883,0.002382486924545295,3.8944906275294917,0.0005759054358013921,0.21917524547860284,-9.475382525854829e-05
1.4990367889404297,0.5855888866136764,0.0023774808101524733,3.8840098278041277,0.0005752289124877907,0.21858499891083122,-9.455202483421174e-05
1.500037431716919,0.5789420682693881,0.0023572870122848637,3.839917388048857,0.0005735603716840264,0.2161033542917365,-9.360406557606672e-05
1.5010008811950684,0.5814723320034262,0.002366289957883398,3.856705972868156,0.00057407980493306,0.21704838255997852,-9.399881896458377e-05
1.5020196437835693,0.5885767973017171,0.0023926617799383968,3.9038305731328893,0.0005799741593905466,0.21970056827034629,-9.509865180755162e-05
1.5029983520507812,0.5921302760638324,0.00241141257422321,3.9273788743419487,0.0005870757716126979,0.2210251669463162,-9.574487520666411e-05
1.5039973258972168,0.5939001881156785,0.0024164312583254063,3.939120491229534,0.0005860913896070605,0.2216860400128241,-9.59961119645059e-05
1.5050008296966553,0.594790392606378,0.002418436885107531,3.945026056808768,0.0005867873912646102,0.22201843071882668,-9.610720742369779e-05
1.50600004196167,0.6020586771740383,0.0024449049471109287,3.993234597714746,0.0005904478896737646,0.22473153589535078,-9.721507144013766e-05
1.5070185661315918,0.5930249655955288,0.0024071300265235776,3.9333048572642566,0.0005814005263583475,0.22135841104692808,-9.572778007669133e-05
1.5079741477966309,0.6011795927572426,0.0024406379057430945,3.9873753683498014,0.0005899165627885869,0.2244008829164994,-9.708331723823963e-05
1.5089917182922363,0.5984337885069863,0.0024328534908190785,3.9691557028583815,0.0005871817587703795,0.22337526964358975,-9.670298387679175e-05
1.510028600692749,0.579514970181153,0.002357088942655761,3.8436931449859366,0.0005694474463930458,0.21631508276566372,-9.363062681524676e-05
1.5109968185424805,0.5817519365141322,0.002360825017278648,3.8585390210611115,0.0005697192935933263,0.21715086212415627,-9.389867234413416e-05
1.51200270652771,0.5828734842594772,0.002363358838522271,3.865982328107247,0.0005699096496768811,0.2175698995229317,-9.406185594578814e-05
1.5130400657653809,0.5775819897960679,0.0023463151786275354,3.830946903011265,0.0005670226536940741,0.21560011226327974,-9.328923174823019e-05
1.5140297412872314,0.5690848029246691,0.0023162072071582674,3.7746205099154126,0.0005601247705244191,0.21243119741185837,-9.199769906054271e-05
1.5149974822998047,0.582376198062878,0.00236774296226566,3.8627902321016814,0.0005730465378521582,0.21739362407109647,-9.411383367168413e-05
1.5159735679626465,0.5890254334271587,0.0023913447819087674,3.906870282571661,0.0005787572470878296,0.21987366967055771,-9.509543596972944e-05
1.5170421600341797,0.574807740952645,0.0023318786876261426,3.8125749182707853,0.0005622518886349826,0.21456707944033493,-9.272949526632476e-05
1.518031120300293,0.58523758212587,0.0023815117198427754,3.8817354519603993,0.000578032097876733,0.2184587682970962,-9.459159232803627e-05
1.5189721584320068,0.5787515250983377,0.0023525693969198083,3.8387463779906494,0.0005703407872866863,0.2160403957433538,-9.351896013929235e-05
1.519970417022705,0.5813675049702763,0.002361628857015334,3.8560635238581633,0.000571363113319196,0.21701390266688012,-9.388419808410021e-05
1.5210318565368652,0.5826721082912142,0.0023694725543725536,3.8646994567946966,0.0005756384192998348,0.2174993760968551,-9.419040094486668e-05
1.5220050811767578,0.589171915038879,0.0023905477229391923,3.9077864119788797,0.0005786498740716295,0.2199234692466932,-9.512910896299889e-05
1.523040533065796,0.5865749035371108,0.0023802967401976446,3.8905585646466734,0.0005753349022946515,0.21895382987494938,-9.46832156916654e-05
1.5239717960357666,0.591131382309761,0.002396340621375377,3.920756634531006,0.0005781257882223989,0.22065257720530004,-9.536089035519481e-05
1.5249969959259033,0.5758740380598146,0.002338215035560382,3.8195488112338665,0.0005646883449320749,0.2149564331555712,-9.293791300595893e-05
1.5260043144226074,0.5799338077466404,0.0023563708389763125,3.8464698992114092,0.0005696175003680232,0.2164713136131104,-9.362267580945545e-05
1.527040958404541,0.5878059963651403,0.0023858335520011895,3.8987021023198944,0.0005773417218811321,0.21941143926997722,-9.490401373894927e-05
1.528029203414917,0.5800414724671114,0.002350245690831059,3.8472434648390843,0.0005660992054169075,0.216516734686098,-9.354724541763652e-05
1.5289812088012695,0.5761642376168121,0.0023367691087866197,3.821568689098002,0.0005631014415455714,0.21507312447019403,-9.293962384310325e-05
1.530033826828003,0.5859231213477326,0.002379786566520695,3.8862838338919197,0.0005748559827291176,0.218714788657278,-9.457694578662256e-05
1.5310149192810059,0.5849585621070303,0.0023733721262630294,3.8798763627852146,0.0005726668607394675,0.2183538743718394,-9.438012551218626e-05
1.5320415496826172,0.5844758241591416,0.0023653657885305966,3.876657101963459,0.0005683548907989554,0.21817214747870134,-9.420751772425069e-05
1.533038854598999,0.5842335245711354,0.002366930892016086,3.875038180527923,0.0005683474564257174,0.21808066237513882,-9.418028584522212e-05
1.5340371131896973,0.584112862300663,0.0023679864403778833,3.8742224980349667,0.0005702119941760703,0.2180342695238397,-9.419418735841309e-05
1.5350008010864258,0.584050381754088,0.0023689470231112383,3.873819203143899,0.0005718091989818809,0.21801192533108105,-9.42696488893944e-05
1.5359992980957031,0.5840215667571143,0.0023689158580262057,3.8736148376214725,0.0005722632438800284,0.2180000037881351,-9.426438576399223e-05
1.5369873046875,0.5840102472506753,0.002371905445003756,3.8735331448298496,0.0005737153728517963,0.2179951964882409,-9.431577608921585e-05
1.537980556488037,0.5839993951409601,0.0023740268827485327,3.8735079939854455,0.0005740686179268693,0.21799526662308927,-9.432973299402833e-05
1.539031982421875,0.5781555388377116,0.002349324362952419,3.8347238962057593,0.0005693864452310008,0.21581181282363102,-9.337822762353664e-05
1.5399816036224365,0.5869306942413384,0.002379789670534382,3.8929148665183506,0.0005764913147371706,0.21908632584563645,-9.472704546828935e-05
1.5410363674163818,0.5854610458236607,0.0023733244602048304,3.8831990132093983,0.0005729281230263893,0.21854054493394712,-9.44448184505393e-05
1.542043685913086,0.5847273293465223,0.0023758127528427445,3.8783106735915256,0.000575615654590622,0.21826474493866524,-9.441526569689496e-05
1.543043613433838,0.5726660539548392,0.002322686285579954,3.7983014019157495,0.0005619297800638598,0.21376162055220593,-9.240107801102315e-05
1.543980360031128,0.5841599935301973,0.0023678718642717498,3.8745783647027716,0.0005734945474894799,0.21805566894624107,-9.424068965219384e-05
1.5450546741485596,0.5899074616124826,0.002391879129933475,3.9126955543510307,0.000576901861393075,0.22020071504703947,-9.513467352569373e-05
1.5460469722747803,0.586939265676171,0.0023835803449122383,3.8929966999300474,0.0005763612405487752,0.21909172408595928,-9.47259425679446e-05
1.5470750331878662,0.5796134763857225,0.002350493691494808,3.8443856203327944,0.0005673573284934132,0.21635529467334827,-9.34881037194227e-05
1.5479905605316162,0.5876413034693818,0.002386497105431211,3.8976206971996383,0.0005791568593402821,0.2193509268637185,-9.487873729885867e-05
1.5490505695343018,0.5858094320528854,0.002376519330455095,3.885474627574003,0.0005750297248425718,0.21866749846771674,-9.454088282714108e-05
1.550025463104248,0.5848906852662586,0.0023740153970842367,3.879392364178059,0.0005736626817985181,0.2183255637066725,-9.440420828076396e-05
1.5510210990905762,0.5844338824647596,0.002369370498826198,3.8763996686448334,0.0005701584717663305,0.21815831794107907,-9.428948107823543e-05
1.5520503520965576,0.5783642459567185,0.002346669891603758,3.836122429177621,0.0005655858874711649,0.21589097198449236,-9.335592678678955e-05
1.5530462265014648,0.5811704634589223,0.002357748331189516,3.854716445456502,0.000567429064777986,0.21693681751242966,-9.380277320926522e-05
1.5540525913238525,0.5884190568493991,0.0023879868560898704,3.9028034015971818,0.0005754463642447383,0.2196433660042508,-9.497557078588316e-05
1.5550496578216553,0.5803629034737872,0.002355007642298291,3.849361555359809,0.0005682957834426493,0.21663549759949743,-9.367731645898912e-05
1.5560500621795654,0.5948365419121748,0.0024144087308958346,3.945398041383959,0.0005830775346205027,0.22204145568643202,-9.605813165737398e-05
1.557002305984497,0.5952491231825845,0.0024153524684377282,3.948166082251232,0.0005836395894942364,0.2221982361419271,-9.610254481507436e-05
1.558039665222168,0.5896149387462081,0.0023931460812031896,3.910766969007428,0.0005795840671230201,0.2200925461159822,-9.518837714313771e-05
1.5590429306030273,0.5809501646483146,0.002361326342840132,3.853278507333912,0.0005720130925676157,0.21685662954683563,-9.387060080961134e-05
1.560007095336914,0.5824601433682536,0.002366059687318615,3.863331970922239,0.0005733054832013907,0.21742363483307453,-9.408877452115141e-05
1.5609958171844482,0.5832167009766324,0.002369771901074567,3.8683692220698638,0.0005730547497584589,0.21770773345496156,-9.417428729944916e-05
1.5620081424713135,0.5894371066490638,0.0023986827594157773,3.9096630331379245,0.0005798054087056789,0.22003281604837718,-9.523700336463147e-05
1.5630016326904297,0.5867136958264599,0.0023867856033716853,3.891556526798955,0.0005789023047761763,0.21901244866037992,-9.482723168105727e-05
1.5639848709106445,0.5853607554454975,0.002379855876584286,3.8825490522520885,0.0005763000643856378,0.2185044495318131,-9.45689578329176e-05
1.5650062561035156,0.584690050199432,0.002371242179936336,3.878080585590174,0.0005694883391547162,0.21825234113507702,-9.431922069049751e-05
1.5660054683685303,0.5726479647509165,0.0023227722967043896,3.798235916941408,0.0005597842681086256,0.2137596641042875,-9.240649174293013e-05
1.5669946670532227,0.5724894441766051,0.0023249014588976745,3.7971612146508398,0.0005598618795810719,0.21369844319739317,-9.241714577520432e-05
1.5680067539215088,0.5841016835461641,0.0023703151089831047,3.8741606481925968,0.000569758178713705,0.2180311789689941,-9.42249149572165e-05
1.5689997673034668,0.5840518696738287,0.002371082452331714,3.87383829984947,0.0005729198994809249,0.21801329282944026,-9.425963578479462e-05
1.570038080215454,0.5781762818127841,0.0023462527196934776,3.8348496738829,0.0005660552692064493,0.21581851712037592,-9.331342183027647e-05
1.5710270404815674,0.5869333692995584,0.002383939993839682,3.89293299770086,0.0005751505071124718,0.2190873590365242,-9.476825951465687e-05
1.5719695091247559,0.579618477673521,0.0023558858678532023,3.844425340367089,0.0005685919774523124,0.2163577379725089,-9.363851990803957e-05
1.5730361938476562,0.5817981458913033,0.00236157010493572,3.8588871796382533,0.0005694838003661415,0.21717177768502424,-9.394512927276279e-05
1.5739943981170654,0.5955492262513437,0.002417332045254187,3.9501185656607247,0.0005852169899873022,0.2223069129164086,-9.616123303095116e-05
1.5749666690826416,0.5897615384240147,0.002397838133746436,3.9117426469528294,0.0005818048603814056,0.22014756126248033,-9.52794502151792e-05
1.5759861469268799,0.592704287986526,0.0024124573980420358,3.9313150828477514,0.0005849249159854365,0.22125078145651952,-9.581003749772161e-05
1.5769727230072021,0.5883384418630906,0.002391329484279953,3.9023143908806035,0.0005797074399902112,0.21961729417688902,-9.505498008651359e-05
1.5780165195465088,0.592009398812388,0.0024032222310206835,3.9266066478829607,0.0005809554679802797,0.22098264373128748,-9.56157505050742e-05
1.5790019035339355,0.5938384432049661,0.0024124527988980578,3.93872896495329,0.0005822828961971166,0.22166457701296596,-9.59043406993304e-05
1.5799734592437744,0.5947540570772827,0.002414319327233388,3.9448037093647588,0.0005821234196175686,0.2220065094144844,-9.601463886807378e-05
1.5809993743896484,0.5835243641149896,0.0023681637920504517,3.8702998463214544,0.0005722869381489923,0.2178128959896669,-9.420458002249574e-05
1.5819978713989258,0.5779123895154707,0.0023463973066073663,3.833098292269142,0.0005668274702463034,0.2157199184324096,-9.328094235902206e-05
1.5829970836639404,0.59362175880015,0.002414215498184536,3.9372846718469314,0.0005855425345825068,0.2215830693803784,-9.591774393755839e-05
1.5840020179748535,0.5946465033882625,0.002419245240582138,3.9440963020883357,0.0005871128614780998,0.22196688663309322,-9.610683266254001e-05
1.5849838256835938,0.5893192032566498,0.0023963247500041708,3.908760041549926,0.0005784831859599324,0.2199781596542982,-9.519954095788727e-05
1.5860192775726318,0.5866452069400515,0.002386639276447367,3.8910546959004857,0.0005772832042364312,0.218982697790974,-9.482644404310458e-05
1.58701491355896,0.58530436590045,0.002380138468201254,3.8821763857963174,0.0005769045320581814,0.2184835191798621,-9.459796458805094e-05
1.5880417823791504,0.578788729726879,0.00235373584131761,3.838982798626961,0.0005716118401090308,0.21605337281882372,-9.356285473519284e-05
1.589036464691162,0.5813860269977912,0.0023663502816085205,3.8562030020231903,0.0005740772706904521,0.21702227971905388,-9.398238274161143e-05
1.5900077819824219,0.5826941220705707,0.0023713909066889528,3.8648445124252917,0.0005741278058569206,0.21750750964026588,-9.418862166249023e-05
1.5910053253173828,0.5892004127864249,0.002395616153279398,3.9079781002461162,0.0005798714286127714,0.2199343421205621,-9.519568201598153e-05
1.5920062065124512,0.5924405136960053,0.00240623907263005,3.929486787903611,0.0005826919998297877,0.22114538944103512,-9.570523692295545e-05
1.5930113792419434,0.5940607484945366,0.002415180071513294,3.9402297724864903,0.0005834447659655833,0.22174987505417768,-9.600841198526445e-05
1.5940077304840088,0.5831858083735764,0.002371219452700713,3.868097717868458,0.0005727992738854575,0.2176903409923023,-9.4258242755887e-05
1.5949821472167969,0.577751159000134,0.0023480078892662115,3.8320194156295044,0.0005670727948735059,0.2156589002762668,-9.332478028894106e-05
1.5959773063659668,0.5633356061142148,0.0022825775940496845,3.736411786283739,0.0005486485032706764,0.2102784603683002,-9.084900970524508e-05
1.5969712734222412,0.5736685525794808,0.0023259549672340423,3.8049403154544286,0.0005592932515010308,0.2141349196610089,-9.256521910901699e-05
1.5980277061462402,0.5729841661293253,0.002325048528802122,3.800385457082321,0.0005618787613118835,0.21387808673056613,-9.249923200643592e-05
1.599045991897583,0.5911480109714866,0.0024012039145158794,3.920873585400871,0.000579274713889716,0.220659370405341,-9.547223873684618e-05
1.5999739170074463,0.5934091798520864,0.002411904037983939,3.935878270066773,0.0005814383431660419,0.22150403298247076,-9.585362433040303e-05
1.601043462753296,0.5886996035411114,0.0023892769319805796,3.9046763354170784,0.0005765533775749674,0.21974915707913745,-9.503548266087528e-05
1.6020395755767822,0.5863512298985899,0.0023800750547596484,3.8890894464069237,0.0005735830655566777,0.21887160863740843,-9.462918991954967e-05
1.6030285358428955,0.5734847850923851,0.002332089228339574,3.803735685531658,0.0005638740319679186,0.21406757682725092,-9.264922939038944e-05
1.6039986610412598,0.578750747763379,0.002350551600914522,3.8386650061968295,0.0005692830099674355,0.21603339857686718,-9.345500066207306e-05
1.6050183773040771,0.5940381583711746,0.0024099894288387848,3.9400688442067966,0.0005820704820630782,0.22174046614914042,-9.586733038274786e-05
1.6060059070587158,0.5890041637086817,0.0023872907639272225,3.9067057157321803,0.0005761048757339991,0.21986366296937937,-9.502221243402421e-05
1.6070029735565186,0.5923350229965855,0.0024039045131876964,3.9287827514374483,0.00058139223716784,0.2211056295028659,-9.560856843411688e-05
1.608001470565796,0.5940037369563023,0.0024111446211259814,3.9398334748046167,0.0005820751056794161,0.22172699601306872,-9.585026946621082e-05
1.6090059280395508,0.5831445492995692,0.0023666714864602045,3.86781824050629,0.0005716156417584814,0.21767442774494594,-9.411866112633152e-05
1.6100010871887207,0.5777271884755488,0.002341938039678445,3.831888591017963,0.0005631886363031308,0.21565243115409763,-9.318738082674246e-05
1.6110103130340576,0.5867108669945811,0.002381422783455026,3.891466164400809,0.0005733730571174182,0.21900509224107664,-9.471314046513063e-05
1.6119890213012695,0.5853556110804199,0.0023707056601372438,3.8824729433564613,0.000570427940574946,0.21849883437160833,-9.441239864794224e-05
1.6130118370056152,0.5905167667022267,0.0023917738535028897,3.9166935664859466,0.0005760522292279897,0.2204243423133462,-9.526488276104116e-05
1.6140186786651611,0.5872475875934441,0.0023797289595170524,3.8950232887948975,0.0005750633363677907,0.21920519277154155,-9.477144152970404e-05
1.6150128841400146,0.5856105191279097,0.0023739520445252515,3.884171717458745,0.0005727341446952513,0.21859469376385463,-9.449316423022308e-05
1.6160035133361816,0.5848065572582144,0.0023730028464272403,3.8788112742329806,0.0005705183903272844,0.2182921286406585,-9.436368459700908e-05
1.616999626159668,0.5844001490553367,0.002370866949470209,3.876114134928038,0.0005720404698999447,0.21814028837198204,-9.431075782251943e-05
1.6180024147033691,0.590038015407501,0.0023973943895142513,3.9135262467326966,0.0005808058891868184,0.22024634731528658,-9.534118720417464e-05
1.6190075874328613,0.6055265830345663,0.0024639936737042806,4.016256418962295,0.0005967333455331823,0.22602780898613092,-9.789063960940481e-05
1.6199719905853271,0.5947645873060445,0.0024194712312688243,3.944865964451909,0.0005847415222891276,0.22200977233699273,-9.614627970501685e-05
1.6209690570831299,0.6020446409068627,0.0024470938899373356,3.9931663605140213,0.0005933642605206814,0.22472848403406837,-9.729572866085616e-05
1.6220364570617676,0.5988620210202104,0.002430544233265078,3.9720321486199275,0.0005885136224862369,0.22353829634645028,-9.674755531759711e-05
1.622999906539917,0.5972681298751659,0.002424740401141498,3.9614704657220177,0.0005860482062830247,0.22294422304230105,-9.644322738619115e-05
1.6239726543426514,0.5906293599391523,0.002397813693421602,3.9174332703815726,0.0005794172924828645,0.2204657466523742,-9.537835277783881e-05
1.6250417232513428,0.5872994528882958,0.002383929417362134,3.8953953128095318,0.000576195522594142,0.2192270185868622,-9.484464043506682e-05
1.6260364055633545,0.5983060201995645,0.002426206753102177,3.968394483815924,0.0005857643341157676,0.22333516451465033,-9.659725553227357e-05
1.6270346641540527,0.5911445661467047,0.0023994875855426275,3.920886113476563,0.0005793285575278331,0.22066119750942986,-9.549339584541522e-05
1.6279706954956055,0.6060704846980135,0.002461506648436074,4.019877624658915,0.0005959719892463021,0.22623203801573386,-9.790945666528461e-05
1.6290388107299805,0.595018940622919,0.0024194420939153563,3.9465787998599042,0.0005868641513929951,0.2221069856083056,-9.619757882111334e-05
1.6300127506256104,0.5895007532720004,0.0023971502560463324,3.9099796336028847,0.0005820302141279576,0.22004728520611544,-9.529112320566109e-05
1.6309669017791748,0.5867486065068582,0.002384853614927181,3.8917072324841704,0.0005789943696792363,0.21901836539304465,-9.48017852783367e-05
1.6320428848266602,0.5736749127831252,0.0023358071090794704,3.8049941556674627,0.0005664647136735392,0.21413831929180735,-9.270608976398188e-05
1.6330006122589111,0.5729832530937137,0.002335189358078834,3.80043749257649,0.0005673530416511754,0.2138828580442087,-9.267147202155675e-05
1.6340386867523193,0.5843329546850393,0.0023772187558208776,3.8757138355308136,0.000576640095841486,0.21811919961819676,-9.4444997924008e-05
1.635040521621704,0.5841594447680643,0.0023725023039449095,3.8745552534549503,0.0005727061253597368,0.21805375106579175,-9.428752048953923e-05
1.6360280513763428,0.5782280206760572,0.002351868560557419,3.8351945527103877,0.0005683661130660665,0.21583798070536733,-9.344797665236123e-05
1.637040615081787,0.5811173943081741,0.0023661099839583084,3.8543490320402265,0.0005741125054070959,0.2169156506493778,-9.401584027161433e-05
1.6380374431610107,0.5767122525691386,0.002346450937576241,3.8251357328566797,0.0005679486006315213,0.2152717220010817,-9.321682314776226e-05
1.639059066772461,0.5745169595224996,0.002333825810907087,3.8105773232409894,0.000564140505461801,0.21445247139463605,-9.281611332302116e-05
1.6400389671325684,0.58511027472645,0.002374146137533565,3.880830936448708,0.000572655989632639,0.21840595654019535,-9.444273553348281e-05
1.6410245895385742,0.5903976660525847,0.002394026128039682,3.9159247433059394,0.0005746540485975204,0.22038174501833377,-9.522048589075812e-05
1.6420423984527588,0.5813488461685453,0.0023630478874645373,3.855924850180364,0.0005712045357639033,0.21700562531347134,-9.391737039880549e-05
1.6429979801177979,0.5826696459383889,0.0023665840699150877,3.8647037994205538,0.0005727914263667367,0.21750027649208753,-9.409207115801117e-05
1.6440403461456299,0.5891804698562206,0.0023919039620985062,3.9078568032694805,0.0005773450191403751,0.21992786402913592,-9.510373822798345e-05
1.6450316905975342,0.5924266312476738,0.0024049368477977026,3.9293843580030394,0.0005812372043259552,0.2211392965707287,-9.566415795918172e-05
1.6459720134735107,0.5823596840265025,0.002364801559043974,3.862608687540712,0.0005710594885247743,0.21738112274172333,-9.404416317649914e-05
1.646972894668579,0.5958366830645904,0.0024180848571444813,3.9519822273395255,0.0005825370679230585,0.2224104345833878,-9.618484402572544e-05
1.6479711532592773,0.5957518238045467,0.0024196357715501023,3.951399009690708,0.0005833317787944511,0.2223769658415949,-9.620983948145671e-05
1.6490275859832764,0.5840172317854625,0.002373141159748277,3.873611090634334,0.0005730648429499507,0.21800058633115582,-9.435065320598927e-05
1.650024175643921,0.5840032480754418,0.002371494074593032,3.873511772379849,0.0005727498477297586,0.21799478840443842,-9.434545763893469e-05
1.6510329246520996,0.5839923714480233,0.002374349966836101,3.8734394516039106,0.0005746780299757721,0.21799071260797395,-9.437126965510453e-05
1.6519720554351807,0.5898330671140997,0.002397229571728691,3.912163076163043,0.0005801960505237163,0.22016950950918496,-9.532453851040643e-05
1.6530115604400635,0.5927515284828014,0.0024098194506245417,3.9315312777670277,0.0005847303172561694,0.22125986701026687,-9.580422069425506e-05
1.6540448665618896,0.5825180840379969,0.0023662111759956365,3.863683494132536,0.0005716427061722083,0.21744237838628902,-9.405963168182944e-05
1.6550397872924805,0.5832566308911238,0.0023696760410138393,3.868573870898789,0.0005724765604047939,0.217717341329004,-9.422279970339573e-05
1.655975341796875,0.5777734759204542,0.002349561000943751,3.83223877840138,0.0005686375100428588,0.21567350861854953,-9.339265860790453e-05
1.6570069789886475,0.5750382607931797,0.0023372980161568864,3.814073105321878,0.0005652340386690528,0.2146504185015385,-9.290410249455127e-05
1.6580395698547363,0.5853684556990084,0.0023755833623152786,3.882569059841024,0.0005732327515341034,0.21850459013025642,-9.448458321055499e-05
1.6590394973754883,0.5973516641121079,0.002424267932728263,3.962045452671948,0.0005856751864177957,0.22297724628591456,-9.645262275761965e-05
1.6599714756011963,0.584827155105582,0.002370522038078511,3.879000403055739,0.0005700480656839487,0.2183044380622251,-9.433492160920512e-05
1.6610291004180908,0.5970821677243209,0.002424046919481468,3.9602689884685955,0.0005853655524806038,0.2228776195448962,-9.63932623754091e-05
1.662036657333374,0.5963788465558426,0.0024225729243031375,3.955618692276911,0.0005857611788760564,0.22261637215931424,-9.633943587188375e-05
1.6630375385284424,0.5901885550839698,0.002395428089764423,3.914532663890141,0.0005768499657600492,0.22030323880556854,-9.529951722739395e-05
1.6640424728393555,0.5870857620802113,0.0023853570982248318,3.893939054065978,0.000576363378858373,0.21914382847525624,-9.484303333133277e-05
1.6650373935699463,0.5913777811112337,0.002399367549083401,3.922409156348913,0.0005786358510872668,0.22074615693791458,-9.544757618436148e-05
1.666038990020752,0.5876766638195026,0.002382503529226649,3.8979126218038727,0.0005739876831465967,0.21936917674772718,-9.48012630112333e-05
1.6670348644256592,0.5985074043270098,0.0024243836890015117,3.9697380112933436,0.0005843805834183573,0.22341102376085412,-9.652042835993829e-05
1.6680364608764648,0.6039173679593209,0.002448539008037783,4.005608209697574,0.0005913139621645273,0.22542934513896148,-9.747885961028075e-05
1.6690361499786377,0.5881017956119323,0.002384603433521848,3.900714640211857,0.0005741225110313796,0.21952630672573392,-9.487408857980208e-05
1.6700234413146973,0.5918802325634472,0.0024029358404889173,3.925823666553688,0.0005792431462103806,0.22094091816866795,-9.556605281283542e-05
1.6710326671600342,0.5879338853304674,0.0023902339783107157,3.899618381670464,0.0005781623610060349,0.2194651641974276,-9.502844817664177e-05
1.6720402240753174,0.5859588079510148,0.0023829256575465287,3.886490687448682,0.0005773550609350426,0.21872548316344914,-9.475071755732996e-05
1.673041820526123,0.5908248448235607,0.0023992100810898056,3.9187360188447102,0.0005787799682902536,0.2205392586440846,-9.543413779715785e-05
1.6740388870239258,0.5874054401878548,0.002387012701930749,3.896041534873998,0.0005759070642427789,0.21926158665903706,-9.488439679261533e-05
1.6750385761260986,0.5856918066639072,0.002379661650987415,3.884677593838316,0.0005768086771018194,0.21862210790132075,-9.459578465035398e-05
1.6759743690490723,0.5906850605229937,0.0024002446853896376,3.9178160167760114,0.0005828050139452537,0.2204877087004075,-9.541015619223953e-05
1.6770405769348145,0.6000034089102861,0.002434064588596194,3.9796222076997427,0.0005851040743762207,0.22396607412674865,-9.679798945662957e-05
1.6780381202697754,0.5919870193941056,0.0024039033428379197,3.9264523257873227,0.000581376751804637,0.22097377204855512,-9.557222591751744e-05
1.6790006160736084,0.5821301893245358,0.0023628776328515973,3.8611160116480585,0.0005705467581861946,0.2172980529037444,-9.397785394769814e-05
1.6800110340118408,0.6015680871655772,0.002440073120209008,3.990076419607001,0.0005884921265311586,0.22455683629941145,-9.708855212590988e-05
1.6810197830200195,0.5810783208784904,0.0023561983883349487,3.854154172823671,0.0005678822664765662,0.21690672415716306,-9.37846223363503e-05
1.6820037364959717,0.5883737708328013,0.0023910928826665788,3.9025719719040106,0.0005776213679455296,0.21963252830914984,-9.507470859021789e-05
1.6830112934112549,0.5920315286037098,0.002405452935261332,3.9267969109714387,0.0005800249381187617,0.22099473104786685,-9.564745952641317e-05
1.6840078830718994,0.5938566486112975,0.002411237313014968,3.9388841822823686,0.0005831024718804947,0.2216744055148902,-9.591470882118254e-05
1.6850082874298096,0.5889214636234087,0.002390664993079161,3.906138359204172,0.000576341302353928,0.21983113590412084,-9.509157628619892e-05
1.6859967708587646,0.5806172251128772,0.0023613241768530363,3.851040326394029,0.0005717445590681252,0.21672972018478676,-9.382392434386141e-05
1.686997652053833,0.594977722518876,0.0024158237445569926,3.9462569247820127,0.0005838426691004897,0.22208733303103867,-9.60782305038947e-05
1.6880135536193848,0.5953195406615925,0.0024204122616286587,3.9485720265921986,0.0005854566470884073,0.22221914356005634,-9.617546444969974e-05
1.6890428066253662,0.5779605505602822,0.00235200813839991,3.8334398371149434,0.0005698320962079647,0.21573984130549204,-9.34362254731563e-05
1.6900360584259033,0.5868181494391632,0.0023826511961489573,3.8921952315674657,0.0005738856304706994,0.21904667795527571,-9.471580742980318e-05
1.6909966468811035,0.5854077573463372,0.002374322452745606,3.8828181458336446,0.0005712258556768825,0.2185182407872377,-9.444168055821766e-05
1.6919937133789062,0.5905467975723658,0.002394315273614617,3.9168923732827667,0.000577467822373952,0.22043551885213034,-9.525537482699805e-05
1.6930067539215088,0.587265603165742,0.002381410680444053,3.895142620953306,0.0005749312298902847,0.2192119036923917,-9.474148496015655e-05
1.694009780883789,0.5914722823276243,0.0024006745959904777,3.9230413809872213,0.0005788184673402917,0.22078190973201217,-9.544039219110905e-05
1.695007562637329,0.5935774845882943,0.0024132581023878614,3.936980739121379,0.0005840867128214957,0.22156563873878835,-9.584382112912238e-05
1.695981740951538,0.5946327290132944,0.00241461270697881,3.94399984342782,0.0005829901820738482,0.22196129658487362,-9.598037851142149e-05
1.6969752311706543,0.6019783304612997,0.002447880617482674,3.99271153934057,0.0005917685370929839,0.2247024117672917,-9.727006698494199e-05
1.6979718208312988,0.5988163248929038,0.0024334679007386967,3.971785842945883,0.0005886090646544519,0.22352623613223663,-9.676833986619983e-05
1.6989808082580566,0.6099096345986367,0.0024801839257286374,4.045349367969178,0.0005992721809548421,0.22766579479498242,-9.859786263452726e-05
1.699984073638916,0.6027810666099193,0.0024515175650076746,3.9980633233053244,0.0005917308593256524,0.22500447323232148,-9.742595888624533e-05
1.7009835243225098,0.6060501971844725,0.00246067500279222,4.019740979327392,0.0005935525759733376,0.22622428197764344,-9.784953239063345e-05
1.7020080089569092,0.5950196356802167,0.0024164760247243774,3.9465504291603186,0.0005852272200690773,0.22210434276467858,-9.608890506572654e-05
1.7030138969421387,0.5894978337289661,0.0023920381066140153,3.9099661175841827,0.0005778273072261519,0.22004671024415723,-9.513847291351291e-05
1.704007625579834,0.586736529532762,0.0023815152055815074,3.89165212272791,0.0005748790833920655,0.2190160570230889,-9.467853862599258e-05
1.7050087451934814,0.5912087494569085,0.0024007981251368644,3.9213091175046,0.0005813769441857403,0.22068491757839198,-9.544727670813358e-05
1.706005334854126,0.5875977175330067,0.002387023130433349,3.8973899478145206,0.0005791424158983984,0.21933979143642943,-9.48951988977309e-05
1.707000970840454,0.5916383661245467,0.0024057896625547495,3.9241970680844402,0.0005833248197443863,0.220848665948084,-9.559495015431648e-05
1.707977294921875,0.5819732802784551,0.002364838107124646,3.8600909880770837,0.0005709025862910122,0.21724086460027936,-9.401224590776197e-05
1.7090027332305908,0.5888318878652433,0.002390177341580179,3.90560152662248,0.0005750579909602944,0.2198027415215754,-9.50366356818162e-05
1.710008144378662,0.5922589718346142,0.002402622133212774,3.9283008555143972,0.0005794292501965524,0.22107922398312835,-9.556897274879212e-05
1.7110011577606201,0.6007785051832494,0.002440838574278658,3.984853756763193,0.0005920703741317947,0.22426336971429395,-9.705696382301702e-05
1.712017297744751,0.5923825541272968,0.0024085664877837015,3.929136364168951,0.0005842905786400737,0.22112674684926456,-9.570667194776798e-05
1.7130064964294434,0.5881925254345888,0.0023903785472098138,3.901299206819363,0.0005776478525590791,0.21955865900617763,-9.500295108721929e-05
1.7140092849731445,0.5987587829642873,0.002432327344137038,3.971355471868993,0.0005866172169423917,0.22350047049051597,-9.669408411825761e-05
1.7149994373321533,0.5913711608786456,0.0024036676484974063,3.9223618726730907,0.0005816215769787951,0.2207433888164987,-9.553662651104784e-05
1.7159736156463623,0.5935199430920672,0.002406937999992275,3.9366074602508623,0.0005805254256630661,0.2215448968795284,-9.576957229594971e-05
1.7169740200042725,0.6014146650951805,0.0024439209094753466,3.9889541298733993,0.0005902806701380397,0.2244903549060413,-9.711139427172987e-05
1.7180273532867432,0.5985367495716178,0.0024375747441699462,3.9699317579934714,0.0005902948061730723,0.22342189948758467,-9.673361134016202e-05
1.7190465927124023,0.5970934408440983,0.002431598756135541,3.960394597447111,0.0005915340988880274,0.22288630106500876,-9.654723281963862e-05
1.7200357913970947,0.5963781206020314,0.002425050141700076,3.9556424389671485,0.000588394192502352,0.2226186144959362,-9.634284761641593e-05
1.7210328578948975,0.6028492952813369,0.002452116292288594,3.998515281399168,0.0005921328248965021,0.22502989026855463,-9.736222810177975e-05
1.722043514251709,0.5992543628781505,0.0024393262885811185,3.9746564455537365,0.0005894453035081849,0.22368668627169194,-9.686595427589561e-05
1.7230455875396729,0.5974572638894696,0.002425647584313244,3.962735900686674,0.0005852045640561018,0.22301578768309985,-9.64473718616852e-05
1.7240383625030518,0.5907237867326947,0.0023999640329665844,3.9180744765460855,0.0005804907359232129,0.22050230541505925,-9.542027580705186e-05
1.72503662109375,0.5815092113370842,0.0023637626978590754,3.8569476600412678,0.0005720532328776597,0.21706189169553866,-9.392303859111864e-05
1.7260181903839111,0.5827483160209745,0.0023704581744064626,3.8651707694741355,0.0005746062893799173,0.2175248177201144,-9.41794144296075e-05
1.7270371913909912,0.5892158169965529,0.002395371417970392,3.9080603408696484,0.0005798665669911816,0.2199383382347532,-9.518656559501805e-05
1.728036642074585,0.5924518937538147,0.0024081159206134706,3.9295617649406855,0.0005839802289410583,0.2211495930407488,-9.573003816948998e-05
1.7290401458740234,0.5940592930035782,0.002414984255096323,3.9402643803154946,0.0005857169965882832,0.22175322650496138,-9.597995713744041e-05
1.7300019264221191,0.5831791223028189,0.0023720545469619403,3.868103203908404,0.0005755435388978821,0.2176922302453995,-9.426839954098837e-05
1.7310445308685303,0.5835847275851064,0.0023674107629636045,3.8707833281167807,0.0005712729336737386,0.21784274197542677,-9.419250018953796e-05
1.7319848537445068,0.5896317269351583,0.0023935613566930403,3.9108674818813585,0.0005794190668542056,0.2200978590683157,-9.518754778170897e-05
1.7329914569854736,0.5868007515973171,0.002382597535097988,3.892097278637419,0.000576426660478312,0.21904171828594127,-9.473778749222407e-05
1.7340409755706787,0.5795526456675076,0.002358092341770525,3.8440072087435144,0.0005719791206371859,0.21633479320254476,-9.367814339220648e-05
1.7350678443908691,0.5817774776805406,0.002366258469374904,3.858734360018417,0.0005741935306481405,0.2171626779391981,-9.400524179419642e-05
1.7359843254089355,0.5828787073473195,0.0023652865167331436,3.8660611990878784,0.0005722079142313019,0.21757574110175779,-9.407735830773355e-05
1.7370350360870361,0.5961008962174805,0.0024201553628374036,3.95373342561149,0.0005825490914633869,0.22250894971998633,-9.620643110159532e-05
1.7380428314208984,0.5900393696617803,0.002400263069143366,3.913516170792554,0.0005787024664654089,0.22024517619405315,-9.532662542263416e-05
1.7390432357788086,0.5870150689357727,0.002386610989272846,3.8934567518380145,0.0005765955986275457,0.219116259796012,-9.48449111143206e-05
1.7399790287017822,0.585502385578436,0.0023802634693844906,3.8834643547980447,0.0005746497553988127,0.21855519740626483,-9.455460742685739e-05
1.7410008907318115,0.5847567513222919,0.0023757083380128293,3.8785107901775424,0.0005751333887626817,0.21827616487297313,-9.439762033674002e-05
1.7420389652252197,0.5902341025615463,0.0023966391019632494,3.9148680482512455,0.0005798710811607498,0.22032316917535313,-9.529822190211762e-05
1.743042230606079,0.581273537504273,0.002363298064859467,3.855467326748286,0.0005714991561934387,0.2169812082099993,-9.387490296479231e-05
1.7440485954284668,0.5826379454935111,0.0023704724726986105,3.864477100110725,0.0005743909763172124,0.21748699681644226,-9.416679211378833e-05
1.7450387477874756,0.5774821376773308,0.0023491325681904386,3.830247830486925,0.0005689298401655672,0.21555960273754418,-9.335834437590756e-05
1.7460353374481201,0.5807471866689556,0.002361968812277662,3.851956143283379,0.0005713860290554541,0.21678296823904453,-9.383760685861742e-05
1.7470371723175049,0.5823892957159231,0.0023704987940245535,3.8628147368880548,0.0005741121221518953,0.21739302482691072,-9.415191443005078e-05
1.7479689121246338,0.5832082399837131,0.0023709521543549676,3.868220584844774,0.0005733073121871125,0.217696433622436,-9.420752399090199e-05
1.7490379810333252,0.5836144197728392,0.0023715404638350694,3.870907896756913,0.000573313404451226,0.2178474568440797,-9.424428697509871e-05
1.7500200271606445,0.5838062764330596,0.0023693437346976307,3.872186416553539,0.0005728015780797558,0.21791959981954218,-9.42326657086047e-05
1.7509729862213135,0.5965679381531425,0.0024244234294931465,3.956823609486799,0.0005869859276289644,0.22268261999089745,-9.635078867455987e-05
1.7519755363464355,0.5961203676163288,0.002424403988424669,3.9538806068656385,0.0005859007223120835,0.2225178047863142,-9.630132393601648e-05
1.7529757022857666,0.5841988374123637,0.0023744616784497747,3.8748275538477257,0.0005747554842999707,0.2180694251332785,-9.440440293314005e-05
1.7539780139923096,0.5840916106759627,0.0023794806938489546,3.8741538673701883,0.0005790422981464558,0.21803270106843278,-9.451403050198421e-05
1.7550530433654785,0.5782000903669051,0.002353055455698956,3.835086033239889,0.0005701069425690394,0.21583430741518564,-9.345804545055555e-05
1.7559750080108643,0.5869449286089781,0.0023856785967973837,3.8930683392221033,0.000577225756935614,0.21909683687891537,-9.481490347205274e-05
1.75697660446167,0.5981352735009461,0.002431126325596718,3.9672583702197732,0.0005886805759239774,0.2232711116780983,-9.661195245071616e-05
1.758000373840332,0.5910618948128823,0.0023996085815834543,3.920291634337193,0.0005787512218217054,0.22062627752808478,-9.540336262607279e-05
1.759045124053955,0.6001876942646972,0.0024363858315420883,3.980832295949628,0.0005882562299632538,0.22403378800007795,-9.690661653442814e-05
1.7599990367889404,0.6047533862847161,0.0024558407544445844,4.0111213104517836,0.000592525870614408,0.22573860006579935,-9.762405241822106e-05
1.7610177993774414,0.5885291233735233,0.002391755348336193,3.903523937250958,0.0005774744132063087,0.21968361515860688,-9.505817517410627e-05
1.7620093822479248,0.5804227299729402,0.0023588574268574663,3.849744286608506,0.0005717201120819757,0.2166565903035894,-9.376721472770057e-05
1.7630131244659424,0.5948751560850027,0.002414059883535429,3.9456373749382947,0.0005832148917463712,0.2220543925935336,-9.601673742888748e-05
1.7639997005462646,0.5952775852889268,0.0024204247115424612,3.948336868494562,0.0005864459678403873,0.2222072769589055,-9.614906429771437e-05
1.7650036811828613,0.5837782492850853,0.0023747903589086856,3.872082457135141,0.0005763977496531849,0.21791634824116454,-9.436685798464437e-05
1.7659964561462402,0.5838847656127831,0.002372289622484013,3.872801133675212,0.0005737027345405507,0.217957180895803,-9.429316017290952e-05
1.7669987678527832,0.5839441100945272,0.0023709026704540888,3.8732008497896606,0.0005720903688638801,0.2179798699329741,-9.425166183854923e-05
1.7680091857910156,0.5839717350052149,0.00237027755409478,3.8733370388060604,0.0005709121646467063,0.21798604236998606,-9.425614505499383e-05
1.769005537033081,0.5839820894945363,0.002370171742304567,3.8733884090895665,0.0005716116380084348,0.21798838428255166,-9.425024670222251e-05
1.7700200080871582,0.589831075615257,0.002391663319021661,3.912209228922518,0.0005741894564986992,0.2201739903330562,-9.512215704799581e-05
1.7710285186767578,0.5927619231880453,0.0024024464504909054,3.9316142186347314,0.0005779710916192891,0.2212649790707733,-9.562730513264234e-05
1.7719800472259521,0.5942190643017207,0.0024103579448092583,3.9413222735263274,0.0005788263554969071,0.22181270571712994,-9.58722886667171e-05
1.7730414867401123,0.5891031576103534,0.0023925923838242907,3.9073920091070233,0.0005770910821192841,0.21990322871793305,-9.512360588309724e-05
1.7740397453308105,0.5923876665751813,0.0024053511648786784,3.929172293739783,0.0005806818390927769,0.2211288331989613,-9.563872896213774e-05
1.7750415802001953,0.5823507814450444,0.0023645120366213896,3.862566153941064,0.0005711980300165697,0.21737925287147164,-9.40035030570609e-05
1.7760429382324219,0.5831798153084585,0.002370334110330606,3.868076136084036,0.0005739170805302777,0.21768970255228548,-9.421892555685743e-05
1.7770416736602783,0.5777356815580644,0.0023460350457036407,3.8319815579553205,0.0005662032161151877,0.21565882523119953,-9.326352724245714e-05
1.7780442237854004,0.5867178154000546,0.002383014337646007,3.891518233682833,0.0005751493395154841,0.2190082123145446,-9.470986117829119e-05
1.779041051864624,0.591195229973318,0.0024002624538706635,3.9212050228864546,0.0005808294214915153,0.22067860177127088,-9.545192904205976e-05
1.780038595199585,0.5934265063199835,0.002404423032074655,3.936005551056972,0.0005783951085801208,0.22151158805547966,-9.57120301562399e-05
1.7810070514678955,0.5828509424493761,0.0023648675106984532,3.8658899974511045,0.0005684958193144967,0.21756651750165798,-9.407495245971785e-05
1.7820212841033936,0.5834098120549771,0.0023690558204585927,3.8695923529961944,0.0005712514532337997,0.21777473853683663,-9.419664211388751e-05
1.7829937934875488,0.5778426332260593,0.0023496186084142356,3.8326956002670713,0.0005683999215186155,0.21569915828176411,-9.338114846928323e-05
1.7840187549591064,0.5867546859435664,0.0023867028291954914,3.8917840032747764,0.000578506704644458,0.219023842283752,-9.486654269223814e-05
1.7850053310394287,0.5912236880828623,0.0024038026373327656,3.921391837778183,0.0005817484321062505,0.22068905402220246,-9.554433317872606e-05
1.7860043048858643,0.5876095493596638,0.0023896603110661017,3.8974508883500287,0.0005782863470920471,0.21934266509164302,-9.492953159717742e-05
1.7869999408721924,0.5799562819073981,0.0023561279176840745,3.846725691087702,0.0005698047406071215,0.21648909466328423,-9.36649802950339e-05
1.7879791259765625,0.5946470518377222,0.002414243834146321,3.944188469076468,0.000583669145079556,0.2219748819876652,-9.601131363050736e-05
1.7889800071716309,0.6019912779570734,0.002445445923496403,3.992864192648707,0.0005901863920335311,0.2247131211360188,-9.719182210318652e-05
1.7900023460388184,0.5988387249476164,0.0024346826903000702,3.971964405778046,0.0005885945050794977,0.22353723683072546,-9.670240916810799e-05
1.7909891605377197,0.5914261855037706,0.0024054083842046984,3.9227720600543425,0.0005823499100548135,0.22076790817414477,-9.554545316424386e-05
1.7920246124267578,0.5877064778749927,0.0023864306168422905,3.898124855898287,0.000576452638656548,0.2193815804557442,-9.486987193719762e-05
1.7930090427398682,0.5858404915643018,0.0023823649232069003,3.8857321998716228,0.0005759030297828264,0.2186836302161473,-9.46573070957972e-05
1.7940051555633545,0.6034240585192319,0.0024503869414076633,4.002331916329967,0.0005906790170638781,0.22524482392988282,-9.73953740052723e-05
1.7950160503387451,0.5937042928257116,0.002412995974883316,3.9378563059926015,0.000583735784063982,0.22161600816438654,-9.587112133977885e-05
1.7959778308868408,0.6015152335147681,0.002440869657725957,3.989634363180752,0.0005898583279697349,0.2245290556611821,-9.706564267123306e-05
1.797001600265503,0.5927606996483625,0.0024052041702108066,3.931566947236728,0.000579050418407993,0.2212610767251465,-9.560473490955495e-05
1.7980124950408936,0.5883797178552387,0.0023912769400369106,3.9025495939898036,0.0005774592450144987,0.21962930786963786,-9.501470917331356e-05
1.7990045547485352,0.5861901590849484,0.0023829657057504285,3.888078337829332,0.0005756767069934884,0.2188165203305535,-9.471420101138683e-05
1.7999961376190186,0.5792560456814528,0.002353084304473021,3.842058433225403,0.0005669201843325833,0.21622570586981024,-9.356104783234191e-05
1.8010129928588867,0.5757733835365096,0.0023374520769686687,3.818991544307376,0.0005623605097769746,0.21492857156783124,-9.298594259596736e-05
1.8020145893096924,0.5740391054710217,0.002332030522329448,3.80750466517699,0.0005627026184360119,0.21428261808467872,-9.271973096600557e-05
1.8030014038085938,0.584868085399228,0.00237895668963522,3.879280144811184,0.0005753353256001345,0.21832044354872357,-9.453097195238785e-05
1.8040015697479248,0.5902771379434347,0.002403195897052625,3.9151911948332767,0.0005839511198515892,0.22034255137367756,-9.547545966439478e-05
1.8050034046173096,0.5871289515987074,0.0023891010892665445,3.8943364219344603,0.0005794758420837234,0.21916970964040397,-9.494962446357944e-05
1.8060133457183838,0.57971047003923,0.002359678838785145,3.84508794374188,0.0005707315090215033,0.21639669186437316,-9.374693582338838e-05
1.8070132732391357,0.5877028820672633,0.0023891878283902692,3.8980748768286944,0.0005780137971044512,0.21937793882073295,-9.499931611346572e-05
1.8080132007598877,0.5916824076235652,0.0024052742029760927,3.9244923923530695,0.0005815493558460647,0.22086538828742355,-9.564944709444665e-05
1.809009075164795,0.5936719354550136,0.002413319308984817,3.9377347120830724,0.0005833898023223681,0.22161211592313168,-9.593088824495384e-05
1.810013771057129,0.5946751843847559,0.0024155995709668064,3.9443548822957624,0.0005829537861205405,0.22198360743103404,-9.605885139623813e-05
1.8110136985778809,0.595175542278872,0.0024188478907550062,3.947634119494517,0.0005851188743983932,0.22216690492784594,-9.615225317329926e-05
1.8120148181915283,0.5954260487144647,0.002418143811722239,3.9492822925520814,0.000584448969808853,0.22225923761596036,-9.614181240845575e-05
1.8129751682281494,0.6023730182380092,0.002449221141628449,3.9953494731300387,0.0005928169834311235,0.22485150754434405,-9.735186777879168e-05
1.8139724731445312,0.5990192279483004,0.002432080355606804,3.9731191638155336,0.0005872772700362915,0.22360087763135275,-9.671315162564473e-05
1.8149776458740234,0.5973370803696348,0.002429866078958677,3.9620139241735943,0.0005885211547269552,0.22297754029109348,-9.650248113898197e-05
1.8159871101379395,0.6033197241397266,0.002452957603160999,4.001728233137962,0.0005956171439575653,0.22521365134643567,-9.746791984115185e-05
1.8169777393341064,0.606314118332554,0.002459751263049031,4.021554074395183,0.000594237409926189,0.22632830516226252,-9.78451449413038e-05
1.8179783821105957,0.5892914633807076,0.002397128215087257,3.9086574517919783,0.0005830291210456978,0.21997496771543107,-9.524690445931348e-05
1.8189959526062012,0.5866321843303448,0.0023868638831894377,3.8910340426006162,0.0005783760201542942,0.2189836201480906,-9.482185548762785e-05
1.8199853897094727,0.5911599887058061,0.0024057232981532957,3.9210357672441822,0.0005817023371161963,0.22067112233626157,-9.553899135370225e-05
1.820974349975586,0.5934119306041038,0.0024110545436771204,3.935995227527224,0.0005838285693948601,0.22151374613638264,-9.583400480889229e-05
1.8220081329345703,0.5770093918767413,0.0023413252935900178,3.8271803259109975,0.0005657572575893276,0.21538912793840373,-9.31487728972894e-05
1.8230040073394775,0.5804864437687669,0.0023563854742108077,3.850251668919856,0.0005671599536711183,0.21668783493714217,-9.370110541823443e-05
1.8240485191345215,0.5822298866377099,0.0023661729754958305,3.861832393623319,0.0005714696661811576,0.21734011831644093,-9.404589718448042e-05
1.8250396251678467,0.5889502364538258,0.0023926046335890024,3.9064189982472937,0.000578423700098048,0.21984977822157414,-9.512902037405293e-05
1.8260376453399658,0.5923095405343431,0.002409447637966773,3.928687522887639,0.0005846078843870049,0.22110261089915678,-9.573391324258164e-05
1.8270375728607178,0.5881409948516729,0.002390199232228015,3.9010381107645813,0.0005774856600572341,0.21954652458980978,-9.501002185618236e-05
1.8279709815979004,0.5919018598687994,0.002407132369856324,3.925992666804813,0.0005822403321870274,0.2209512397600572,-9.56232900077155e-05
1.8290088176727295,0.6006132613491528,0.0024464753409842066,3.983730456992245,0.0005935089917311459,0.22419928691370095,-9.712055871954901e-05
1.8300323486328125,0.5981555800652975,0.00243257971553004,3.967372227125027,0.0005897880203891188,0.22327685853576723,-9.667052138510902e-05
1.8309993743896484,0.5910696601900784,0.002408456800696008,3.9204119931389236,0.0005863051723752658,0.22063523496621712,-9.562085201967407e-05
1.832040786743164,0.5933825963077053,0.0024118177454020163,3.9357342466707905,0.000583862596610832,0.2214969518240287,-9.582782035754457e-05
1.8330433368682861,0.5828422653025678,0.002370901916604852,3.8658546018131363,0.0005758042549429558,0.21756522792352234,-9.417822437906403e-05
1.8340046405792236,0.577567112264932,0.0023495156995214307,3.8308813219029902,0.0005701811172980712,0.2155974712126038,-9.334371568214387e-05
1.8350391387939453,0.5807764990541885,0.0023561325443171065,3.8521420965954642,0.0005691885313445358,0.21679316464207424,-9.373909658606586e-05
1.8359708786010742,0.5823724034893203,0.002360627883179339,3.862751615749007,0.0005676454485125775,0.21739102437881003,-9.392701604828499e-05
1.8370370864868164,0.5890081700586537,0.002391779797970319,3.9067964071918206,0.0005771923202210536,0.21987080107175283,-9.509812898898204e-05
1.8380377292633057,0.586499286638823,0.00238390352807461,3.890114272065253,0.0005769870007004279,0.21893064196515288,-9.478587780748608e-05
1.8390016555786133,0.5910956708172014,0.0024009279940744497,3.920586707630519,0.0005792191154640846,0.22064513752221615,-9.546158988939643e-05
1.840041160583496,0.5934009855193244,0.002415551382292174,3.9358477542649033,0.0005848983966620483,0.2215030715146383,-9.595018831153844e-05
1.8410165309906006,0.5886910799332788,0.002395136288576458,3.9046410704790473,0.0005810411180601859,0.21974784699365835,-9.517675223602501e-05
1.842008113861084,0.5863427763702028,0.0023842820099661413,3.889065917803123,0.0005782866624934308,0.21887131646076788,-9.474407539772303e-05
1.8430440425872803,0.5910158176732228,0.0024022051061736546,3.9200200945946055,0.0005829769034803555,0.22061207633068428,-9.547131203815567e-05
1.8439810276031494,0.5875064767183951,0.002387739034002417,3.896780173154545,0.0005781912912421031,0.21930532852744689,-9.487631683249126e-05
1.8449759483337402,0.5857558627429472,0.00237758770272436,3.885158746456279,0.0005726674398214798,0.2186509722947313,-9.451991369827704e-05
1.8460710048675537,0.5848731851444542,0.0023732527087490718,3.8793242386971296,0.0005710629476574326,0.21832325095430966,-9.436955318659005e-05
1.8470470905303955,0.5902776144835955,0.0023968021191945457,3.9151330770361885,0.0005792402479797938,0.22033733688305368,-9.530511841813619e-05
1.847985029220581,0.5929726688413794,0.0024107729045875883,3.933059696797382,0.0005847293101545626,0.22134784002629151,-9.579470759325459e-05
1.8490509986877441,0.5943254351306891,0.00241902030607769,3.9420420905261997,0.0005856501460684242,0.22185366897885095,-9.606575081754306e-05
1.850024700164795,0.5950041491616765,0.0024207013259906715,3.9465520203555613,0.0005830620467756945,0.22210774173159883,-9.613032665194679e-05
1.8510360717773438,0.5953445298731054,0.0024216421350644105,3.948826436209673,0.0005850579420939864,0.2222362740128588,-9.619137398172863e-05
1.851975679397583,0.5838254602579728,0.0023760317734817234,3.8723803235224312,0.000576645370301044,0.21793262734857424,-9.43969198775778e-05
1.8530311584472656,0.5839049015706418,0.0023768219905098585,3.8729020486869294,0.0005746937537046156,0.21796182500224678,-9.440479437614494e-05
1.8540058135986328,0.5839445001700598,0.00237494492628701,3.873130744273838,0.0005734351579468542,0.21797361868968668,-9.435491201335112e-05
1.8550033569335938,0.5781151119686185,0.002346841100110606,3.8344803257971734,0.0005661042244882812,0.21579888464792904,-9.335136315830288e-05
1.8560020923614502,0.5752089852438397,0.0023331433215803077,3.8151933362218284,0.0005619839656081047,0.2147130784785727,-9.28258837781775e-05
1.8570072650909424,0.5796049245818811,0.0023560052184607044,3.8443725336251373,0.0005688186319483027,0.21635594252587498,-9.36504478572284e-05
1.8580029010772705,0.5876394016525822,0.002389838573711806,3.8976554836084873,0.0005787848132959805,0.2193543884595865,-9.500249464621358e-05
1.8590083122253418,0.5916621693503996,0.0024075320479592646,3.9243145543408278,0.0005826887608685085,0.2208539967283321,-9.56498800228657e-05
1.8600072860717773,0.5936739880393229,0.002408897348861659,3.937691462595696,0.0005800415450040058,0.22160787821523642,-9.580137657388794e-05
1.8610262870788574,0.5946680015157884,0.0024139569896577443,3.9443041784417474,0.0005839782822655747,0.22198065654546975,-9.599802946631774e-05
1.862015724182129,0.5893246413028009,0.0023926319568617033,3.9088979007359734,0.0005790418685479915,0.21998914675942785,-9.513897520567692e-05
1.8630049228668213,0.5808079042902781,0.002362331663644779,3.8524063365620815,0.0005724312138660224,0.21680981014202122,-9.38670426251827e-05
1.864009141921997,0.5882384609400064,0.0023942405442322666,3.9016597818390544,0.000580506103475549,0.21958072468491371,-9.511583358004309e-05
1.865001916885376,0.5987636782800155,0.002438997894599028,3.971474121443008,0.000592338636445397,0.22350988145753856,-9.684663351905865e-05
1.8659999370574951,0.5913642512251566,0.002404037443216492,3.9223650007043895,0.0005818399619767409,0.220745117853043,-9.557822463241416e-05
1.8669993877410889,0.5935099820681068,0.0024113221559887536,3.936591469128808,0.0005817244165730226,0.22154558560912851,-9.588306927721944e-05
1.867973804473877,0.5887404511060991,0.0023942440104019426,3.904959928035382,0.000578900780920967,0.21976551897056898,-9.513361451446465e-05
1.8689875602722168,0.5805135822416403,0.0023570003331677128,3.850388776321226,0.0005694029654390021,0.21669419020327563,-9.376282863558841e-05
1.8699781894683838,0.5763982490468694,0.002342609005414906,3.823090609421715,0.0005675997274223477,0.21515781726935135,-9.313300064278295e-05
1.8710370063781738,0.5928630469209226,0.002410978437045982,3.9322705442118764,0.0005828573924641062,0.2213014592972303,-9.580089089645266e-05
1.8719873428344727,0.5942659600942162,0.0024161176549828624,3.9415813672295252,0.0005853789682016331,0.22182563868812633,-9.603515673821653e-05
1.8729796409606934,0.5891241534801099,0.0023963240479982174,3.9075213191232687,0.0005808127441482462,0.21991019026550443,-9.523403208882319e-05
1.8739726543426514,0.5992277961781484,0.002436999051270135,3.9745105038736854,0.0005914573170454639,0.22367943260092085,-9.686540369825976e-05
1.8749961853027344,0.5974508951397515,0.002433483027961861,3.9627535180237348,0.0005935026977292101,0.2230186774936277,-9.668522886410113e-05
1.875983476638794,0.5848678012838755,0.002378287701911516,3.879316365574336,0.0005759281104788542,0.21832369063366328,-9.45183832234265e-05
1.8770055770874023,0.6029460892018984,0.0024494069804657285,3.999193005663131,0.0005933794125415121,0.22506916414651607,-9.741971911913071e-05
1.878004550933838,0.59347058459104,0.0024087029537382862,3.936302553559042,0.0005824250139318074,0.2215284499899573,-9.585359977323376e-05
1.8790361881256104,0.588719579242798,0.0023915897429089687,3.904788908711867,0.0005771819360836033,0.2197548607234986,-9.508944192340793e-05
1.8800508975982666,0.5863579041089663,0.0023785592691845155,3.8891206944173597,0.0005716559771161752,0.21887295431574702,-9.462355980930379e-05
1.8809845447540283,0.5910195960681823,0.0024014422811061524,3.9200285195186293,0.0005811563107748081,0.22061202291056495,-9.546475125469484e-05
1.8820416927337646,0.5816582746242565,0.0023618776168559006,3.857941838773761,0.0005699062099856846,0.217118016607433,-9.390867043199263e-05
1.8830366134643555,0.5769775295309985,0.0023440845359494356,3.8269380433306233,0.000567435807788558,0.21537451091596127,-9.318452592025397e-05
1.8840129375457764,0.5863291633437132,0.002381403105528983,3.888989451196449,0.0005759826037310447,0.21886745167303714,-9.465326272245581e-05
1.8850436210632324,0.5851584856515359,0.002375124808639365,3.881230622851518,0.0005725026944151214,0.21843098546876077,-9.44220684408677e-05
1.8860218524932861,0.5972405209095589,0.0024235430913339107,3.9613935978447445,0.0005853517797778628,0.22294326760031907,-9.640891721910204e-05
1.8870081901550293,0.596457067032162,0.0024217323916627025,3.956200225489852,0.0005850078278100076,0.22265108950398027,-9.634928564013983e-05
1.888014316558838,0.5785280349162638,0.0023460873262932357,3.8372815254854493,0.00056370807457178,0.21595851143684408,-9.333249068907816e-05
1.8890151977539062,0.5871086766950158,0.0023840782629206423,3.894183628903174,0.0005751020119716001,0.21916052990152918,-9.47845051748897e-05
1.8900156021118164,0.5982182379827532,0.0024307457010231434,3.967845980113576,0.0005877650506655586,0.22330536569951592,-9.660264501711022e-05
1.8909869194030762,0.5911112214746491,0.002401997786552309,3.9206910383942835,0.0005823273405856719,0.22065104647876407,-9.547372149925591e-05
1.89204740524292,0.5934003318927502,0.0024149445853764093,3.935882178033797,0.0005867972344576813,0.22150623804703018,-9.59491163584973e-05
1.8930394649505615,0.582854638152781,0.002368670950819571,3.865961025670338,0.0005727624705999399,0.21757199016949083,-9.415159359693631e-05
1.894005537033081,0.5834357011723422,0.002375102691818259,3.869802902773147,0.0005779127701292638,0.21778781946230144,-9.433737052491761e-05
1.8950400352478027,0.589569304506152,0.00239776952458788,3.910448015735845,0.0005830832146068234,0.22007407958951075,-9.526681068443066e-05
1.8959729671478271,0.580929930018601,0.0023610793238437945,3.853183025362175,0.0005721600429455214,0.2168524844765858,-9.384598795098535e-05
1.8970410823822021,0.5824587245006987,0.0023639269315905926,3.863313910315653,0.0005711624912027748,0.2174223441383134,-9.404592823283588e-05
1.8980293273925781,0.589074831956724,0.0023944349221248547,3.9072112011349054,0.0005813699080354585,0.21989327691237845,-9.522186361893726e-05
1.8990414142608643,0.5865271540592899,0.0023831170687071313,3.8903200985026976,0.0005775799451429426,0.2189428912538248,-9.477328121263792e-05
1.8999791145324707,0.5852633295497718,0.0023784055233636386,3.881915795449637,0.0005771085970415962,0.21846922112794476,-9.456616813407776e-05
1.9009735584259033,0.5787756315263416,0.0023502390570798834,3.8389017327582136,0.0005683092789601806,0.21604899504211508,-9.348431608603339e-05
1.9020397663116455,0.5872369058165959,0.0023857800650316156,3.8949789124895458,0.0005756901580062229,0.21920353548917204,-9.482524326142502e-05
1.9030404090881348,0.5914680080541218,0.0024024544813962354,3.9230231849701966,0.0005813536240106628,0.22078120760110162,-9.549802146142282e-05
1.903979778289795,0.5877277714674785,0.0023871530207881654,3.8982119883195514,0.0005792503342702894,0.21938476761696016,-9.493750680151639e-05
1.9050078392028809,0.5858661248235647,0.002381592883642553,3.8858595489872636,0.0005765344799277441,0.21868944355241818,-9.466962130805383e-05
1.9060449600219727,0.5976041324981629,0.002431455988496347,3.9637307762069947,0.0005878597934096926,0.22307243562724974,-9.661726748712448e-05
1.9070372581481934,0.5849595494003825,0.0023805029755677555,3.879855490069612,0.000577243948196441,0.2183518297437691,-9.462193568499914e-05
1.9079763889312744,0.5903154750277494,0.002401332345694331,3.915417049280921,0.0005826622784221205,0.22035436044588036,-9.546474581171262e-05
1.909055233001709,0.5930039394106876,0.0024104131800476163,3.9332296158815865,0.0005833804037543192,0.2213562136813668,-9.584063890809064e-05
1.9100100994110107,0.5884924296709723,0.0023890550918087435,3.9033343388125883,0.000575755015337496,0.21967465086423696,-9.500753423624768e-05
1.9110016822814941,0.5920922108779185,0.002405651812625444,3.927174233847921,0.0005810455820959685,0.22101516780483602,-9.564331679887838e-05
1.9120068550109863,0.5880404722479007,0.0023922565464800268,3.900332455418452,0.000580660600934866,0.21950557663173806,-9.507428449891987e-05
1.9130010604858398,0.5918559427086629,0.0024047804485077067,3.925678117589072,0.0005804910894706006,0.22093322043353816,-9.55928848418708e-05
1.9140033721923828,0.5937608687661223,0.002413996768961631,3.9383261404948797,0.0005818791779765366,0.22164545028207452,-9.593248958939488e-05
1.9149971008300781,0.60154437699321,0.0024432907689213757,3.9898949390992597,0.0005901845662419201,0.22454585463869847,-9.719086361213617e-05
1.9160044193267822,0.6054277938544871,0.0024565818648343753,4.015610459998871,0.0005941255667185254,0.22599174962137705,-9.776324589819091e-05
1.9170012474060059,0.6005474436934625,0.00243890196733296,3.9832680221145558,0.0005909527508159634,0.22417244042245496,-9.700727753591984e-05
1.918001651763916,0.5922625681230488,0.0024041461467889324,3.928361961898746,0.0005823153885969817,0.22108384443008372,-9.562531175785711e-05
1.9190359115600586,0.582278369654434,0.002365490928880268,3.8621547290134197,0.0005733493685745867,0.2173582827301476,-9.402689442239091e-05
1.920043706893921,0.5957996294190653,0.0024221629610656206,3.9517992295098336,0.0005874585619999172,0.22240212658590075,-9.622800943802476e-05
1.9210288524627686,0.602561435622592,0.002447682402375618,3.996677071736829,0.0005937424045304199,0.22492869297827428,-9.730459726329511e-05
1.922037124633789,0.5932742080274294,0.0024102563422575794,3.9351001864250525,0.0005838787647125752,0.22146395929606436,-9.581527933697405e-05
1.9230060577392578,0.5886300965493583,0.0023915422006759103,3.9042608382600212,0.0005778403153361094,0.21972721763714018,-9.503392103513859e-05
1.9239702224731445,0.598985582026322,0.002430667278033152,3.972925270420928,0.0005858790292876562,0.22359089420535527,-9.664453974306408e-05
1.9249718189239502,0.5973422617692224,0.0024218109512704642,3.9619796275103534,0.0005831892491912413,0.2229734320887506,-9.633165470162134e-05
1.9259681701660156,0.596513077680679,0.0024193167777821923,3.956495365663123,0.0005838708857585832,0.2226652771864124,-9.626048877534706e-05
1.9269952774047852,0.5902516357662523,0.0023947977922222545,3.9149758942829185,0.0005777880721857552,0.22032897077136476,-9.523887482685393e-05
1.9279978275299072,0.59296657784334,0.002408364299021024,3.9330142191724837,0.0005820361232099861,0.2213451197075389,-9.572375942759128e-05
1.929044246673584,0.5884818543225426,0.00238836214372245,3.903273890041864,0.0005774802245485806,0.219671556173135,-9.49917640863861e-05
1.9300203323364258,0.5862386152354124,0.002381693480433365,3.8884386881984927,0.0005782685577853513,0.21883803558732243,-9.467780932973358e-05
1.9310204982757568,0.5909594240467118,0.0024045916054088526,3.919754234678169,0.0005839101285002712,0.22060054595215164,-9.549796145804858e-05
1.9319686889648438,0.5816317627494044,0.0023621533770864724,3.857864844203983,0.0005710847486666533,0.21711681905534733,-9.392629960973013e-05
1.9330079555511475,0.5828214189674877,0.00236946954740819,3.8657079342598246,0.0005736018306284863,0.21755670738868338,-9.418733441810817e-05
1.934004306793213,0.5892502986791742,0.002390685630159329,3.9083818908475103,0.0005763757557283625,0.2199593797588192,-9.511070655276754e-05
1.9350132942199707,0.5866231559410114,0.002382370788541999,3.8909413350179065,0.0005768516069145405,0.21897736132869752,-9.471296736217003e-05
1.9360227584838867,0.579461424165045,0.0023557841002484784,3.843450389427502,0.0005693482247894274,0.2163049862774915,-9.360649863609574e-05
1.937002182006836,0.5875729885673284,0.002388014956725512,3.8972710168752878,0.000577302927453082,0.21933452877662757,-9.492466643568247e-05
1.9380145072937012,0.5857889377825467,0.002379170328875776,3.8853996509059976,0.0005759630523508029,0.2186652125707507,-9.462762706683425e-05
1.939009666442871,0.5848871868360196,0.002380258606407549,3.879405837108938,0.000577305068261867,0.21832748538768634,-9.455177460542923e-05
1.939976453781128,0.5902837156206894,0.0024040126092033753,3.9151995824501338,0.0005824176671679581,0.22034190580959978,-9.545647971669528e-05
1.9409997463226318,0.5929775396304151,0.0024109071565729056,3.933066964820664,0.0005837356053877457,0.22134745490323546,-9.583767704357612e-05
1.942000150680542,0.5884758097187555,0.0023950214521650153,3.903223877690396,0.0005813827051283508,0.21966842685661747,-9.515572379446885e-05
1.943042516708374,0.5862168360930671,0.0023826754604734713,3.888261081991933,0.0005765553953208419,0.21882698885962076,-9.468766665358239e-05
1.9440405368804932,0.5850939335056511,0.0023759308993125342,3.880782550853166,0.0005727975619261675,0.21840513691517374,-9.446534774304467e-05
1.9450433254241943,0.6030404958415918,0.0024469601797602178,3.9998406929847103,0.0005891632623600192,0.22510629782183622,-9.733340681651968e-05
1.9460372924804688,0.6061690412215031,0.0024571715947154524,4.0205902228074235,0.0005916176365188882,0.22627401059698424,-9.777683011930032e-05
1.947037935256958,0.5950720576950712,0.00241377578741989,3.9469696171355273,0.0005824672483105484,0.22213020183663545,-9.60631809973812e-05
1.9479727745056152,0.602185694413309,0.0024442855001558282,3.994173296675195,0.000590293849973943,0.22478741691554763,-9.724940055173486e-05
1.9490423202514648,0.5989194827438703,0.0024347776249646035,3.972477672011998,0.0005893003897643155,0.2235654126913538,-9.677839546977744e-05
1.9500155448913574,0.5914348022050798,0.0024084504767753903,3.9228371774739372,0.0005847336285126722,0.22077182545612098,-9.56506461028409e-05
1.9510014057159424,0.5876987417423519,0.002386910132762588,3.898090101245584,0.0005775764935722913,0.21938014960228042,-9.492288758243173e-05
1.9519765377044678,0.5858391186116421,0.0023825862180522545,3.885794111534677,0.0005787720593169328,0.21868936694291485,-9.471816875389836e-05
1.9530055522918701,0.5907672359565893,0.002402283560095548,3.918431463625537,0.000581561386820635,0.22052457859467087,-9.546543208460717e-05
1.9540376663208008,0.5932273273670665,0.00241033586736728,3.9347203039220346,0.0005828440292058325,0.22144039346243816,-9.581515976705679e-05
1.9550378322601318,0.5944499673268887,0.002414415675045452,3.9428313852075947,0.0005852569738257619,0.2218969250406685,-9.598256896114734e-05
1.956038236618042,0.5892342917581957,0.0023883248698803134,3.908200139904979,0.0005761618497931144,0.21994675342451145,-9.501007780252695e-05
1.957035779953003,0.5807723543408091,0.002355214385971962,3.8521157598493874,0.000568337049965651,0.2167917191330271,-9.365055001656467e-05
1.9580421447753906,0.59504498245638,0.002411282211030035,3.946813026966741,0.0005813127676666872,0.22212211853983344,-9.593400293462775e-05
1.9590044021606445,0.5953594101435333,0.0024139062990575517,3.9489202205238323,0.0005822950839107918,0.22224139602432552,-9.600404485531732e-05
1.959972620010376,0.5896753762704416,0.0023952145444746217,3.911179095677454,0.0005789688809444575,0.22011609744291327,-9.520023034251099e-05
1.9609689712524414,0.5868427394197835,0.002383275521791849,3.89235843908706,0.000576007756585182,0.21905586627922705,-9.472538450302114e-05
1.9620373249053955,0.598083880104319,0.002432740329474206,3.966907614497688,0.0005877951411806651,0.22325105858422334,-9.661932041687706e-05
1.9629993438720703,0.5968836523804042,0.002423460873013806,3.9589802471361875,0.0005847401398996003,0.22280597798052093,-9.63823736206507e-05
1.9640378952026367,0.5962718484028504,0.00242059086006636,3.9549005769803083,0.0005845737159275086,0.22257569043796016,-9.629332618440125e-05
1.9650418758392334,0.5959674249499802,0.0024139832633786403,3.9529122155269656,0.0005790596792844139,0.22246476557073283,-9.609716615758335e-05
1.9660351276397705,0.5841334880493921,0.002367129520904264,3.874435545668915,0.0005678957194564074,0.2180486782459732,-9.421908562062906e-05
1.966991901397705,0.5840600353688505,0.002370159172868486,3.87397145764299,0.0005715924080069808,0.21802329271694687,-9.428958135483422e-05
1.9680125713348389,0.5966791615966713,0.0024269619603193553,3.9576837211723426,0.0005895432560995965,0.22273490824273093,-9.6443516550496e-05
1.969043493270874,0.5961774635268854,0.0024240597707289586,3.954352345241092,0.0005887346987685714,0.22254730439178835,-9.632713544058796e-05
1.9700253009796143,0.5900782670524609,0.0023991734971499494,3.913854368512013,0.0005822608937223932,0.2202667530693763,-9.531934698087143e-05
1.9709675312042236,0.5870319606462691,0.002385428823856635,3.89361497483514,0.0005782835438894883,0.21912662910486963,-9.483693818666618e-05
1.972034215927124,0.5913556223007694,0.0023989478324084696,3.922281841467246,0.0005799524283073695,0.220739615251521,-9.544655538090131e-05
1.9729690551757812,0.6003395838971746,0.0024391486136800685,3.9818417475813463,0.0005896669702194566,0.22409066219420035,-9.694111649999637e-05
1.9739668369293213,0.5921543904102116,0.002404461654605921,3.9276082944673956,0.0005807937671227716,0.2210402825306284,-9.557983990491421e-05
1.975020170211792,0.5939225504828834,0.0024136480189984448,3.939335545373295,0.0005823393800645179,0.22170025999350826,-9.59216302222767e-05
1.97597336769104,0.6016284403869051,0.0024416000256704943,3.9904722405801705,0.0005887923661101773,0.22457897030891583,-9.709243228606958e-05
1.977003574371338,0.5928162351109475,0.0024071444949511026,3.9320384749831954,0.0005826146782020299,0.22129088616657358,-9.572612488189254e-05
1.9780497550964355,0.5942564056906144,0.0024102809217359097,3.941557349590644,0.0005818744168333505,0.22182553540132702,-9.590093732871212e-05
1.979041337966919,0.6017869821639373,0.0024424904420347164,3.991546966769877,0.0005890758047721062,0.22464018903869823,-9.711641052389809e-05
1.9799726009368896,0.5928839843691951,0.0024038664091763987,3.932505651971017,0.0005795306250266332,0.2213177434484917,-9.563183700617932e-05
1.9810261726379395,0.5942797384306756,0.0024066937245965088,3.9417592859521906,0.000578991221510272,0.2218383967121563,-9.57755598063735e-05
1.9820380210876465,0.6018060530707092,0.0024408618798061623,3.9916263274680133,0.0005881661865778364,0.22464316025321698,-9.708734711577554e-05
1.9830694198608398,0.5928917099084771,0.002406525999357031,3.932514621054824,0.000580509544706325,0.22131690732388942,-9.572164956569118e-05
1.9839856624603271,0.5942843035042501,0.0024139081579264885,3.9417684094901366,0.0005820966056946042,0.22183823918986392,-9.598694447021785e-05
1.9849755764007568,0.5891398629874741,0.002390664128594432,3.907626291273202,0.0005779394732128579,0.21991612246557343,-9.514311932183049e-05
1.9860332012176514,0.5992292181510768,0.002430346652972228,3.974555690730786,0.0005876964062224078,0.22368310985337805,-9.671634936871591e-05
1.9870128631591797,0.5916111631587182,0.002399640679893055,3.9240091651335973,0.0005781388720027854,0.22083785418756502,-9.545871705345338e-05
1.9880049228668213,0.587792036630751,0.0023835374888007553,3.8986595449760104,0.0005752400896146712,0.2194106314638375,-9.482146367529181e-05
1.9889945983886719,0.580032664648682,0.00235161499339542,3.8472097250593285,0.0005666544215786584,0.21651561877842704,-9.357609662598567e-05
1.990009069442749,0.5878539829094622,0.002384398996069571,3.8990662020609292,0.0005752299373241028,0.21943338383605965,-9.486045573275862e-05
1.9910027980804443,0.5917751947152194,0.002407696070839705,3.925076879285906,0.0005842588846693422,0.22089730059933912,-9.565727644752105e-05
1.9920024871826172,0.5937371154632787,0.002414569279556044,3.9380783138608404,0.0005834699650511065,0.22162863910573324,-9.591771728852545e-05
1.993004560470581,0.5947078363168757,0.0024189651594834,3.9445396647193007,0.0005872555416749475,0.2219929980473651,-9.611154342327752e-05
1.9940409660339355,0.5951901895376015,0.0024177418517893684,3.947721731814721,0.0005862493712123944,0.22217153281830718,-9.61197118948551e-05
1.9950428009033203,0.5954181880444571,0.002419566894606255,3.94926693168526,0.0005852227291343503,0.22225953975581167,-9.61650423078496e-05
1.9960408210754395,0.6023556464304654,0.002449389088604558,3.995278676923853,0.0005930628107920977,0.22484893252163735,-9.730316973281258e-05
1.9970054626464844,0.5931600343981317,0.002411183437513809,3.9342850179759985,0.0005850586371189614,0.2214162465342039,-9.583553968028879e-05
1.9980289936065674,0.5885650158000337,0.0023914853127620685,3.9038256806364053,0.0005794295198622031,0.21970261653958925,-9.507490637640292e-05
1.9990458488464355,0.5862729741957573,0.002379851959372214,3.8886479389410504,0.0005743584508483315,0.21884922087120387,-9.463428589132631e-05
1.9999823570251465,0.5977931459017926,0.002429008029126186,3.9650622793064056,0.0005873979086882877,0.2231498393530919,-9.655976076712521e-05
2.0009756088256836,0.585036487066727,0.002376205251814612,3.880460398104898,0.0005739954763585816,0.2183888740858472,-9.446751465868e-05
2.0019731521606445,0.5903492177841035,0.00239708009940881,3.915713884993903,0.0005806142861424849,0.2203733824930811,-9.531599961415869e-05
2.0030062198638916,0.5930079484738011,0.002408982716019313,3.933337358651446,0.0005838899541909047,0.2213648514071555,-9.575495303286993e-05
2.0040392875671387,0.5943449024952776,0.0024160511514313815,3.9421994058257814,0.0005855646237514043,0.22186341660205075,-9.598260920719454e-05
2.0050389766693115,0.5950179945393427,0.002418208228972101,3.9466099349446315,0.0005867428319104909,0.22210992452811326,-9.609258404742539e-05
2.0060436725616455,0.5953601409897755,0.0024151525729398738,3.9488587793842105,0.0005830760079719636,0.22223583540219774,-9.60782346067152e-05
2.007047653198242,0.5896819420680448,0.0023902747968806374,3.91121202304116,0.0005750869341587175,0.22011761370062932,-9.51424572637603e-05
2.0079827308654785,0.5926838153857714,0.0024035034565784343,3.9311207662968806,0.0005779620527328672,0.22123798922492477,-9.564722665272467e-05
2.0090408325195312,0.5941742392270359,0.002409582099498347,3.94103088562645,0.0005795357244892511,0.22179649462415438,-9.589901605677551e-05
2.0099990367889404,0.5890731788574659,0.002390794289582021,3.9072118540315164,0.0005780104106003778,0.21989368235204665,-9.511253208548333e-05
2.0110371112823486,0.580689938845488,0.0023599916509056385,3.8515962397148447,0.0005715565691040323,0.21676334150789847,-9.379884662849253e-05
2.0119807720184326,0.5881874201766378,0.002393495448951294,3.9013545627636357,0.000579704285232373,0.2195646044652554,-9.504362180346865e-05
2.0130012035369873,0.5860918547065675,0.0023854047741063713,3.8874505301734716,0.0005806683804148833,0.21878195607467701,-9.476125094711347e-05
2.0140011310577393,0.5908908051548808,0.002398194598966168,3.919250512594861,0.0005800552493773371,0.2205706558337355,-9.537280258909881e-05
2.01499605178833,0.575750866702362,0.0023408871338348515,3.818803292680599,0.0005663509037914991,0.21491674276732117,-9.300324115737332e-05
2.0159966945648193,0.5857268960759796,0.0023804596078392426,3.8849451946654887,0.0005756358176840161,0.21863827416743337,-9.459539834218935e-05
2.0170071125030518,0.584854671453095,0.0023752446124180515,3.8791844853751978,0.0005727144864776281,0.2183148478714746,-9.44416394382603e-05
2.018017053604126,0.5902607914278157,0.002397101084130403,3.915066794890498,0.0005789492199829942,0.22033504366423112,-9.534077388031094e-05
2.0190093517303467,0.5871108617775186,0.002389365859139421,3.8942115951104768,0.0005797781499181993,0.2191625309617649,-9.495484095927726e-05
2.0200371742248535,0.5913857711431804,0.0024055322294989924,3.9225853428601027,0.0005825660273229412,0.22075998020799018,-9.557677044171273e-05
2.021010160446167,0.5876844553313624,0.0023873699129905433,3.89803497816369,0.0005762957901233956,0.21937830485289248,-9.48719840460162e-05
2.0220017433166504,0.5916786980780471,0.002406766476955962,3.9245059709932577,0.0005838015799307408,0.22086736356906028,-9.561678843857075e-05
2.022998332977295,0.5878305011972431,0.0023894871339240863,3.8989705649808117,0.0005770263119790481,0.21942990846847021,-9.4963132694233e-05
2.024000883102417,0.5742234732079065,0.0023371760486770006,3.8086845082949763,0.0005665320903689976,0.21434765320044175,-9.28313708369539e-05
2.0249722003936768,0.5732580447365581,0.0023304064834887297,3.802310660806035,0.0005641107057011182,0.2139898806681062,-9.264536315238402e-05
2.0259835720062256,0.5844744052416014,0.002376267296479194,3.8766810109840275,0.0005742406191784026,0.2181745500351396,-9.448728052141077e-05
2.0269832611083984,0.5900825909735008,0.0024004749799667693,3.9138468173364687,0.0005809641352868453,0.22026517901693404,-9.541992760913839e-05
2.027984142303467,0.5870341914777871,0.0023907248757181407,3.8936558694697427,0.0005787230982127812,0.21912975878380564,-9.495686684227441e-05
2.028975009918213,0.5796698508487719,0.0023571735908035404,3.844836355388492,0.000569083766276442,0.2163830983920225,-9.368870065333409e-05
2.02997088432312,0.5944959363556948,0.0024204993119135132,3.943191507694364,0.0005871714184398923,0.2219189440871574,-9.61839219657714e-05
2.0310471057891846,0.5892430256655031,0.0024003153493140253,3.908351821748755,0.0005812749539584541,0.21995826402124233,-9.530030623197242e-05
2.03198504447937,0.5866231928178721,0.002386843619683866,3.8909443475513807,0.0005788777125169669,0.21897761874067048,-9.481606539753652e-05
2.033046245574951,0.5794632331860747,0.002354248709267233,3.8434171200751313,0.0005686520896041548,0.21630167794101993,-9.35592388570462e-05
2.0340514183044434,0.5943843484413561,0.0024158106114922752,3.9424104705364043,0.0005832078924999308,0.22187369111832891,-9.599930304411805e-05
2.035074234008789,0.5833387877367912,0.0023702564437246927,3.869173010243547,0.0005731589259046984,0.21775277973520657,-9.424964459112647e-05
2.0359842777252197,0.5895244541072324,0.002395444580948645,3.9101570849587333,0.0005801610096592374,0.22005791439102768,-9.522894258580352e-05
2.0370469093322754,0.5867679257479286,0.0023856200172018135,3.891861261752648,0.0005766382310062103,0.21902785556422522,-9.477566365396133e-05
2.0380446910858154,0.5853900109920911,0.0023792486185075516,3.882712518161854,0.0005757195126832287,0.21851267919953482,-9.45413555924791e-05
2.03904128074646,0.5846878036680883,0.0023724364717012322,3.8780973468619138,0.0005728301020223006,0.2182542884821506,-9.435307019828148e-05
2.040003538131714,0.5843392337979187,0.002376653151005709,3.875759475594834,0.000576458636597203,0.21812189479611893,-9.443824901797722e-05
2.0410304069519043,0.5783138263958524,0.002349250252928335,3.835831531500195,0.0005673157582335843,0.21587598124289517,-9.34052910043733e-05
2.042022705078125,0.5938115338305014,0.002414976313635853,3.9386051193981,0.0005859125973046415,0.22165934006202095,-9.598476935388069e-05
2.0430409908294678,0.5888970236066788,0.002395799821346228,3.9059797889207775,0.000583303720630001,0.21982232341442573,-9.520563257844116e-05
2.043971300125122,0.5864323375075701,0.002383683232026764,3.8896715625938447,0.0005789251661923621,0.21890576938386563,-9.477477996208728e-05
2.0450403690338135,0.5910405630464806,0.0024093078778333102,3.920259856047538,0.0005860107971195151,0.22062796903898968,-9.564095036031487e-05
2.0459954738616943,0.5875082986872724,0.0023896794223397196,3.8967983353081994,0.0005790274183966655,0.2193065434810488,-9.49343418136188e-05
2.0470387935638428,0.5857389778422067,0.0023795502473415637,3.885084265706416,0.0005756997499714346,0.21864797033429517,-9.45884749601113e-05
2.0480427742004395,0.5848546629068346,0.002377709641449017,3.8791887061152304,0.0005754708615240726,0.21831522093835343,-9.449501707650529e-05
2.0490407943725586,0.5902602871226733,0.0024009122008130917,3.9150561244794124,0.0005811570248371598,0.2203342107851237,-9.54077081964918e-05
2.05001163482666,0.5871171190834663,0.0023845731047920818,3.8942243481153604,0.0005746620722404396,0.2191623370095397,-9.47765472961768e-05
2.051016330718994,0.5913938884781748,0.0023994726705669055,3.922615211931239,0.0005777829434958126,0.220760900950987,-9.543682437318035e-05
2.0519723892211914,0.5818408494831617,0.002356333411491929,3.859253935918874,0.0005666011149132609,0.21719506739196595,-9.381296128690156e-05
2.0530385971069336,0.5770607862122663,0.002340200996883413,3.827549767559059,0.0005632869989019339,0.21541082567250425,-9.30784149115539e-05
2.05403733253479,0.5746647576445294,0.002334700207525944,3.8116578845380733,0.0005633384386248019,0.21451646424748724,-9.276828783779061e-05
2.0550365447998047,0.5793201757513733,0.002351191783771083,3.8425150595968294,0.0005673264328529685,0.21625239584121259,-9.351981405635325e-05
2.0559754371643066,0.5943114033931021,0.0024150217546102856,3.9419474244763753,0.0005840209090490058,0.22184829053650282,-9.601454587132204e-05
2.056969165802002,0.5949800605907887,0.0024146905950356173,3.9463945640162232,0.000582126736328044,0.2220989534934748,-9.602346460754764e-05
2.058037281036377,0.5894753776633788,0.0023921402323597994,3.9098890129224837,0.0005757483295281182,0.22004465003735174,-9.51515336623025e-05
2.0590415000915527,0.5925719899201328,0.0024026912149626182,3.930431285762886,0.0005783744552299865,0.22120084292745149,-9.56112742259878e-05
2.0599710941314697,0.6009363431278322,0.00243511134219394,3.985912143159779,0.0005865137363437752,0.2243232988729739,-9.69410966303359e-05
2.0609962940216064,0.5924518609669063,0.0024051832021209055,3.9296462329249704,0.0005804890521175096,0.22115703335816897,-9.562699002344378e-05
2.0620360374450684,0.6008811717238752,0.002439626701195788,3.9855618263929298,0.0005886986712283492,0.22430407915210993,-9.696987027872104e-05
2.0630359649658203,0.6050971756275776,0.002456916427213717,4.013528592244028,0.0005939677744241783,0.22587810744581951,-9.768129297482916e-05
2.0640406608581543,0.5886947983644817,0.002392567149934323,3.904735071659125,0.000579665522994538,0.2197553367448106,-9.508597226533102e-05
2.065002918243408,0.580499504658845,0.002357660758653473,3.8503774098121553,0.0005704184282628931,0.21669615182906457,-9.372239601770754e-05
2.066037654876709,0.5764037728547072,0.002341396409359741,3.8232019572576386,0.0005674164790936168,0.21516645363231213,-9.306194267561631e-05
2.0670406818389893,0.58019839439389,0.0023580336955109473,3.848394622887877,0.0005716460162750639,0.2165850201062764,-9.368216496086257e-05
2.0679726600646973,0.5762536393362093,0.0023389112717693934,3.8221824760771907,0.0005651604377927213,0.2151083274844327,-9.301388243609774e-05
2.069039821624756,0.5742697645776805,0.0023328409982616917,3.809037307399273,0.0005648775595801497,0.21436895968741537,-9.27683728537338e-05
2.0700159072875977,0.584979022758879,0.0023784686832521978,3.8800266882232743,0.0005779826375485098,0.21836279776496176,-9.455166240183587e-05
2.071018934249878,0.5903342353250228,0.0024002074275694205,3.9155626683133797,0.0005830692163178966,0.2203632276663686,-9.537255213800065e-05
2.072038412094116,0.5871679170710106,0.0023845905317817313,3.8945502724343823,0.0005787537858778992,0.2191803299382048,-9.481452606864416e-05
2.0730161666870117,0.5855791986780716,0.002377673586573642,3.8840198557073844,0.0005757583763494865,0.2185879196644832,-9.454268606399614e-05
2.0740416049957275,0.590629826472443,0.0023968371955770695,3.9175454096501934,0.0005786728185918236,0.22047551678064795,-9.533608726029584e-05
2.0750677585601807,0.593159879134662,0.0024113249252147263,3.934339677160616,0.0005851841987215222,0.22142108921119902,-9.582685296933289e-05
2.0760467052459717,0.5885773833356854,0.0023932088816374895,3.903951158628001,0.0005795739139392537,0.21971105657484757,-9.511429673406477e-05
2.0770556926727295,0.5989545464909921,0.002435296283676889,3.972755744167472,0.0005906401025387707,0.22358250549890724,-9.679132963260272e-05
2.0780045986175537,0.5914712864942614,0.0024011714880861003,3.923133390250335,0.0005809902450782146,0.2207902158055726,-9.551774672878719e-05
2.0790412425994873,0.5818789444949374,0.002364042775545109,3.859515237948414,0.0005709741953823132,0.21721004679426875,-9.39684823127295e-05
2.07997465133667,0.595592049275776,0.002417901390868118,3.9504658397547536,0.0005825841841422048,0.22232846344954468,-9.612605085937962e-05
2.0809733867645264,0.5956288667280061,0.002416274466067756,3.950719588685403,0.0005829618409777536,0.22234304679368525,-9.611098030930263e-05
2.081970453262329,0.6024687378521618,0.0024453354089560442,3.996050306288481,0.0005902300173801527,0.22489304149532793,-9.72534610437928e-05
2.0829899311065674,0.5990754611622406,0.0024317643488291764,3.9735313994459407,0.0005860394427459425,0.22362532301091542,-9.672165924760321e-05
2.0839741230010986,0.5915289148499797,0.0024020893618192764,3.923493128673344,0.0005789365713510736,0.22080974811348283,-9.548992555519e-05
2.0849974155426025,0.593609554865761,0.0024130975680220564,3.9372921064900517,0.0005849615423834043,0.22158629132161856,-9.59014054592445e-05
2.086033582687378,0.5829517445938415,0.002367673110794765,3.866622201205986,0.0005736730645099826,0.2176097422286034,-9.414044480939036e-05
2.087013006210327,0.6019807336086823,0.002442977815314833,3.9928397230861354,0.0005877880747207377,0.22471318645253713,-9.714528483492268e-05
2.088040828704834,0.5929829660713424,0.002404181751076299,3.9331596622283818,0.0005769327816347439,0.2213544709141873,-9.56490383611199e-05
2.089052200317383,0.5943205735336595,0.002412303289815582,3.9420415648388225,0.0005825193087609067,0.22185464548286707,-9.595126230057747e-05
2.090009927749634,0.5833058297202275,0.0023724521822352657,3.8689558853504376,0.0005752766071685533,0.21774060703877493,-9.425503927440446e-05
2.0910003185272217,0.5894835675269262,0.00239437812505579,3.9099498907410664,0.0005800489262067075,0.22004828377583596,-9.520579886770594e-05
2.091975212097168,0.5993911653643152,0.0024329538985319336,3.97565217972986,0.0005887549304778289,0.2237455272404569,-9.676332940848594e-05
2.093001127243042,0.5916699101875935,0.0024020548278706377,3.9244447065676265,0.0005805536674351841,0.22086382132300936,-9.552968350452826e-05
2.0939977169036865,0.5878126453812335,0.0023818634422983842,3.898863231206819,0.0005737504955457653,0.21942421981029445,-9.482551565573095e-05
2.095010995864868,0.5858931375530967,0.0023799993243353128,3.8860920703281168,0.0005761553527099371,0.21870422189295788,-9.461862695714562e-05
2.0960445404052734,0.5907756246551226,0.0023983802988581204,3.918504221785899,0.0005784694626470876,0.2205292164531119,-9.53333823560175e-05
2.0970518589019775,0.5932174588000808,0.0024075281290752175,3.9346920555050087,0.0005817890133615416,0.2214399838728255,-9.57646065475606e-05
2.0980427265167236,0.5885852881502379,0.0023894179764796498,3.904007863103527,0.000577605905570711,0.219714383343992,-9.507115455178459e-05
2.0990421772003174,0.5862681258074142,0.002383775205156384,3.88864889926251,0.0005780992768530234,0.2188503252897495,-9.474477178941813e-05
2.099972724914551,0.5977779579506863,0.0024244554345406624,3.964988095457266,0.0005844017816918871,0.22314650677012948,-9.644538122366646e-05
2.101003646850586,0.5908722415001945,0.002399748571871797,3.9191811973066475,0.0005801798728032197,0.22056846195658864,-9.543787268682686e-05
2.1020379066467285,0.5815733019531155,0.002356728129175483,3.857501489524062,0.0005676993853004041,0.21709714402542007,-9.381486224909003e-05
2.103046417236328,0.5954364044784992,0.0024175362654168743,3.9494627073409787,0.0005838606588384173,0.22227293529531963,-9.61189069638687e-05
2.1040422916412354,0.6023721634027879,0.0024505391850140547,3.995452031874972,0.0005923366493092524,0.22486071275560962,-9.732086569582591e-05
2.1049997806549072,0.5931768810283301,0.002412737180043157,3.9344218189438545,0.0005849004253640876,0.22142474062021902,-9.586393575200294e-05
2.106031656265259,0.6012387726001701,0.0024420296523154136,3.987923316654266,0.0005896685952492455,0.2244366510629145,-9.708746031810796e-05
2.1070468425750732,0.5926129942393225,0.002404035531713175,3.930704940892768,0.0005780469214120511,0.22121629739531476,-9.564380722685877e-05
2.1079719066619873,0.5824587356271681,0.0023606469751010647,3.8633415293275437,0.0005682977120262693,0.21742477239193178,-9.396544193839777e-05
2.1090431213378906,0.5832327841436913,0.0023646985762293933,3.8684822562671255,0.0005690253837549327,0.21771429667350067,-9.409812268998295e-05
2.110034227371216,0.5777699482207602,0.002343040043032215,3.832270052726735,0.0005640544404891822,0.21567700310945678,-9.319835569477878e-05
2.110992670059204,0.5935420413436218,0.0024122606210728276,3.9368953423063653,0.0005849444777012915,0.2215655808654246,-9.588132057844821e-05
2.111985445022583,0.6014194401270488,0.0024407586265436363,3.9891315614247724,0.0005904424484097334,0.22450496395634506,-9.707041081671916e-05
2.1130056381225586,0.5868405253503999,0.0023846018448779455,3.8924438691488374,0.0005772223810940158,0.2190638499138779,-9.474926730195724e-05
2.114020347595215,0.5912600573190291,0.0024009780230193163,3.9217039859701397,0.0005815003738138516,0.22070887081504068,-9.546361698718299e-05
2.1150107383728027,0.6002896872198478,0.0024360818381523332,3.9815971244117456,0.0005900970955418452,0.22407963333854772,-9.68941974869788e-05
2.1159865856170654,0.5921460926679104,0.002405096320018137,3.927538673141915,0.000582093853392005,0.22103590157080977,-9.562328656814323e-05
2.117000102996826,0.6065817821010642,0.0024637331648765005,4.023283662429843,0.0005966569399684158,0.22642419240602904,-9.79609055287368e-05
2.117997884750366,0.5894371476970881,0.0023957570487595885,3.909611031435095,0.0005815189132857089,0.22002823081592032,-9.52276102763407e-05
2.118999719619751,0.5867133708688759,0.002385993928600925,3.8915692749860225,0.0005796457097781472,0.2190136387210262,-9.481474760182129e-05
2.1200034618377686,0.5853509435754213,0.002380488776079011,3.8825353054323797,0.0005785063515589054,0.21850530401205182,-9.457283510932814e-05
2.1210014820098877,0.5905163926594736,0.0024009466614474525,3.9167856662970166,0.0005818614248352873,0.2204325257706651,-9.539390677733037e-05
2.1220216751098633,0.5999204576625207,0.0024376338065386677,3.979136155673943,0.0005876277715697961,0.22394075445827027,-9.68522358081824e-05
2.123011350631714,0.5977947930362284,0.0024296227336210925,3.9650534272873643,0.0005880334716747477,0.22314871378371984,-9.657587465604195e-05
2.12400221824646,0.5908996282567857,0.00239615540247536,3.919286096370297,0.0005779469038875789,0.22057193092746424,-9.534562156948043e-05
2.125004768371582,0.5874491018127775,0.00238379055941429,3.896433599755867,0.0005750879705272954,0.219286901840402,-9.480054895748612e-05
2.126016855239868,0.610087029857637,0.002480866732559246,4.046561550478191,0.0006011011203503637,0.22773514272477774,-9.858842626898787e-05
2.1270079612731934,0.602883222203578,0.0024502799191827448,3.998810181298322,0.0005927820137652689,0.2250487029618623,-9.742901835929594e-05
2.127995491027832,0.5992833507274712,0.002435836224957385,3.974896234668991,0.000590134124013392,0.22370168829772255,-9.685848071829368e-05
2.1290063858032227,0.6043030525568714,0.0024567255437926098,4.0082014015625935,0.0005940291130891791,0.22557639818765168,-9.767975665215976e-05
2.13002347946167,0.5941389801959187,0.002415577414590841,3.9408003091096138,0.0005831463736604175,0.2217836224054842,-9.598068448781476e-05
2.131030797958374,0.5949069093888698,0.0024207184276748193,3.945904352779801,0.0005869479639131306,0.22207120577128542,-9.615045611813879e-05
2.1320416927337646,0.5952956591579827,0.0024210637403273136,3.948500953640143,0.0005864697053740706,0.22221791372039446,-9.620948636448162e-05
2.1330406665802,0.5896371315825246,0.00240217751496255,3.9109683781101436,0.000581142313078666,0.22010560120230446,-9.536627772147889e-05
2.1339683532714844,0.5994724229687088,0.002437537041208189,3.9762039708306207,0.0005898053578425418,0.22377698843414132,-9.68843543909588e-05
2.1350364685058594,0.5917296141806437,0.002406438472802206,3.924847022266501,0.0005825664005040433,0.22088666344307611,-9.56296255740276e-05
2.1359732151031494,0.5878624716724894,0.0023870172325188986,3.899184250156497,0.0005755901681318635,0.2194419861818118,-9.489317837901726e-05
2.1369736194610596,0.5800749477406445,0.0023503301817261887,3.8475465557886914,0.0005654188992553833,0.21653636357904363,-9.354016562862739e-05
2.137972116470337,0.5820250387465307,0.0023610182760074837,3.860479626425087,0.0005689184134593566,0.21726417476061807,-9.393015084355689e-05
2.1390321254730225,0.5830035861744411,0.002369609702570653,3.8669693858122276,0.0005722440750632362,0.21762938730611703,-9.418825439221771e-05
2.139974355697632,0.5961571813785623,0.002420568556599945,3.9542242634698352,0.0005842643056090269,0.22254030082956047,-9.629700331506589e-05
2.141021251678467,0.5900710948218286,0.0023961817796101866,3.913851164681216,0.0005787650243091706,0.22026798035339798,-9.529853912161623e-05
2.142028331756592,0.5928683590154388,0.002409327346674716,3.932412050255944,0.0005823640840705584,0.22131279408508517,-9.579924764398058e-05
2.143038749694824,0.5825761192662945,0.0023702907461046986,3.8641485229761363,0.0005740617099766435,0.2174710902844924,-9.418034418385872e-05
2.1439735889434814,0.5832853690467747,0.00237443801104323,3.8688045422617385,0.0005758073718642701,0.2177315938367751,-9.432063416551831e-05
2.145033359527588,0.589476315362772,0.0023954140731618145,3.9098812788202246,0.0005795097345408411,0.2200437719086332,-9.5249271698892e-05
2.1460421085357666,0.5925699771733263,0.00240821394698471,3.930417224262213,0.0005837088701644296,0.2212000287275105,-9.575371379075644e-05
2.1470751762390137,0.6009344224217852,0.0024392073661277636,3.985908746217616,0.0005884722913448643,0.22432340413188046,-9.698284408670944e-05
2.147982358932495,0.59829930448747,0.0024321127435524884,3.96844568393166,0.000589922389771929,0.22334108304439568,-9.667773024605144e-05
2.1490535736083984,0.5969900923034631,0.002427109528522685,3.9597374651828816,0.0005892656840861889,0.22285021789695983,-9.648327367735142e-05
2.150017023086548,0.5963475201299737,0.002422312934289641,3.955424851076838,0.0005869947927244381,0.22260590506262584,-9.630882719874814e-05
2.1510331630706787,0.5901693964321579,0.0023976155777283618,3.914459897160854,0.0005803421514395233,0.22030086606134325,-9.532410641175504e-05
2.15197491645813,0.5870843428789398,0.0023886830912096405,3.894013309946377,0.000579513669241352,0.2191506614708146,-9.487662162469667e-05
2.153003215789795,0.5913850358281101,0.002407616827177921,3.9225596666682585,0.0005840482542374173,0.22075787538753855,-9.561584946965384e-05
2.1540048122406006,0.5935275747809834,0.0024106852617073508,3.9367811568747872,0.0005835067102034294,0.22155857637229928,-9.585440164275315e-05
2.1550421714782715,0.5945972897561826,0.002412037168329084,3.943891276905905,0.0005808390841021865,0.22195919920548354,-9.596415074200066e-05
2.156045913696289,0.5834465868012669,0.0023717826510666214,3.869918493539831,0.0005722488991871035,0.21779570157124298,-9.424488124175085e-05
2.157040596008301,0.5963912120494081,0.0024201082493634325,3.9557724182938325,0.0005840736205410425,0.22262729839275627,-9.625971868664194e-05
2.1580042839050293,0.5901959154081206,0.002396476428144634,3.9146643146073337,0.0005803799689360887,0.22031327511945986,-9.529552473896498e-05
2.159039258956909,0.5871071126842616,0.0023828392503602303,3.8941692203780383,0.0005734049151899424,0.21915959112860223,-9.476682531259868e-05
2.160041332244873,0.585557583013435,0.002373424763894381,3.883900152963272,0.0005711728137510753,0.21858193401162088,-9.445584350915425e-05
2.1610300540924072,0.584773672646404,0.0023722996602689793,3.8787237054653563,0.0005731560932422318,0.21829134114338572,-9.436410848183905e-05
2.162006378173828,0.5902174948790084,0.0023967241941784895,3.914834017014997,0.0005798852935483458,0.22032366869096845,-9.529278673630396e-05
2.1630027294158936,0.5929397828365713,0.002406961339304823,3.9328820824619943,0.0005838773555963065,0.22133912901065833,-9.571767649700257e-05
2.163973331451416,0.5942984431231249,0.0024107547668130312,3.9419183877714725,0.0005832791518975945,0.2218484619348458,-9.592765791943224e-05
2.1650519371032715,0.5891383398710129,0.002393080820962022,3.9076946962077175,0.0005776508756631461,0.21992246279271407,-9.514551867211426e-05
2.1660404205322266,0.5865695167331474,0.0023808303625463085,3.8906384224392987,0.0005732517815634189,0.21896199103918146,-9.46713184412041e-05
2.167038917541504,0.5979477764997257,0.0024264234272003424,3.9661192377796635,0.0005836344838399157,0.22321031767407024,-9.650960910171303e-05
2.167973756790161,0.5909746149867515,0.0023991765091288197,3.919853098050594,0.0005781301174806109,0.22060605003980002,-9.542427414324359e-05
2.1690399646759033,0.6001443952318891,0.0024377248014197813,3.9806872328247835,0.0005876492001453151,0.22403013272321945,-9.694035807504862e-05
2.1700398921966553,0.592054050731624,0.002404699703824994,3.9270309513586024,0.0005799020413889378,0.22101058791276795,-9.561848128783565e-05
2.1710283756256104,0.5938554653292065,0.002412352651872334,3.938982504455886,0.0005833291549089495,0.221683306897955,-9.590360695783945e-05
2.171971082687378,0.5830745451202414,0.002367538819322042,3.8674658754858027,0.0005718989808592017,0.21765814853769586,-9.412575548251082e-05
2.1730380058288574,0.5893791470633536,0.002393654737604093,3.909279596310326,0.0005776782085931387,0.22001126820588887,-9.513102533147294e-05
2.174039363861084,0.586677109867759,0.0023820912364275353,3.8913647405258938,0.0005755867278840668,0.21900326924113225,-9.4696457505099e-05
2.1749989986419678,0.5853275010354586,0.002374548623968821,3.8824166128693074,0.000574201437296124,0.21849979148591278,-9.443459958235933e-05
2.1760618686676025,0.597329500346437,0.002426095141333329,3.961975281169936,0.0005867725356313263,0.22297573449505417,-9.640783804407713e-05
2.1770124435424805,0.5906408809275097,0.0023993221646199455,3.9176150034692934,0.000580928046931537,0.22047931510800592,-9.534600175920838e-05
2.178046226501465,0.5873111898703502,0.0023839019495398416,3.8955003759641857,0.000574810186702924,0.2192337948867603,-9.477049211260302e-05
2.179046154022217,0.5983103415428681,0.0024265287823871206,3.9684691157060428,0.0005840971053513554,0.22334082318903112,-9.649172839179863e-05
2.1800453662872314,0.5969926580660682,0.002420097628529198,3.9597585289413715,0.0005828217366372924,0.22285153197159643,-9.631072073423685e-05
2.181020736694336,0.5904946853102269,0.002396571338390783,3.9166350160267336,0.0005774635785305217,0.22042383598088683,-9.532160766771719e-05
2.1820385456085205,0.5872528914595126,0.0023838833566422577,3.895140036820359,0.0005747718652874633,0.2192143510184323,-9.479834092352388e-05
2.1830387115478516,0.6041374147925258,0.0024464027571998318,4.007132423467658,0.000588637249016837,0.22551717826965592,-9.740846636853666e-05
2.1840453147888184,0.5940580751664309,0.0024064966233154155,3.940294148417057,0.000579986616959795,0.2217561024301603,-9.579496927115295e-05
2.1849734783172607,0.5831705502338171,0.0023688078252843007,3.8680962527546305,0.0005717016517632323,0.21769342235721306,-9.417037054063274e-05
2.186046600341797,0.5835839991532341,0.0023705481819887362,3.8708284655154617,0.0005726676435670608,0.21784686739710968,-9.422785924002554e-05
2.1870388984680176,0.5779514488612074,0.002345373287737281,3.833451161893224,0.0005659363203751416,0.21574275290135586,-9.326273437920887e-05
2.1880064010620117,0.5809802833016195,0.002357387710443718,3.8535321181924176,0.0005694754769630086,0.2168726103818043,-9.375672009872083e-05
2.1890132427215576,0.595150781350766,0.002418367509675888,3.9475402102928894,0.0005854181166768275,0.22216385054375587,-9.614833448992855e-05
2.19002628326416,0.5895619377379757,0.0023984271686553573,3.910469671594512,0.0005806641482945549,0.2200775356284912,-9.525708938229353e-05
2.19101881980896,0.5867684320495419,0.002385386637002119,3.89194991698719,0.0005773752261938899,0.21903555057940116,-9.479273939717648e-05
2.191986083984375,0.5853862720562728,0.002377030333065403,3.882796182350055,0.0005757790704363486,0.21852082813223545,-9.453011875884571e-05
2.1929781436920166,0.5905409615452202,0.0023976492552754106,3.916984161930788,0.0005803604446171749,0.22044482403221943,-9.533365424319966e-05
2.1939854621887207,0.5999314771376626,0.0024396419687461317,3.979246473052668,0.0005924124287079629,0.22394814342755004,-9.69455991499143e-05
2.194990873336792,0.6046224519929455,0.0024571944254968476,4.010381499134605,0.0005934951789737824,0.2257010452156488,-9.767732196145746e-05
2.19598388671875,0.6128248501131018,0.002491860475235923,4.064787448300038,0.0006018323346138617,0.22876298474371937,-9.902668390477245e-05
2.1969780921936035,0.5984094917646328,0.002432090088505625,3.9691724620437348,0.0005883483775163261,0.22338185627935783,-9.670785807153366e-05
2.1980342864990234,0.5970442177065568,0.0024231016480227648,3.9601169075616265,0.0005848289682009337,0.22287222109739815,-9.63912720981836e-05
2.1990504264831543,0.5963668266680113,0.002423551046361916,3.9556143116812486,0.0005857876536593293,0.2226185157435524,-9.631365173579968e-05
2.1999802589416504,0.5960149544916018,0.002423736447997357,3.953304363294541,0.0005877199693809551,0.22248927397778429,-9.634195409351645e-05
2.2010185718536377,0.5958474408748111,0.002422362007452669,3.9521445588838993,0.0005868559972365998,0.22242245607286254,-9.631353335939574e-05
2.202042579650879,0.5957649113536291,0.0024168575782373236,3.951592027633896,0.0005823595239502495,0.22239119772061272,-9.615153594420553e-05
2.2029969692230225,0.6025421755269298,0.002447856732518269,3.996551344463948,0.0005914655867113318,0.224921681576799,-9.733245988727275e-05
2.2039954662323,0.6059255041007647,0.0024588203160380317,4.0190088446100205,0.000594810269626127,0.22618608926003364,-9.783277634164479e-05
2.2050082683563232,0.5949482056347598,0.00241250070344122,3.9462158841339674,0.0005819533214131141,0.22208993180714026,-9.599611700443924e-05
2.206043243408203,0.6021315539109816,0.002440084517871827,3.9938613942052625,0.000587827838266453,0.2247713607012721,-9.709589981635296e-05
2.2070422172546387,0.5930605867182636,0.0024062312476596055,3.9336849513962777,0.0005799238058911643,0.22138436475914158,-9.57000262777345e-05
2.207994222640991,0.5943626117036884,0.0024126754740024185,3.94233518130451,0.0005839108547434863,0.22187163876172555,-9.594994579482955e-05
2.2090535163879395,0.6018404766521672,0.002444483585147558,3.991932409494588,0.0005927632743026926,0.2246628524350454,-9.718592422482064e-05
2.2100026607513428,0.5987514667674304,0.0024305779617450076,3.9714325965458688,0.0005870245978345979,0.22350879660736298,-9.667593105873683e-05
2.2109999656677246,0.5972006251869255,0.00242299098350192,3.9611406824274322,0.0005840731923952222,0.22292940522974544,-9.637937197564723e-05
2.212041139602661,0.5905835190748949,0.0024013465873071894,3.917266754954526,0.0005802206875782114,0.22046073837406693,-9.543539051704098e-05
2.2130014896392822,0.599952543307846,0.0024383997897610516,3.9793671262897465,0.000588978882073982,0.22395432890556086,-9.693606863379433e-05
2.2140305042266846,0.591970504353665,0.0024020186701499964,3.926421562775585,0.0005794236610930593,0.22097453975131873,-9.556507726203818e-05
2.215022563934326,0.587976636696782,0.002387972295592237,3.899958251453799,0.0005778502632396585,0.21948607773438478,-9.496562786321636e-05
2.2160089015960693,0.5859895621477832,0.0023813565241136442,3.8867227721790805,0.0005753481504094082,0.2187394361052856,-9.465121885061894e-05
2.217007875442505,0.5976644174554147,0.0024286484219077247,3.96417246464469,0.0005881035435142478,0.22309862003469508,-9.653838352008458e-05
2.2180027961730957,0.5908346804584311,0.002399455833190836,3.9188662979779902,0.0005805694337740858,0.22054865359752743,-9.542717896495274e-05
2.2190048694610596,0.5932620498439228,0.0024078176085729677,3.934963474071387,0.0005800034957339394,0.22145448700426548,-9.572814681765854e-05
2.2199742794036865,0.5827823803173395,0.0023613698776313134,3.8654935154992835,0.0005675979090070721,0.21754605244622718,-9.397537916290589e-05
2.2210114002227783,0.5833810007935899,0.002363683711838584,3.8694868291588533,0.0005671135516923789,0.2177715144394692,-9.40985910260947e-05
2.2220041751861572,0.5895261638465231,0.0023923295121160613,3.9102393551317394,0.0005749800169340012,0.2200647948451839,-9.514071398574436e-05
2.2230165004730225,0.5925917664279325,0.0024038317865357037,3.930578732715566,0.0005795152987179653,0.22120965722999342,-9.562360562588366e-05
2.224008083343506,0.6009533049345623,0.002439487473202834,3.98601996262429,0.0005899495444347056,0.22432921812314927,-9.701350968279743e-05
2.2250099182128906,0.5924741525107076,0.0024099853051710984,3.929740919738273,0.000583688563574293,0.22116067563184766,-9.569963480551102e-05
2.2260053157806396,0.5882210669096366,0.0023928883693972976,3.901540580140497,0.0005803370960182877,0.2195738945956118,-9.503934644916513e-05
2.2269978523254395,0.5919448655149717,0.002406613520634575,3.926253985717465,0.0005832343054201025,0.2209651872495075,-9.565801701038561e-05
2.227975845336914,0.5938051244728518,0.0024109245997109507,3.9385999102638536,0.000582100294303009,0.2216602303788872,-9.586893679915352e-05
2.2290048599243164,0.5888937249211087,0.002391416998060439,3.9060207560201867,0.0005767237629127503,0.2198266230731217,-9.507283780974766e-05
2.230001926422119,0.5864492665484433,0.0023802637585309725,3.8898120968016645,0.0005721616006427625,0.21891457512271068,-9.465000875410687e-05
2.231034278869629,0.5852190286360277,0.0023744372795494427,3.8816231514602864,0.0005721588295760889,0.21845278971173995,-9.444458311374162e-05
2.2319743633270264,0.5845978189836839,0.0023751764888342575,3.8775290214962808,0.0005761400474187853,0.2182232083924479,-9.446430490712827e-05
2.2329776287078857,0.5842982793922296,0.0023768399312928566,3.8755334704051188,0.0005759837557158113,0.2181106232347934,-9.441749934990654e-05
2.2340025901794434,0.5968136210845608,0.0024283270434616463,3.9585246388677606,0.0005912397543093013,0.22278061859660236,-9.648567667748998e-05
2.235039710998535,0.603072942391004,0.0024524378290384807,4.000017936797734,0.0005970644822348796,0.22511506794953054,-9.745503136047147e-05
2.235971689224243,0.5935370227687017,0.0024181298794800853,3.9367828431809464,0.0005886003123816718,0.22155673683204902,-9.600179912960868e-05
2.237006664276123,0.5946125095255603,0.002419857289188333,3.9439456732207008,0.0005867657879593869,0.22196078370088843,-9.610031387063146e-05
2.238039255142212,0.6019632229104644,0.0024496512893622045,3.9927195817939136,0.0005931781522501683,0.22470629812285564,-9.725313187327154e-05
2.2389979362487793,0.5988171296784511,0.0024355717513887985,3.971864256824818,0.0005903494163581144,0.2235329672115483,-9.673759187485533e-05
2.2399752140045166,0.5972460377504211,0.002431015727680152,3.961449475639155,0.0005914440062762716,0.22294702389081825,-9.656958442464952e-05
2.240971088409424,0.590617002126223,0.0024025722592701595,3.917473580517786,0.0005819884261862819,0.22047189409320392,-9.541444174759986e-05
2.2420382499694824,0.5873005900824205,0.002386599467148925,3.895473155238772,0.0005758244825417162,0.21923362972723012,-9.48255112352651e-05
2.2430419921875,0.6041571496475632,0.0024593959479999048,4.007265320190363,0.0005984186493570518,0.22552472070413948,-9.767454986565367e-05
2.2439775466918945,0.5882238233410515,0.0023920292684698335,3.901597447815638,0.0005805890711898626,0.2195783188762415,-9.506440002222813e-05
2.2450313568115234,0.5919544451739498,0.0024052272787211003,3.926298844876967,0.0005822867630074234,0.22096711932747598,-9.560276925925452e-05
2.2460405826568604,0.5938207515508511,0.002407887392201881,3.9386941358389116,0.0005822980710230163,0.22166523403546065,-9.584063412683373e-05
2.2470383644104004,0.6015767729774247,0.0024394542083362395,3.990156317811084,0.0005896801297105645,0.22456203966769972,-9.706117335065205e-05
2.248039722442627,0.5986290092688039,0.0024300825547247133,3.970603624261899,0.0005890606630497502,0.22346161182429825,-9.667450964746358e-05
2.2490406036376953,0.5912979331795887,0.002405112504560939,3.921990268502679,0.0005827123177004679,0.22072609473167853,-9.556565820625837e-05
2.2500228881835938,0.5876401847022362,0.002388909334831486,3.8977131115215706,0.0005770231699932133,0.21935929512534225,-9.495246546155681e-05
2.2510147094726562,0.5916528205075448,0.002405240342158907,3.9243519181223596,0.0005817139316861016,0.2208592516686352,-9.563886140122058e-05
2.2520394325256348,0.5936611064636749,0.0024134965400712215,3.9376654269841476,0.0005824601334728442,0.22160829739293433,-9.590822427150967e-05
2.2530016899108887,0.5829639364539324,0.0023691410831940545,3.8667716916969272,0.00057183253233428,0.21762033254141858,-9.417999610405182e-05
2.2540149688720703,0.5834740836264884,0.002369628896514665,3.8701380945654935,0.0005705363936128849,0.21780924116169165,-9.423002508495592e-05
2.255005121231079,0.589574535332333,0.0023944854861749016,3.910561453683911,0.0005774664043376542,0.220082961995953,-9.52152225095451e-05
2.256007194519043,0.5994394718460202,0.002438006103473199,3.9759799074314266,0.0005919233122795017,0.22376420352900325,-9.692577120402719e-05
2.256977081298828,0.5917061650350917,0.0024031140875396956,3.92470789776558,0.0005797819016760564,0.22087935427545105,-9.55812308794024e-05
2.2579736709594727,0.5936822476315083,0.002408196869052237,3.9378385429477802,0.0005801095982890481,0.22161908341347056,-9.577938786305995e-05
2.2589759826660156,0.5829855557133953,0.002365908165572418,3.8668779995430858,0.0005721876460361795,0.21762513868644973,-9.40846636117085e-05
2.2599730491638184,0.5893301856141904,0.0023886703614098975,3.908956017558549,0.0005767477787717205,0.21999309451357252,-9.50589200281763e-05
2.2609734535217285,0.5808133962322264,0.002356144403016798,3.852462640508597,0.0005684525649458864,0.2168136094462726,-9.370150743554923e-05
2.2619760036468506,0.5882512024669355,0.002385593837973815,3.9017858831768124,0.0005761226925086256,0.21958914072824323,-9.48880976009727e-05
2.263007402420044,0.574443640757539,0.0023308747659435106,3.81014776266501,0.0005631288907840425,0.21443009627817658,-9.27057833625245e-05
2.264064311981201,0.5792297780752483,0.0023534358400940595,3.8419122108301518,0.0005682092609195817,0.21621836489783194,-9.353200109836504e-05
2.265052318572998,0.5757787886991862,0.002340755939297475,3.818991790874733,0.0005671013144622249,0.2149274557120362,-9.30119889194109e-05
2.2659969329833984,0.5925569891193855,0.0024070742053522312,3.930290066063839,0.0005833487974089678,0.22119157147239007,-9.570494501103872e-05
2.2670390605926514,0.5824252211415626,0.0023664343221555025,3.8631260517029093,0.0005718722540773181,0.21741286181053723,-9.404451445352687e-05
2.2679717540740967,0.589051179140323,0.0023894045327481415,3.907087551980373,0.0005767118973961838,0.2198873725872757,-9.50565166325288e-05
2.269041061401367,0.5923610329820155,0.002403465688530749,3.929047666297551,0.0005808175652328013,0.2211234695332213,-9.561960629085756e-05
2.270022392272949,0.6008449688611739,0.0024392946517091734,3.9853011039140727,0.0005893319269916385,0.2242887525446485,-9.699074970377984e-05
2.2710177898406982,0.6050771120225724,0.002458040566643151,4.013375403085505,0.0005949170825025424,0.22586884814871366,-9.770574156158804e-05
2.2719759941101074,0.6071918377299359,0.0024631682215780324,4.027403684643183,0.0005944026347071612,0.22665839884121314,-9.796215721386681e-05
2.272969961166382,0.5838996568403635,0.002369673254452402,3.872898741769154,0.0005722980804126438,0.2179626372599477,-9.426929883993862e-05
2.27397084236145,0.5839495043588273,0.002368389849862488,3.873236039884269,0.0005712914497818526,0.21798183160205126,-9.424700796794893e-05
2.275070905685425,0.5898243943268101,0.0023983817571318912,3.912206549165564,0.0005793266904851113,0.22017516010773452,-9.52882172228013e-05
2.2760496139526367,0.5995872241765623,0.002440242326227826,3.9769312200335643,0.0005925196848271814,0.22381683206022487,-9.692328905241549e-05
2.277045488357544,0.5918024006365078,0.002406252252266405,3.925277995974872,0.0005835598439425559,0.22090927471211916,-9.564160623252589e-05
2.2780418395996094,0.5879116285150799,0.002392818205935764,3.899471861291738,0.0005820150276196552,0.21945695294459822,-9.509631647224212e-05
2.2790424823760986,0.591807401146589,0.00240439865928333,3.925321336461621,0.0005825512353838473,0.22091203653275668,-9.564393138362118e-05
2.2800426483154297,0.5937521310199173,0.0024135230553063497,3.9382570591998394,0.0005835316162064406,0.22164120930360043,-9.595474558064442e-05
2.28102445602417,0.5888803637358693,0.002392779213874481,3.9059553865292207,0.0005771750646337285,0.21982368177909367,-9.512606029184835e-05
2.2819979190826416,0.5922807451520312,0.0024061607424036373,3.9285059481301197,0.0005831442110410384,0.22109269081036867,-9.567016955310101e-05
2.283040761947632,0.6008031072951714,0.002441627428337417,3.985041311528441,0.000592164821220283,0.22427469829418362,-9.707041694597436e-05
2.283973217010498,0.5923963143692539,0.0024077964070869456,3.9292841386896287,0.0005836439987671696,0.22113685587162055,-9.56937117188391e-05
2.2850399017333984,0.5940320183563842,0.0024103873505009928,3.940145081681887,0.0005822038039537257,0.22174846692137062,-9.586590797972383e-05
2.2860500812530518,0.6016605377863761,0.002444106547692877,3.990759585578527,0.0005933910048790429,0.22459750297317674,-9.717940978118975e-05
2.2870397567749023,0.5928130229047384,0.0024083127066507164,3.932053910032297,0.0005833027120808759,0.22129292028626962,-9.576942830776547e-05
2.2879748344421387,0.5883872292018694,0.00239062236323768,3.9026972486323666,0.0005786869443195326,0.21964072086672323,-9.504934264386962e-05
2.2890055179595947,0.5920239821348143,0.0024051553265331755,3.926809435084117,0.0005802207476849619,0.22099742091715635,-9.561467397496364e-05
2.2899739742279053,0.5879994290465034,0.002385886332044745,3.9001196365135002,0.0005755498024206596,0.21949548422818987,-9.49408094441849e-05
2.2910258769989014,0.5918387172567182,0.002403823499720572,3.9255777954067645,0.0005818473091822639,0.2209280160637977,-9.561327712852772e-05
2.2919905185699463,0.5937644786554572,0.002412308549471431,3.938315617721881,0.0005828839183929501,0.22164376453282236,-9.587851468635876e-05
2.2930121421813965,0.5771836763987458,0.0023458651229897225,3.828339911833264,0.0005680209875330809,0.2154545020859387,-9.322138331580798e-05
2.294001579284668,0.5805951056460518,0.0023596227010260085,3.8509367576999276,0.0005707673198625522,0.21672526009440962,-9.375281329329302e-05
2.2950048446655273,0.5881566229799209,0.0023927683642859313,3.901084373901386,0.0005795153904101516,0.2195473075382651,-9.504587260316715e-05
2.2959933280944824,0.5919269364018479,0.002410451215948415,3.9261046918047655,0.0005849244629040915,0.2209558217724014,-9.56941916788304e-05
2.2970075607299805,0.5879674994935935,0.0023890234176560075,3.8998333758337567,0.0005777555507756403,0.21947701125967004,-9.494617808559603e-05
2.2980005741119385,0.5859906574832177,0.0023858544007256213,3.8866948363984832,0.0005781303267636318,0.2187367472962639,-9.472894515625057e-05
2.2990000247955322,0.5849956478820884,0.0023779378251371436,3.880107031871208,0.0005752109027944051,0.2183663704129795,-9.448696943818156e-05
2.3000571727752686,0.5786442378303298,0.0023506874970923,3.8380291738189602,0.000570502606224223,0.21599985486891843,-9.348032011323067e-05
2.30104398727417,0.5813160491629517,0.002362459502387791,3.8557693353809923,0.000571777726811147,0.21699884038970138,-9.390834387205779e-05
2.3020403385162354,0.5826539988240399,0.002366725461123589,3.8645842489280127,0.0005725737343737642,0.21749304823778615,-9.409724487284847e-05
2.303015947341919,0.589170914715134,0.002393634272005126,3.907788525326489,0.0005805084610422543,0.2199238657019013,-9.515927465146683e-05
2.304046154022217,0.5807341140822843,0.0023595677087441926,3.8518632765287,0.000572715669368926,0.21677754610080177,-9.379501857268464e-05
2.3050410747528076,0.5765196362159004,0.0023415396439711903,3.8239294179820176,0.0005678119051815174,0.21520609246132696,-9.309570004378832e-05
2.306042432785034,0.5802530825144697,0.0023527411090639556,3.8487367673075883,0.0005676476395013004,0.2166036225298101,-9.358550738056964e-05
2.3069710731506348,0.5947881361295402,0.0024139898015784343,3.945149236125734,0.0005825863757466483,0.22202974546192478,-9.599477438476526e-05
2.30804181098938,0.5952336494168122,0.002416004548770128,3.948105988216038,0.0005842272488005631,0.22219620351471045,-9.612866369438431e-05
2.308974504470825,0.5896110739135594,0.002398541059476507,3.91081301818094,0.0005822445631613381,0.22009741164612812,-9.532799042281569e-05
2.3099710941314697,0.5868028505451954,0.0023850555557056456,3.892186905544357,0.0005771172808625943,0.21904916392626422,-9.478567235866048e-05
2.310971260070801,0.5795536042137466,0.0023551837752075495,3.8441131723784348,0.0005689120397031534,0.21634391648874204,-9.36091610793011e-05
2.311976909637451,0.5876191584375664,0.0023883448588269515,3.897606408488841,0.0005784506233270163,0.21935432897269944,-9.494312293047887e-05
2.3130171298980713,0.5799639041946141,0.0023553479199648593,3.846805965469134,0.000570180518746155,0.2164945549810724,-9.364388214449296e-05
2.3140461444854736,0.5878310988669733,0.002384809901352928,3.8989471850797837,0.0005777300563190377,0.21942772485977202,-9.488886205151957e-05
2.315045118331909,0.5859158719275447,0.0023811485599363764,3.8862112002259326,0.0005762842064550144,0.21870992207378015,-9.464749549581416e-05
2.3159754276275635,0.5849555803110285,0.002374946416199165,3.879869411783492,0.0005741647848359985,0.21835388998013983,-9.442145700080024e-05
2.316981792449951,0.5844683693431892,0.002373913017537446,3.8766641458700613,0.0005746343700803967,0.2181743356913966,-9.435991420876343e-05
2.3180038928985596,0.5842263033570322,0.0023717952166117575,3.8750654529062785,0.0005739542938631571,0.21808458134029135,-9.431688585764083e-05
2.3189961910247803,0.5899484660264794,0.002397245127252367,3.913013547242403,0.0005787340385528725,0.22022007124708567,-9.524535381691481e-05
2.3200061321258545,0.5996289171276572,0.002436353489255625,3.9772189668470337,0.0005903742370412948,0.22383338155773272,-9.68481022604464e-05
2.3210010528564453,0.5976547476736231,0.0024262635497656437,3.9641360400459655,0.0005861912243514334,0.22309744925630665,-9.64846537631816e-05
2.322002410888672,0.5966603531903492,0.0024210627451717362,3.957555678957689,0.000583959674605144,0.22272759807215145,-9.63276706265459e-05
2.322986125946045,0.6088401254339455,0.0024721037009910415,4.038327134504308,0.0005969469853351677,0.22727286280327022,-9.834594996846231e-05
2.324005126953125,0.6022677779682895,0.002447138372661999,3.9947264177440727,0.0005926157318962377,0.2248188211088695,-9.730150765737811e-05
2.3250415325164795,0.5872831463229479,0.0023846801829839905,3.8953326658466736,0.0005752149639655579,0.2192249367427149,-9.482921086621693e-05
2.3260416984558105,0.5914923326951983,0.0023989560839546824,3.9232622078647617,0.0005786860604543332,0.22079712374749577,-9.54900955420992e-05
2.327000617980957,0.5935885307923138,0.002410825295338343,3.9371586661162445,0.0005807977319680098,0.2215789723828244,-9.583381871565209e-05
2.328038215637207,0.5946286374677129,0.002415627489153914,3.944053818120698,0.0005829463166374782,0.22196690727528257,-9.603331265744176e-05
2.3290412425994873,0.6019709800446322,0.002439135881469847,3.992765253985004,0.0005849190168884763,0.2247086854021978,-9.704750870257016e-05
2.3300204277038574,0.6056390048060994,0.002456428931257273,4.0171098675670365,0.0005912627878809063,0.22607925903873705,-9.772584695091896e-05
2.3309969902038574,0.5948210984778346,0.0024088842220367688,3.9453128365007744,0.0005790762159226786,0.22203720706676924,-9.591573579243747e-05
2.3320133686065674,0.5894043502183144,0.0023952928929802417,3.9094011153489676,0.0005789711673116625,0.22001665906259668,-9.522591045918432e-05
2.3330464363098145,0.5993612509585794,0.0024365064448477343,3.9754515944688116,0.0005880828755676299,0.2237341700780679,-9.680676314155027e-05
2.334005355834961,0.5916680805981568,0.0024024852498436243,3.924428273264682,0.0005808009862321443,0.22086276015308845,-9.5514128338005e-05
2.335021495819092,0.587830025781207,0.0023886136930233756,3.898954221976303,0.0005792429990337744,0.2194285699793922,-9.495194106361415e-05
2.3359742164611816,0.5917511683626808,0.0024029402865947147,3.924982461918974,0.0005811098354026496,0.22089404706378066,-9.554908623543694e-05
2.336972951889038,0.6005361614444665,0.002440809122318171,3.9831975814139526,0.0005902004438114875,0.22416861567143187,-9.70160876878598e-05
2.338009834289551,0.5981108057032928,0.002427905345184917,3.967125525842426,0.0005864693990761323,0.2232645694278747,-9.655975148455435e-05
2.3390049934387207,0.5910469257645854,0.0024006548253921204,3.9203019816655376,0.0005798135087993911,0.22063033750191427,-9.546822897686083e-05
2.3400378227233887,0.5933694371943307,0.0024101705791731457,3.9356928218698686,0.0005843573905046069,0.221496074891275,-9.58746037710528e-05
2.3410019874572754,0.5886909488077021,0.002390505584535352,3.9046639946978234,0.0005795852412591636,0.21974989174953138,-9.509687372576662e-05
2.3420472145080566,0.5921949969097147,0.002405300408287534,3.9279355163845735,0.0005829868871741621,0.22106053420213156,-9.56652663357741e-05
2.3430044651031494,0.5939511657664366,0.0024133736150638405,3.939570261532106,0.0005838275344103618,0.2217148941579231,-9.592188508711764e-05
2.344043254852295,0.6016354415853902,0.0024428373640818708,3.990544635880442,0.0005906384501776068,0.22458386791288915,-9.71116380342651e-05
2.3450443744659424,0.5986547550692467,0.0024283798526886606,3.970786892557467,0.0005860562548666122,0.2234723227757485,-9.6613612402048e-05
2.346038341522217,0.5913127832095589,0.002394894511076252,3.9220949443495132,0.0005770172402390555,0.22073218170271328,-9.540359827275091e-05
2.3470406532287598,0.5817933814222107,0.0023590191137200984,3.8589665045305988,0.0005688021335150227,0.21717976062785052,-9.38825969696675e-05
2.3479936122894287,0.5887304445807465,0.002391285586742405,3.904966541581848,0.0005785018414318025,0.21976820614344758,-9.512318136148363e-05
2.349048376083374,0.5990275649629058,0.002432189042916696,3.973227300878344,0.0005887062873137855,0.22360863939551634,-9.675561590461968e-05
2.3500232696533203,0.597359751986476,0.002428546815484715,3.9621233184688553,0.0005904720178241825,0.22298239647636567,-9.65831455620844e-05
2.3510427474975586,0.5965235697879937,0.002426033541341986,3.9565627710146702,0.0005890709203648322,0.22266900115401386,-9.641450562472379e-05
2.352025270462036,0.5961059305321111,0.002422992397929511,3.9538014699055024,0.000588248010370665,0.22251387789150986,-9.630708728224413e-05
2.353011131286621,0.595892479575851,0.002418387000319374,3.9524349095917555,0.0005845929942531164,0.22243853080806564,-9.618852931780619e-05
2.354044198989868,0.595783607692059,0.0024231749574115126,3.9517308665995285,0.0005895292298216165,0.22239948141313234,-9.629019663586299e-05
2.355041265487671,0.5957404239869689,0.0024208203704882197,3.9514471580303505,0.0005877880749016996,0.22238360095706777,-9.624233007109604e-05
2.3559725284576416,0.58986934597887,0.002393412738727289,3.9125161244696978,0.0005795898848967254,0.22019294450183288,-9.5218453843567e-05
2.3570396900177,0.5927744193618864,0.0024102248364751546,3.9317904785045386,0.0005848883746980272,0.22127786047286563,-9.576273585558222e-05
2.358041524887085,0.5883824987363089,0.002390831471148942,3.902652671211026,0.0005814488624965022,0.21963779299393849,-9.509273214415648e-05
2.3590385913848877,0.5920290557872334,0.002405365507062472,3.926855439802079,0.0005832622866776045,0.2210004014654978,-9.565045831851868e-05
2.360041856765747,0.5880048552250532,0.0023891611132176474,3.900171172538284,0.000579600890499584,0.2194988774800773,-9.499078542631423e-05
2.3610384464263916,0.5801441894781348,0.002353031353424226,3.8480267711645606,0.0005690343309164739,0.21656405380241056,-9.363007064648044e-05
2.361974000930786,0.5879112862586651,0.0023878389618652656,3.8995327612955335,0.0005776347270386722,0.21946238437424878,-9.492735408052608e-05
2.36297345161438,0.5742551109888675,0.002328914062043891,3.8089473063905075,0.0005621475638562858,0.21436412278752523,-9.265273102460648e-05
2.3639731407165527,0.5674322743565359,0.0022987143234686606,3.7636894914126144,0.0005548910310591966,0.21181695935688144,-9.152927430289855e-05
2.364971160888672,0.5815660126347659,0.0023575851496575105,3.8574348543529844,0.0005690701759649697,0.2170928137147582,-9.380310526602204e-05
2.365971565246582,0.5886290319327605,0.0023897173800372967,3.904281958123894,0.0005779108063100305,0.21972930004207825,-9.499797465667935e-05
2.367016077041626,0.5863124714113823,0.002382546596213472,3.8889256235271144,0.0005774244981436941,0.21886534671026492,-9.470596190032618e-05
2.368014335632324,0.5793042129698076,0.002351732471813235,3.8424453272553976,0.0005695935200825691,0.21624961772745002,-9.353434348588705e-05
2.369051456451416,0.5943193329544026,0.002413369357295815,3.9419803336640498,0.0005835300052017974,0.2218495181078607,-9.598032728843558e-05
2.3700289726257324,0.5949899760203194,0.0024130468471206643,3.946437689487324,0.0005823581393558183,0.2221006621679463,-9.602435367532831e-05
2.3710110187530518,0.6021417519845594,0.002444335336373305,3.9938978790475628,0.0005892415514108314,0.2247724258167143,-9.718819771534474e-05
2.3719868659973145,0.5989053396553894,0.002429763612361145,3.9724239513548616,0.0005864848286598315,0.2235636609893098,-9.663133777527866e-05
2.373004198074341,0.579751682049558,0.002352935934658458,3.8453995857648033,0.0005696231209254796,0.21641544502802312,-9.357372704997427e-05
2.3739964962005615,0.5760171576454486,0.002336296667542965,3.820656667854975,0.000565191498830296,0.21502381195459072,-9.292522746154214e-05
2.3750011920928955,0.5800072833260819,0.0023563912977430557,3.847058866002078,0.0005703608840661818,0.21650768331282141,-9.365922686498744e-05
2.376014471054077,0.5946620052876939,0.002417292177257413,3.9442531011211326,0.0005867351934340335,0.22197742322700637,-9.610410236202982e-05
2.377046823501587,0.5951634368852636,0.0024167593988043837,3.9475977541307508,0.0005845026919350687,0.22216625167588663,-9.611121342544357e-05
2.3780276775360107,0.5895776586348862,0.0023929436893595666,3.910557683964907,0.0005788624567846309,0.22008197284230266,-9.518486054651111e-05
2.3790245056152344,0.5809417666731399,0.0023585586259611707,3.8532852086776446,0.0005683624584195079,0.21685898645745533,-9.378316683138511e-05
2.3799736499786377,0.5883246851700679,0.002387759889015082,3.9022270876497047,0.0005769755558113505,0.21961250598360174,-9.497393062286668e-05
2.381019353866577,0.6046707033199237,0.002453246359089833,4.01066154483935,0.0005934369986171344,0.22571553687500875,-9.761433218192265e-05
2.382042646408081,0.5943265349096784,0.002416942214747171,3.942058067301793,0.0005863987763108777,0.2218548432697384,-9.607303756392597e-05
2.3830385208129883,0.6018227660562047,0.002448903662552241,3.9917635661087103,0.0005934712750732515,0.2246517207640846,-9.727023997243424e-05
2.384040117263794,0.5870526454595945,0.002383828730285752,3.8938171321335076,0.0005777081800450797,0.21914006682222323,-9.479340721068684e-05
2.385040044784546,0.591361136514592,0.002399020847083172,3.9224050852846446,0.0005792465305088545,0.22074930061455014,-9.543091933843039e-05
2.386007070541382,0.5935174743266113,0.002413911660564818,3.9367160659687332,0.0005865325759686661,0.22155497338519248,-9.589982574213946e-05
2.38703989982605,0.5829039899937642,0.0023730093710463787,3.8663130915663952,0.0005778636565643399,0.21759258800940723,-9.426914682303087e-05
2.387972831726074,0.596103217160903,0.0024273883687237247,3.9538589279792182,0.0005891856778684447,0.22251950532239817,-9.636136211833743e-05
2.3890380859375,0.5783484254961756,0.0023519906159093474,3.8360618916759495,0.0005698441140308512,0.21588897316812627,-9.347472395015329e-05
2.38999605178833,0.5870114657255512,0.002381765100977823,3.893524475718492,0.0005757811441520353,0.21912297735664008,-9.476502954881991e-05
2.3910348415374756,0.5855070187781884,0.002375624646238317,3.8835344740525564,0.0005740872987240675,0.2185603927892402,-9.450488921372605e-05
2.391981840133667,0.5730592392319652,0.002324760592488968,3.800977939575353,0.0005618374364465794,0.2139144297930759,-9.248338823597317e-05
2.392986536026001,0.5785370239719976,0.002345673089338956,3.83732676155136,0.0005651726562300496,0.21596060072643836,-9.329936020677114e-05
2.3940465450286865,0.5871277628414223,0.0023796966799529,3.8942839900078523,0.0005748767639718682,0.21916534567126297,-9.469972079967049e-05
2.3950092792510986,0.5914173211423097,0.0023988031932021246,3.922755574628644,0.0005796585480405448,0.2207683223464255,-9.54569099718944e-05
2.395977020263672,0.5818713765015593,0.002366369060990212,3.859436497310556,0.0005733557921230411,0.2172047097907212,-9.40391584357244e-05
2.3969998359680176,0.5829354163859547,0.002369605586985512,3.8664927148479866,0.0005738295552958853,0.217601782997156,-9.419183843477038e-05
2.398017644882202,0.5893108383285841,0.002395189924179278,3.9087914891916586,0.000581899366694637,0.219982686498609,-9.523184967021145e-05
2.399001359939575,0.5993117189894818,0.002436401068808749,3.975150929016016,0.0005906748292690537,0.22371813270458182,-9.684559779081588e-05
2.4000179767608643,0.604309131054353,0.0024558829993661224,4.008301123042081,0.0005958038113155632,0.22558389447470978,-9.767767566683942e-05
2.4010181427001953,0.5999841748574378,0.0024425608427491342,3.979615772835295,0.000593945519570299,0.22396955420387418,-9.704194421649589e-05
2.402052879333496,0.5978197120746013,0.0024269345388476956,3.9652504090427425,0.0005861576060703083,0.22316080522242437,-9.656243251948441e-05
2.403041124343872,0.6094081979582407,0.0024755469769427545,4.042120396570652,0.0005990817218958885,0.22748714732217043,-9.847395376550594e-05
2.403973340988159,0.5966998507361339,0.002426375034636571,3.9577790516696787,0.0005882580164332183,0.22273894441639525,-9.647841839388636e-05
2.405038356781006,0.5961886223740916,0.0024240859201784914,3.9543927094459983,0.0005862523480727911,0.22254850892186126,-9.632897791270999e-05
2.4060401916503906,0.5900814825699346,0.002395101954909656,3.9138970615969555,0.0005786211605095734,0.22026983362899258,-9.529811400070268e-05
2.407045841217041,0.5997053529045814,0.002433245900146364,3.9776976716582557,0.0005880314389576071,0.2238594255398512,-9.680677316202138e-05
2.4080610275268555,0.5918410270231036,0.002400629073740237,3.925567093765148,0.0005788376958057814,0.22092658849341318,-9.553049407719162e-05
2.4090516567230225,0.5937475968191117,0.002409291193084165,3.9382287852509688,0.0005815242500082397,0.22163967515335317,-9.583663276168651e-05
2.4100403785705566,0.5947064707767877,0.00241564304401707,3.9445871260173875,0.0005849298999467833,0.22199746200650117,-9.602410895477066e-05
2.411001682281494,0.5951835134568589,0.002416818624432351,3.947740857923237,0.0005852428449611425,0.22217462062416798,-9.609234011329326e-05
2.4120497703552246,0.5837284910055781,0.0023714782579661755,3.871756644127131,0.0005771723435022802,0.21789814550366415,-9.429960556787158e-05
2.412973165512085,0.5780044910222285,0.0023472896501049844,3.8338097668827875,0.0005676827409770749,0.2157631499871492,-9.331151023780031e-05
2.4140396118164062,0.5936691202883999,0.0024104777545449537,3.937660050906705,0.0005828581414578952,0.22160613794068418,-9.582947093367714e-05
2.4150426387786865,0.5946720966655313,0.002411369034713055,3.9443127503795625,0.0005805254502676356,0.22198054951228063,-9.589873663307277e-05
2.4160404205322266,0.5893277340656142,0.0023900253383337873,3.908874429270795,0.0005768186802536697,0.21998643064646584,-9.507028346549944e-05
2.4170045852661133,0.5925008270706269,0.0024053610908430097,3.9299382279352386,0.0005842471188484223,0.2211724259799789,-9.567154595680158e-05
2.418008327484131,0.5882442023550369,0.002388276435534018,3.9017168169477037,0.0005784698287143722,0.2195845355982041,-9.499755035059309e-05
2.419011354446411,0.5861124479537692,0.0023799771565015475,3.8875832926799214,0.0005736260103599834,0.21878930682095776,-9.464726649365649e-05
2.420009136199951,0.5850489284036585,0.0023712382454238825,3.880541449369282,0.0005721423684813525,0.2183933887909389,-9.440880775001628e-05
2.4209821224212646,0.5845285817702912,0.0023701092763076556,3.877064876682366,0.0005722112013083894,0.2181969313082652,-9.431690093379208e-05
2.421973466873169,0.5842628633270708,0.002371714265214254,3.875299283512686,0.0005719310842798299,0.2180974664522654,-9.431137514339547e-05
2.42297101020813,0.5841223728092958,0.0023713219874749105,3.874397170994219,0.0005721251201837293,0.21804763971555774,-9.429941542435866e-05
2.4239790439605713,0.5899037140192865,0.0023905968698931697,3.9127589921148482,0.0005753138248796712,0.22020708613032003,-9.516987908542202e-05
2.4249701499938965,0.6054592831570723,0.002461839570398375,4.0159350374599265,0.0005969788854775559,0.22601368713462017,-9.783243673721475e-05
2.425987482070923,0.594729126381323,0.0024149882070696915,3.944752734290293,0.000583523619897095,0.22200726891493303,-9.601279158765414e-05
2.427048921585083,0.5952098180292361,0.002417162326359699,3.9479358189423204,0.0005837493286403152,0.22218624291444758,-9.609773341347055e-05
2.427971363067627,0.5954454266287743,0.0024164360483196917,3.9494959623745642,0.000582718545342861,0.2222739635105974,-9.614423088817446e-05
2.4290385246276855,0.5955596701963262,0.0024173948732564934,3.950252381844332,0.0005837523804312372,0.22231649149446642,-9.619833581020538e-05
2.4299983978271484,0.5897724397803462,0.0023953340361208874,3.9118659759440426,0.0005778242125452176,0.2201561208481591,-9.5260562666481e-05
2.4310643672943115,0.581031808132766,0.002356707310208982,3.853868616376492,0.0005678364119806914,0.21689138153156232,-9.376222745796253e-05
2.431980609893799,0.5883620163629851,0.002388166246383736,3.9024992515482246,0.0005775071126724779,0.21962860188181674,-9.498850267109503e-05
2.433023691177368,0.5803337079869911,0.0023540549407754918,3.8492636669201983,0.0005677999040106445,0.21663302615082233,-9.363779914609585e-05
2.434041738510132,0.5821684033098073,0.0023618719792724715,3.8614183971533307,0.0005708250141186325,0.21731662250159042,-9.395183703213766e-05
2.4350361824035645,0.5889310399425968,0.002384702678478262,3.906288551908348,0.0005749113229933685,0.2198423377648728,-9.49616090089689e-05
2.4359700679779053,0.5864601380475337,0.002381348740546172,3.889906759236631,0.0005767116353789564,0.2189206175881876,-9.467523802376975e-05
2.4369654655456543,0.5852323800488934,0.0023730439401382824,3.88175754245505,0.0005718863366950151,0.2184618069294703,-9.439126779417166e-05
2.4380691051483154,0.5846249360783978,0.002370493814440675,3.8777129880679255,0.0005730652497016413,0.2182336920804976,-9.432642570854669e-05
2.439027786254883,0.5969782516570669,0.0024251759094424063,3.9596552762263797,0.0005873927500103072,0.2228454766415179,-9.642847566974741e-05
2.4400486946105957,0.5904906230574015,0.0023998540810068482,3.9166264451196446,0.0005797793545533795,0.22042393639493907,-9.538686580733158e-05
2.4409751892089844,0.5755523715037091,0.002337565638876306,3.817513803355842,0.0005647047935038314,0.21484503106533434,-9.294287280485666e-05
2.4419732093811035,0.5856199494113599,0.0023760893806399294,3.8843156156807814,0.0005729893296916782,0.21860537279280357,-9.453416505697215e-05
2.4430267810821533,0.5906567224262658,0.0024015429781865582,3.9177144089820706,0.000581846494038815,0.22048472974166713,-9.54668293641635e-05
2.443971633911133,0.5931688810972806,0.0024104061944596237,3.9343851496909106,0.0005846386559644339,0.22142319675872962,-9.58433182760121e-05
2.445039749145508,0.5885791038099946,0.002392459650127028,3.9039460686295033,0.0005780959733979063,0.2197102467969025,-9.508975411905373e-05
2.4460442066192627,0.5989451537786321,0.002432896951076071,3.972704300872848,0.0005893712592103714,0.2235799547073082,-9.672820732079072e-05
2.4470021724700928,0.5914587509709776,0.002402064314266173,3.923068228338355,0.0005831059738364058,0.22078711883819158,-9.553220930692035e-05
2.447972059249878,0.5877164512492721,0.0023861343954481367,3.898246568246965,0.0005785093309713042,0.21939019244534433,-9.490992314525735e-05
2.448998212814331,0.5800067794411651,0.0023597240126016325,3.847087801403515,0.0005732484443948157,0.21651033549982027,-9.377922791535237e-05
2.45002818107605,0.5819896814500723,0.0023652129943765162,3.8602417510473415,0.0005736787623605718,0.21725068061158984,-9.404202561145753e-05
2.4510161876678467,0.5888329791450659,0.0023940726623892005,3.9056330618751485,0.0005808652460390111,0.21980528658852702,-9.513777377644206e-05
2.451991319656372,0.5805645976352446,0.0023584080114344118,3.8507501508254864,0.0005724486634870614,0.21671525725632243,-9.377478274172918e-05
2.452998161315918,0.5705852126989865,0.002322397658788826,3.784554843684396,0.0005642833208329618,0.21298973234062007,-9.224578503021249e-05
2.454042673110962,0.5772903767884271,0.0023478824262139625,3.8290480730630234,0.0005692145450226577,0.21549437049373743,-9.328217332993732e-05
2.455038070678711,0.574793361417911,0.0023334269086005516,3.812507905238508,0.0005646537161610424,0.21456420754648795,-9.280118319612848e-05
2.45597243309021,0.5852277404593883,0.0023764131536941064,3.881728628386242,0.0005745292103641355,0.21846023855784208,-9.45026077272594e-05
2.4570443630218506,0.5904517515916978,0.002396478928486878,3.9163622480354223,0.0005777048322845201,0.2204088656325439,-9.529583174195396e-05
2.458034038543701,0.599871727672753,0.0024351150161921365,3.978857314785642,0.0005899861863442386,0.22392646876656783,-9.684623626989053e-05
2.4589998722076416,0.5919218722157061,0.0024083697416024223,3.926124611377159,0.000584082810793815,0.2209586401538458,-9.564518605650145e-05
2.4599697589874268,0.5879561410484567,0.002393083448869287,3.899819211564139,0.0005824810181165353,0.21947815432077428,-9.505635827477983e-05
2.4610307216644287,0.5859707786033788,0.002382803799443388,3.8866500376244884,0.0005779271545569199,0.2187369873257526,-9.466505546528768e-05
2.462008476257324,0.5791350120997992,0.002355964318770296,3.8413092028337714,0.0005712239975068619,0.2161852387814726,-9.358236520076144e-05
2.4630115032196045,0.5815700527793662,0.0023664581134569605,3.857460336744161,0.0005726426940955099,0.21709420630339044,-9.400707022089785e-05
2.4640371799468994,0.5954495136267861,0.002424104909998419,3.9495076111671823,0.0005898148592714334,0.2222741283644973,-9.633126632878556e-05
2.4650402069091797,0.5955675173367493,0.002420595862458111,3.9502743172046526,0.0005869349240549954,0.22231677063487965,-9.621943360374005e-05
2.4660351276397705,0.5897853873314269,0.0023971136832564945,3.9118957378170585,0.0005817465230886183,0.22015601538225724,-9.529502049277759e-05
2.467034339904785,0.586888612499904,0.0023881004528599195,3.8926970844968056,0.0005807453984062209,0.2190760151267748,-9.485849916062573e-05
2.4679973125457764,0.5912903233650386,0.002404777168411221,3.9218875173372663,0.0005834161291032026,0.22071865361184442,-9.55809965266718e-05
2.4690115451812744,0.600305606775745,0.0024409555082650683,3.981694041280672,0.0005913858415091086,0.22408481269476363,-9.706530318220207e-05
2.4700379371643066,0.6048017562592967,0.002464268993319478,4.011553609049443,0.0005982863076567876,0.22576646515139598,-9.788148108194505e-05
2.4709954261779785,0.6002371265930572,0.002442754975689863,3.981276493526869,0.0005919042979616993,0.224062476831562,-9.7039703516396e-05
2.4719724655151367,0.5921144410331594,0.0024072395204256976,3.9273869774669077,0.0005835089964256273,0.2210292118101179,-9.571112344132237e-05
2.4729716777801514,0.6007287935685706,0.00244262169446081,3.984549997071976,0.000592434984826893,0.22424709827864306,-9.70821402887115e-05
2.473971366882324,0.592364627555008,0.002407796736999278,3.929065250542497,0.000582579246081554,0.22112426076552547,-9.567011524492563e-05
2.4750256538391113,0.588184171205791,0.002391507128905211,3.9013210781334924,0.0005795611158693478,0.21956234125871624,-9.503042150515308e-05
2.4759747982025146,0.5860941214339396,0.0023816765517630546,3.887450280042885,0.0005765646029611266,0.21878145739075594,-9.466239920226342e-05
2.4770467281341553,0.5850509961233064,0.002377243111027911,3.880540001127656,0.0005769761556400568,0.21839282613625793,-9.452511751619315e-05
2.478036642074585,0.5845223816862674,0.002374595643770942,3.8770474654304437,0.0005774175490310063,0.218196703271545,-9.444863460831775e-05
2.47902774810791,0.5969242912888312,0.002429562500463091,3.959314476116452,0.000590622003603151,0.22282683941914894,-9.65163739664624e-05
2.480017900466919,0.6031236372217994,0.0024555236758111026,4.000437426996685,0.0005964504494738928,0.22514131717810967,-9.753791219573885e-05
2.481032609939575,0.5994023682720736,0.0024442602354861455,3.975733960675603,0.000596264670892339,0.22375036672546705,-9.705843875799435e-05
2.4820423126220703,0.5916930610394329,0.0024083629705922626,3.924655905761578,0.0005848324584415227,0.2208775358033119,-9.571933479374056e-05
2.483016014099121,0.5936891608677014,0.002413682960760266,3.937886000957435,0.0005844335522195219,0.2216218050040697,-9.595755852201998e-05
2.4839720726013184,0.5946806455194035,0.0024178181356384935,3.9444574354243227,0.000586021075737984,0.22199148286864834,-9.610675692713111e-05
2.485002279281616,0.5951730186123917,0.002424330470616403,3.947704774762488,0.0005904335135113287,0.22217365332517608,-9.625491310507461e-05
2.4860422611236572,0.5954205948826194,0.002419660226360079,3.949337673423263,0.000588291244644805,0.22226525824929633,-9.618565354995285e-05
2.4870400428771973,0.6023725444534018,0.002449619406328116,3.9954443311400722,0.0005945299604560745,0.22485995455941205,-9.734859192984741e-05
2.488039970397949,0.5990331778500889,0.002436743846702793,3.9732507705557025,0.0005908812380649367,0.22360952384256447,-9.683827347712976e-05
2.4890270233154297,0.5973594709258243,0.0024317037885036095,3.9621658931652233,0.0005905997939932749,0.2229862024373804,-9.658872204445986e-05
2.490041494369507,0.5906845297716545,0.0024019262844126245,3.9178878320769077,0.000582395402285736,0.2204941402648079,-9.547929424864651e-05
2.4910268783569336,0.5931827290663276,0.002413506919667886,3.9344683344095173,0.0005853672539124825,0.22142760352048146,-9.592895466897371e-05
2.491995334625244,0.5827362774570015,0.002364632629181566,3.8652059773368883,0.0005729387106373339,0.2175304486794877,-9.41120610511899e-05
2.4930331707000732,0.5892113394959688,0.002392805207035569,3.9081583705873886,0.0005783853040259584,0.2199479068919998,-9.516408430949356e-05
2.4939990043640137,0.5924500496042585,0.002405078756443724,3.9296328513013252,0.0005811271926790069,0.22115623678813315,-9.56505355539489e-05
2.4950103759765625,0.5823739873131007,0.00236208340756582,3.862796200065516,0.0005698297157741355,0.21739461438158902,-9.399869349922454e-05
2.4960155487060547,0.6016970455864079,0.002439851144712997,3.9909611119068424,0.0005896027663429053,0.2246075561984558,-9.710967852719787e-05
2.497004270553589,0.5986999071975687,0.002430798573083324,3.9710677688596756,0.000588194005748834,0.2234875398022975,-9.664747217412391e-05
2.49802565574646,0.5913518051429446,0.002402386519887892,3.9223032643445253,0.0005827226173620644,0.22074230351517238,-9.549443569887726e-05
2.499011993408203,0.5818251705038362,0.002359899130301383,3.85914317749579,0.0005693802629739144,0.2171886194379169,-9.386173944347358e-05
2.4999852180480957,0.5955759122805386,0.0024191547473721,3.950331710712083,0.0005851971299008059,0.22232005507824176,-9.618414679623771e-05
2.5010061264038086,0.589784926844339,0.0023943654061335832,3.9119346868885505,0.0005789753330278423,0.22015953993569037,-9.522539809277482e-05
2.501997947692871,0.5927375878441183,0.0024053972876590885,3.9315259218894436,0.0005797364823129609,0.22126232913035135,-9.564593358734805e-05
2.5030038356781006,0.5883719636911129,0.0023882947982486386,3.902572801697992,0.0005764275665691066,0.2196329815399334,-9.494691513724174e-05
2.503976345062256,0.5988511513984041,0.0024308660352140615,3.972081178191693,0.0005876791619683138,0.2235448980807874,-9.668323378898601e-05
2.505039930343628,0.5914194374129778,0.002402853431016693,3.9227887038106735,0.0005809395018079953,0.2207707925849481,-9.553319362311268e-05
2.506035089492798,0.587701567316492,0.0023872029612500606,3.89813852894323,0.0005775989206127538,0.21938381675914256,-9.492388221726314e-05
2.5070385932922363,0.5985070245260108,0.002426627531553536,3.969824254369556,0.0005845121352935819,0.22341869320474905,-9.655481364087027e-05
2.50797438621521,0.5854009764372121,0.0023808591795542212,3.8828597672441734,0.0005758416336372484,0.21852333007125152,-9.45992704085216e-05
2.5089731216430664,0.584688481905805,0.0023788880552634076,3.8781390378965646,0.0005760335283112457,0.2182578146731198,-9.447246595743704e-05
2.5100491046905518,0.5784857179032843,0.0023506045335034967,3.8370090333419715,0.0005684732386460097,0.2159434353621337,-9.345906549514987e-05
2.5110156536102295,0.5870783478632561,0.0023856381562485985,3.894008673064866,0.000576829438561947,0.21915151487236995,-9.482874034802047e-05
2.511977195739746,0.5913756962081077,0.0024025856741621567,3.922505910800523,0.0005802298646760623,0.22075511004212128,-9.54863591368038e-05
2.5130302906036377,0.5876777682924073,0.002384550787362452,3.897952834148144,0.0005751307508766082,0.21937248305095278,-9.485670055620064e-05
2.514037847518921,0.5799822914172184,0.0023537529316494162,3.8469412915304604,0.0005678562858190118,0.21650259517065537,-9.360594151623568e-05
2.515040159225464,0.5459333712834603,0.002219180268903197,3.621099500227412,0.0005377929772747638,0.20379240810147298,-8.818742243285832e-05
2.5159714221954346,0.5103919463853583,0.0020758595507424523,3.3854129621937608,0.0005034682488784455,0.19052990636257047,-8.249250436864107e-05
2.517038106918335,0.4565625991940956,0.0018573425326010593,3.0284210053519343,0.0004503033457898645,0.17044030556392922,-7.378688049268647e-05
2.5180017948150635,0.3984625717878667,0.0016223799070842,2.6430948789582507,0.00039476917199646297,0.14875584851289614,-6.445497886511614e-05
2.5190229415893555,0.35185814255687037,0.0014310447123570523,2.333996988742935,0.00034764546652317154,0.13136080323234736,-5.6906629945613e-05
2.519991159439087,0.27302069534242596,0.001110223296228879,1.811053506574434,0.0002697550210406374,0.10192917088939647,-4.4142486233801776e-05
2.521012306213379,0.0,0.0,0.0,0.0,0.0,0.0
2.522002696990967,0.0,0.0,0.0,0.0,0.0,0.0
2.5229978561401367,0.0,0.0,0.0,0.0,0.0,0.0
2.5240464210510254,0.0,0.0,0.0,0.0,0.0,0.0
2.5249781608581543,0.0,0.0,0.0,0.0,0.0,0.0
2.526005744934082,0.0,0.0,0.0,0.0,0.0,0.0
2.52699613571167,0.0,0.0,0.0,0.0,0.0,0.0
2.5280113220214844,0.0,0.0,0.0,0.0,0.0,0.0
2.5290019512176514,0.0,0.0,0.0,0.0,0.0,0.0
2.5300467014312744,0.0,0.0,0.0,0.0,0.0,0.0
2.5310325622558594,0.0,0.0,0.0,0.0,0.0,0.0
2.532034158706665,0.0,0.0,0.0,0.0,0.0,0.0
2.532970905303955,0.0,0.0,0.0,0.0,0.0,0.0
2.5339698791503906,0.0,0.0,0.0,0.0,0.0,0.0
2.5350208282470703,0.0,0.0,0.0,0.0,0.0,0.0
2.535983085632324,0.0,0.0,0.0,0.0,0.0,0.0
2.5370428562164307,0.0,0.0,0.0,0.0,0.0,0.0
2.5380661487579346,0.0,0.0,0.0,0.0,0.0,0.0
2.53901743888855,0.0,0.0,0.0,0.0,0.0,0.0
2.5399727821350098,0.0,0.0,0.0,0.0,0.0,0.0
2.541013717651367,0.0,0.0,0.0,0.0,0.0,0.0
2.5420360565185547,0.0,0.0,0.0,0.0,0.0,0.0
2.5430097579956055,0.0,0.0,0.0,0.0,0.0,0.0
2.5440375804901123,0.0,0.0,0.0,0.0,0.0,0.0
2.545017957687378,0.0,0.0,0.0,0.0,0.0,0.0
2.546046733856201,0.0,0.0,0.0,0.0,0.0,0.0
2.5470352172851562,0.0,0.0,0.0,0.0,0.0,0.0
2.547971487045288,0.0,0.0,0.0,0.0,0.0,0.0
2.549041748046875,0.0,0.0,0.0,0.0,0.0,0.0
2.550018787384033,0.0,0.0,0.0,0.0,0.0,0.0
2.5509698390960693,0.0,0.0,0.0,0.0,0.0,0.0
2.5520389080047607,0.0,0.0,0.0,0.0,0.0,0.0
2.5530176162719727,0.0,0.0,0.0,0.0,0.0,0.0
2.5540380477905273,0.0,0.0,0.0,0.0,0.0,0.0
2.555039405822754,0.0,0.0,0.0,0.0,0.0,0.0
2.5559744834899902,0.0,0.0,0.0,0.0,0.0,0.0
2.5569989681243896,0.0,0.0,0.0,0.0,0.0,0.0
2.5580458641052246,0.0,0.0,0.0,0.0,0.0,0.0
2.5590403079986572,0.0,0.0,0.0,0.0,0.0,0.0
2.559969663619995,0.0,0.0,0.0,0.0,0.0,0.0
2.5609679222106934,0.0,0.0,0.0,0.0,0.0,0.0
2.5620357990264893,0.0,0.0,0.0,0.0,0.0,0.0
2.5630197525024414,0.0,0.0,0.0,0.0,0.0,0.0
2.564039468765259,0.0,0.0,0.0,0.0,0.0,0.0
2.565037965774536,0.0,0.0,0.0,0.0,0.0,0.0
2.566038131713867,0.0,0.0,0.0,0.0,0.0,0.0
2.5669989585876465,0.0,0.0,0.0,0.0,0.0,0.0
2.5679969787597656,1.5381168182951794,0.003959065126109768,1.0103685028194873,0.0005526948877241284,-0.23470726067375267,-0.0001693210914527659
2.5689945220947266,2.65845631981563,0.006848061522306582,1.7463735254511124,0.0009560981365721884,-0.4056581845640147,-0.00029282791164437594
2.569993019104004,3.293662965352532,0.00810433719394129,0.6816154153341669,0.0010278282099289184,-0.633004337385403,-0.00035016209705376357
2.571031093597412,3.797117401515545,0.00906928950348278,-0.3108190919988947,0.0010710123298504962,-0.8262653589829583,-0.00039409157709545953
2.5719683170318604,4.268620276564022,0.009969615862245342,-1.2448641850205417,0.0011065759673055029,-1.0076655065308702,-0.00043502627456524145
2.5729660987854004,4.751293960022277,0.01089408266168003,-2.2076636605253173,0.0011463245718127159,-1.19394637626994,-0.00047715907214715755
2.573965549468994,5.015369475919061,0.011299716927662195,-3.1806321818697505,0.0011290613023701831,-1.3351290780799143,-0.0004969874019634215
2.575012683868408,5.370191981743602,0.011962266637191523,-3.881875934922208,0.0011547570842957195,-1.4714931590917433,-0.000528005386330374
2.57604718208313,5.576464925790131,0.012263091738345458,-4.650346366833888,0.0011307999074541134,-1.5825183722793765,-0.0005429200574675107
2.57700252532959,5.614155072699182,0.012222477013939673,-5.263962432059962,0.0010851412955827475,-1.6444465970483195,-0.0005415455994674187
2.578035354614258,5.522942862097521,0.011827439202484365,-5.893619350280492,0.0009824792913058018,-1.6806653585222158,-0.0005265701202062822
2.5790419578552246,5.243261547497386,0.011032462601469667,-6.472963059046113,0.0008521264658104988,-1.6728026760413321,-0.0004927312363056291
2.579969644546509,5.059366332787253,0.010529070069889727,-6.6460705472128305,0.0007710272567064366,-1.6493445933445123,-0.00047145899752076034
2.5810184478759766,4.736188961405707,0.009707082590471403,-6.773963621953573,0.0006605842038644992,-1.5926026810628438,-0.00043654984153240983
2.582040309906006,4.417236661222553,0.008944039155159407,-6.7956778166309135,0.0005733376565966238,-1.5274059877749102,-0.00040302103210869037
2.583012819290161,4.123502874360703,0.008292933258307902,-6.644228568315858,0.0005143741212676521,-1.4522768861683835,-0.00037377980314016795
2.583968162536621,3.803490538209452,0.007558202949695062,-6.460822633542042,0.00043384683774283896,-1.3688065833340977,-0.0003420852637638503
2.5850014686584473,3.4704496223397685,0.006816735976080172,-6.22641344903226,0.00036309796421360734,-1.2781067846575849,-0.0003095012063702491
2.5860350131988525,3.13665867148417,0.0060909533553627476,-5.9277593013417285,0.00029900491162926477,-1.1815956241151282,-0.0002771972942602771
2.587036371231079,2.8411645416318057,0.005469045911347844,-5.577419048506448,0.00025077941057017944,-1.0885937355811546,-0.00024926171387492036
2.5879759788513184,2.4647645363408364,0.00464298806442465,-5.220439695882073,0.00017746490558973494,-0.9779850105116199,-0.00021296604442722073
2.5889978408813477,2.1760435926603288,0.004031833077057787,-4.857518091442314,0.00012751707817557382,-0.8853010406323887,-0.00018561893388256823
2.590012788772583,1.8610727571944667,0.003411802683365681,-4.3104631354819585,9.57270253104588e-05,-0.7708903588046947,-0.0001574514517592018
2.59102725982666,1.6154619248826982,0.0029639653802102307,-3.7686143988012746,8.722643204428927e-05,-0.6715311661110128,-0.00013655763186768089
2.5919694900512695,1.302614053628512,0.002331290464733325,-3.2614385189476036,4.602086475859635e-05,-0.5610765139057463,-0.00010811797831012797
2.5930123329162598,0.9784484500632565,0.0016464415270311225,-2.8618430135925843,-8.900339330728392e-06,-0.45770768422124986,-7.765003602882069e-05
2.5940332412719727,-0.4883817101162407,-0.0019963338209255956,-3.264880003191596,-0.0004802292272038065,-0.18455395855188725,7.9411492056717e-05
2.5950403213500977,-0.4000248092103718,-0.0016346815521973695,-2.6746186418807723,-0.00039244295738384896,-0.15120124534774657,6.499860073420061e-05
2.5959765911102295,-0.33167869597654376,-0.0013543950765840989,-2.217909226626003,-0.0003252491870866299,-0.12539083475271298,5.3868189671010214e-05
2.596991539001465,-0.2549771425547116,-0.0010413307496633406,-1.7051821146633457,-0.00024980173719431,-0.09640885105106431,4.140257489140674e-05
2.5980381965637207,0.0,0.0,0.0,0.0,0.0,0.0
2.599018096923828,0.0,0.0,0.0,0.0,0.0,0.0
2.600008726119995,0.0,0.0,0.0,0.0,0.0,0.0
2.6010076999664307,0.0,0.0,0.0,0.0,0.0,0.0
2.601996660232544,0.0,0.0,0.0,0.0,0.0,0.0
2.602994203567505,0.0,0.0,0.0,0.0,0.0,0.0
2.6039934158325195,0.0,0.0,0.0,0.0,0.0,0.0
2.60500431060791,0.0,0.0,0.0,0.0,0.0,0.0
2.605999231338501,0.0,0.0,0.0,0.0,0.0,0.0
2.6070408821105957,0.0,0.0,0.0,0.0,0.0,0.0
2.6079790592193604,0.0,0.0,0.0,0.0,0.0,0.0
2.609037160873413,0.0,0.0,0.0,0.0,0.0,0.0
2.6100168228149414,-0.25311304425626513,-0.0010368230793745676,-1.6931462478101296,-0.0002504488666535061,-0.09574190084178814,4.1183695807247176e-05
2.6109907627105713,-0.40971344847073937,-0.0016790735224723585,-2.740669739255902,-0.0004060748666276459,-0.15497525262431594,6.66975912673403e-05
2.6119697093963623,-0.5122624180222162,-0.0021006277152902726,-3.4266052166969874,-0.0005069607144361244,-0.1937612779093924,8.342799939486305e-05
2.6130127906799316,-0.5752269447033518,-0.0023621459647609833,-3.8477507124545682,-0.0005704205837019174,-0.2175743490827236,9.378656322333218e-05
2.61399507522583,-0.655108850096893,-0.002689312747371097,-4.3820942323258345,-0.0006493796810436475,-0.24778943085708516,0.00010676979171950627
2.6150217056274414,-0.7193159927262255,-0.0029516432654636297,-4.811538682384419,-0.000713826227782735,-0.2720713633887608,0.000117286551369653
2.615969181060791,-0.7814862023906051,-0.0032063433481807815,-5.227306036265588,-0.0007750834909085998,-0.2955782822726914,0.00012739961283589403
2.6170525550842285,-0.81943845257125,-0.003365106755941662,-5.481184676578773,-0.0008142000057425997,-0.30993445157434496,0.00013362086271608492
2.6180458068847656,-0.8742811829445106,-0.0035922987333905448,-5.847992050056696,-0.000872301542730296,-0.3306745930748857,0.00014257612150249283
2.6190428733825684,0.6040887343272971,0.00018271538086434957,-5.04025039808603,-0.00035572211270141086,-0.5706422724023544,-1.926431855878868e-05
2.620039224624634,1.4375919810145716,0.0022921594371333814,-4.650779583474265,-7.47310511159411e-05,-0.7117378761033761,-0.00010991186447257298
2.6209959983825684,1.9041748996766295,0.0034496719945841404,-4.528820477788372,7.399632196850687e-05,-0.7991744940091232,-0.00015982750624654861
2.6220059394836426,2.1424055733911826,0.004047033330285714,-4.430273831196962,0.00015233049293697303,-0.8406261069061272,-0.0001857665152632883
2.6230006217956543,2.3160240556957845,0.004467340785524,-4.4564487763497285,0.00020350434802282147,-0.8794588231899854,-0.000203719787851059
2.623997926712036,2.4020662054142985,0.0046691060276537934,-4.470629186693808,0.00022639044790096104,-0.898809961845525,-0.00021260633910839648
2.6249969005584717,2.496586340046317,0.00492125825008311,-4.333689805492641,0.000264012346383241,-0.9066463258388617,-0.0002234853202798282
2.626000165939331,2.611026045772051,0.0052243510036821955,-4.221590858591821,0.00030619954310140483,-0.9208597267137358,-0.00023635413533388755
2.6269989013671875,2.679038584839155,0.005429298967864585,-4.08905102265085,0.00034207943637612004,-0.9235060567378273,-0.0002447304656861153
2.628002643585205,2.72480071119543,0.0055601129490944305,-3.9397925100336986,0.0003609889008177468,-0.9199996538422106,-0.0002505864810984453
2.6289803981781006,2.7485493657538926,0.0056982471211183,-3.6494635225549374,0.00040529989184415107,-0.8994474188349085,-0.0002557284645168879
2.629974842071533,2.7663758118111126,0.005793519488409161,-3.4600939245247884,0.00043099654133003376,-0.8865335779866749,-0.0002593326105930621
2.630969524383545,2.6569040234825163,0.005578290174839977,-3.298053531261495,0.00041967959229452544,-0.8492411666249422,-0.000249388734688812
2.6319751739501953,2.710644538750898,0.005800818000935116,-2.930525140580509,0.0004743170767398658,-0.8282056684117372,-0.00025832496058100297
2.632983684539795,2.702799998064628,0.005835466764558419,-2.7351437667835445,0.0004969773909558359,-0.8093616155931616,-0.0002594168981365642
2.6340341567993164,2.5746728698512493,0.005564452628982456,-2.608914414636183,0.0004752646259016802,-0.771295494042332,-0.00024707395343320966
2.6350347995758057,2.5155105875532433,0.0054479048537592915,-2.508039298038766,0.00046946839454848894,-0.7499707439085652,-0.00024165257578582605
2.635970115661621,2.4013478790511082,0.005189807577913598,-2.403002683427972,0.0004449187456515999,-0.7167076924889035,-0.00023055315527995772
2.636972188949585,2.2074597267916274,0.004720998478673053,-2.405974072709422,0.0003897652418814202,-0.6761751189346075,-0.00021016849431801908
2.6380481719970703,2.0019131588419135,0.00420566587867199,-2.4793336385254827,0.0003211906027239292,-0.6393837746876598,-0.00018800324329408798
2.6390349864959717,1.769048129116079,0.003631763992993217,-2.5262767292443673,0.00024937493404457185,-0.5945199781965593,-0.00016316037506914846
2.639969825744629,1.6177894087980143,0.003262250148522927,-2.5381213993685297,0.00020024190906062981,-0.5637374837743658,-0.00014716076351826008
2.640965700149536,1.3937769073804538,0.002683611003424652,-2.6770749304047436,0.00011803179412040073,-0.5288331776260761,-0.00012239050437506997
2.6420350074768066,1.150696658575744,0.002074436732690866,-2.7633071986955198,3.9624921619484e-05,-0.48527754532752787,-9.630369703627927e-05
2.6430153846740723,0.9999375453225369,0.0017063225022617328,-2.791107092756252,-4.321250456767035e-06,-0.4560042270089991,-8.035924500197457e-05
2.643967628479004,-0.5720242968378243,-0.0023537427980430976,-3.826148966271946,-0.00057200914325348,-0.21634723210659704,9.3362451007203e-05
2.645001173019409,-0.5662404634486277,-0.002328232318987874,-3.7874596443948003,-0.0005651317591511064,-0.21415948999408838,9.236132509012823e-05
2.64599347114563,-0.5450633621134433,-0.0022355296638641832,-3.6458480675663245,-0.0005408773473604037,-0.2061533320010541,8.882202944211423e-05
2.646998405456543,-0.5345326266266583,-0.002190538413631649,-3.57542787856635,-0.0005298354170498681,-0.20217202141984494,8.70570758751906e-05
2.648040294647217,-0.5051824889750008,-0.002068624167126571,-3.379100273417695,-0.0005003028267400468,-0.19107045928065425,8.222248051879618e-05
2.649038791656494,-0.4905829421531624,-0.002011528609960456,-3.281458054699654,-0.00048622759197429857,-0.185549687961631,7.98603599583658e-05
2.650029182434082,-0.48336439349997407,-0.001979902961500747,-3.233156213681146,-0.0004790182606544811,-0.1828179079948862,7.866398504428367e-05
2.651010513305664,-0.4614820910269025,-0.0018905515174987538,-3.0867700628931845,-0.00045795238309528376,-0.17453996175183265,7.514065482346515e-05
2.6520349979400635,-0.4448270595436643,-0.0018222904323188403,-2.9753781019175176,-0.0004400344093553821,-0.16824168697653707,7.239774346972233e-05
2.6530110836029053,-0.4423835213806229,-0.0018133877609514645,-2.9590558020807376,-0.00043722923411446373,-0.16731944498286735,7.20392685298536e-05
2.654036045074463,-0.42968067795979764,-0.0017602765250418566,-2.8740657632325934,-0.00042445131681543907,-0.1625129989963664,6.993873794024387e-05
2.655033588409424,-0.41087987023105743,-0.0016834307912857614,-2.7482996078713295,-0.000405507130125465,-0.1554012661791777,6.686286862625568e-05
2.656036376953125,-0.40738163927786764,-0.0016710626516281385,-2.7249308494495548,-0.00040451037144726006,-0.15408084284483287,6.636360442468484e-05
2.6570332050323486,-0.38835023565681537,-0.001590696190323444,-2.597633673330163,-0.0003836072700967538,-0.14688289756465886,6.323609234723824e-05
2.6580374240875244,-0.3789592774671975,-0.0015538967960896065,-2.5348028903074185,-0.00037423248539066343,-0.1433296458308705,6.170726967746037e-05
2.659041166305542,-0.36761516623397206,-0.0015078271326500708,-2.4589361932505214,-0.0003643103796070778,-0.13904017667577354,5.9864562543909466e-05
2.659968614578247,-0.36207299114715646,-0.0014824061837302232,-2.4218436810817994,-0.00035797461148912263,-0.13694210880737032,5.8915385487950914e-05
2.660968065261841,-0.35362755354882214,-0.0014487728145426435,-2.3653623613033945,-0.00035071881400458745,-0.13374867215193847,5.756552056711654e-05
2.662034273147583,-0.3736833293186323,-0.001531393994858967,-2.4995110258901474,-0.00037037336496570155,-0.14133402069026268,6.085626020152503e-05
2.66302490234375,-0.38382852448106125,-0.0015734539310240823,-2.5673490582261986,-0.0003793971694885905,-0.14516921925430845,6.251459243661315e-05
2.6640360355377197,-0.4015779236734075,-0.0016425941229169126,-2.686044400029571,-0.00039568728003056474,-0.15187993673272315,6.533572903725018e-05
2.6650376319885254,-0.4347178843662512,-0.0017764589223430076,-2.907682217167513,-0.00042735363421220505,-0.16441141893920458,7.071099666915983e-05
2.66603684425354,-0.4688110063735425,-0.0019176721359608464,-3.1356876473971425,-0.00046091521900839497,-0.17730270615296118,7.628353239965273e-05
2.6670379638671875,-0.5043412669476629,-0.0020652220211447385,-3.3733262035061538,-0.000497399200117533,-0.19073933443219307,8.210234345132384e-05
2.66796875,-0.5463886437598435,-0.0022372731169614237,-3.65455845387304,-0.0005405469526744744,-0.20664100675142244,8.897128770082434e-05
2.669036626815796,-0.5801049571933631,-0.0023776004555569777,-3.880057172141666,-0.000573666570039901,-0.21939098387332098,9.449317918696726e-05
2.670010566711426,-0.6086934513675061,-0.002501111636244276,-4.071254606670084,-0.0006052904835970879,-0.23020134073364118,9.930280685724117e-05
2.6710259914398193,-0.6356825369479263,-0.002611662707202904,-4.251751666730439,-0.0006331615745357154,-0.24040657991825226,0.00010371273003472511
2.671994686126709,-0.6609053196802487,-0.0027138274675293757,-4.420360772990059,-0.0006545331470976433,-0.24993730968999697,0.0001077727986607853
2.672966718673706,-0.6736420120107284,-0.00276877157339158,-4.505471189476601,-0.0006707812710017262,-0.25474722681036405,0.0001099227491819821
2.6740338802337646,-0.6801259091834627,-0.0027942901529949544,-4.548805540459009,-0.000678346991938973,-0.2571964378854788,0.00011100116548234831
2.6750409603118896,-0.6892726999229428,-0.0028304823533755945,-4.609976360508634,-0.0006851346380900091,-0.2606549860472511,0.00011242667435420335
2.6760425567626953,-0.7065165112435501,-0.002903970445951166,-4.725265056292166,-0.0007049059454505772,-0.26717229429362055,0.00011531833965765608
2.6769967079162598,-0.7152314228669251,-0.0029394870084853116,-4.783530660728321,-0.0007142328949387619,-0.27046605054390416,0.00011669109001425302
2.6780383586883545,-0.7071228260385283,-0.0029057152012997973,-4.729243104816929,-0.000707346690235021,-0.2673947937225885,0.00011535440873111103
2.679035186767578,-0.6857709867277412,-0.0028202161881583417,-4.586459352203246,-0.0006863588543686687,-0.25932224926400843,0.00011196818810275856
2.6799733638763428,-0.6626414006859133,-0.0027304370872825922,-4.431787153876533,-0.0006665551639470895,-0.25057755928772496,0.00010829601948671139
2.680971622467041,-0.6328000312345567,-0.002603609348746199,-4.232215461762591,-0.0006332528066012769,-0.239293872819315,0.00010332862681108647
2.681967258453369,-0.6121789656890472,-0.0025159148889513593,-4.094314661103163,-0.0006112999903268848,-0.23149727320815,9.995073856916977e-05
2.6829710006713867,-0.5836096402451624,-0.0024020242386365597,-3.9032057271179896,-0.0005827234577159273,-0.22069067162991318,9.532656898209182e-05
2.6839675903320312,-0.5636117507110558,-0.0023214212888037883,-3.7694270073200498,-0.0005633334639591788,-0.21312569907642798,9.208446400739431e-05
2.6849682331085205,-0.5179510574568423,-0.0021308585429099156,-3.464031454206899,-0.0005157540147815386,-0.195857897522465,8.453543459409761e-05
2.6859660148620605,-0.5010139895804031,-0.002059920788851836,-3.350765074919176,-0.0004983567159114311,-0.18945401414930324,8.174791958089231e-05
2.6869726181030273,-0.4742718038788273,-0.001945832466992238,-3.1719075755769315,-0.0004707491503194926,-0.179341108251798,7.729859441409267e-05
2.6880462169647217,-0.4609986008752863,-0.0018908536401542066,-3.083106131582342,-0.0004584248166525737,-0.17431926212192267,7.514824857158152e-05
2.6890382766723633,-0.44865151867077635,-0.0018427826784290359,-3.0005103396869837,-0.00044752796641625147,-0.1696486578051735,7.317167922842785e-05
2.6900341510772705,-0.43677128544340266,-0.0017946940650347253,-2.9210236679217676,-0.0004375801856855826,-0.1651534308407278,7.126306611415446e-05
2.6909937858581543,-0.41836470955686506,-0.0017181588807864525,-2.797899694711196,-0.00041781938340665863,-0.15819126373137735,6.826165403953171e-05
2.6919915676116943,-0.40924356773792,-0.0016851119550717057,-2.736905695584668,-0.00041160010697046154,-0.15474287947014348,6.68477765742288e-05
2.6930301189422607,-0.3989771588909425,-0.0016422079507101355,-2.6682474173657194,-0.00039974753966492114,-0.15086100292859356,6.515424557117512e-05
2.694040060043335,-0.39973764287603564,-0.0016458091176217056,-2.6733335914483285,-0.00040065863840440825,-0.15114858047284652,6.529822764622824e-05
2.695030689239502,-0.4002133494189027,-0.0016469965250437435,-2.676521605390967,-0.0004021131252896884,-0.15132903689256866,6.536049684813173e-05
2.6959800720214844,-0.39474650388178056,-0.0016216196609563532,-2.6399490670504764,-0.0003937426790619145,-0.149260877634406,6.440513318685664e-05
2.6970107555389404,-0.3863158698464719,-0.001589582805925485,-2.583525892238108,-0.00038651988912868153,-0.14606944320269366,6.305410244765607e-05
2.6980113983154297,-0.3821974168916168,-0.0015717913887820494,-2.555977333670242,-0.00038261486360145335,-0.14451169219856197,6.237868264713095e-05
2.6990067958831787,-0.37345412388925603,-0.0015366823059046984,-2.4975212468128056,-0.000373899263125585,-0.1412071449218709,6.097515118469138e-05
2.6999824047088623,-0.37594152090845767,-0.0015449381346364143,-2.5141248363471416,-0.00037567364726683863,-0.14214491255828438,6.134769618527368e-05
2.7010066509246826,-0.37051479232349327,-0.0015227253429021537,-2.4778099483038845,-0.0003694153676060011,-0.14009098588780378,6.0456223127650374e-05
2.701997756958008,-0.3920722104064185,-0.0016101893909349141,-2.6219366920182328,-0.00039012093617037726,-0.1482384599115931,6.394435724967764e-05
2.702995538711548,-0.4029373127799959,-0.0016553539291379814,-2.6945740228190145,-0.0004013285333470678,-0.15234452815862137,6.57026959787912e-05
2.703995943069458,-0.4084801350787503,-0.0016768598374994363,-2.7316118711235315,-0.00040610098199762455,-0.15443764932864645,6.659406533283161e-05
2.705012798309326,-0.4055578197379011,-0.0016672803275930115,-2.712037569235387,-0.0004053529362635004,-0.15332996563253887,6.618472973001871e-05
2.7060065269470215,-0.41674630642071014,-0.0017127122975862923,-2.7868383068912093,-0.0004150626041832291,-0.15755837378629792,6.797647054906354e-05
2.707047700881958,-0.42245106958091067,-0.0017354277642525151,-2.824926702067188,-0.0004198868686290095,-0.15970987080546808,6.887609688406573e-05
2.707998275756836,-0.43120689401571216,-0.0017694937132868636,-2.883434348190696,-0.0004287392744530274,-0.16301631858127383,7.027809349287157e-05
2.7090063095092773,-0.441492813853942,-0.0018088869100227791,-2.9521429997424264,-0.0004361977838638606,-0.1668985231471399,7.189673048704823e-05
2.7099995613098145,-0.44093274758192375,-0.0018090043583300006,-2.9483883045684083,-0.00043776831225931953,-0.1666859477990083,7.185422549907954e-05
2.711000919342041,-0.446557184900861,-0.0018319567486578922,-2.9859972369537973,-0.0004435364137385463,-0.16881215256325238,7.275034339716448e-05
2.7119991779327393,-0.47364387817656,-0.0019427237045755437,-3.167081862400727,-0.0004709237354014232,-0.1790485609130129,7.716239193375293e-05
2.7129979133605957,-0.4930966352653181,-0.0020216448792449103,-3.2970881303358457,-0.000489173621694763,-0.18639625364575865,8.0338194395505e-05
2.7140109539031982,-0.515493744150121,-0.002119659275025528,-3.446819618253135,-0.0005138629392370454,-0.19486027440300055,8.410098747117884e-05
2.714979648590088,-0.5384087299776538,-0.002215504059699347,-3.600001930200197,-0.0005382404438700668,-0.20351900619032343,8.786259899559932e-05
2.7159793376922607,-0.5567757363065791,-0.0022883297164987496,-3.7227063238384286,-0.0005552736120512735,-0.21045257576958026,9.083192627581435e-05
2.717041015625,-0.5902493374632761,-0.0024252286712509274,-3.9464457259668655,-0.0005877434788678429,-0.22309879959756052,9.627000600772023e-05
2.7180352210998535,-0.6312851964907649,-0.0025900827272674356,-4.2206934838113295,-0.0006261195214969906,-0.23859866011987357,0.0001028610387313491
2.7189996242523193,-0.6693437596760582,-0.0027486631540614152,-4.475040483314417,-0.0006663220134162358,-0.2529736765743198,0.00010916372450914361
2.719972848892212,-0.706875047016544,-0.0029082712942729095,-4.725849153091516,-0.0007091797519791604,-0.2671482586885808,0.00011540112094582047
2.7209696769714355,-0.7383577422593863,-0.0030356656567517544,-4.936155832750778,-0.0007392267591596329,-0.2790312893998612,0.00012046388920115974
2.7220354080200195,-0.7658782610063106,-0.0031436670583386175,-5.119895469685993,-0.000763664823404171,-0.28941006197056696,0.00012488561096269735
2.7229981422424316,-0.7856028850238944,-0.0032189709700938796,-5.2515441242235825,-0.0007761850343348922,-0.2968450843610176,0.00012796004536952112
2.7240357398986816,-0.8081777835054414,-0.003311587599917403,-5.402232898171133,-0.0007986057089080773,-0.30535593922318577,0.0001316311114903873
2.72503662109375,-0.8196249482938088,-0.0033597355589662235,-5.478559957461199,-0.0008110808649742698,-0.3096642376197835,0.00013353440459727939
2.7260255813598633,-0.8371035325193988,-0.0034344691612629213,-5.595138183695826,-0.0008319051619704375,-0.31624562829421926,0.00013643033592653346
2.7269999980926514,-0.8343969430226561,-0.00342241034233224,-5.576889904521342,-0.000828420857049539,-0.31520924601980616,0.0001359720343702211
2.727999687194824,-0.8264347319638272,-0.0033883427842502215,-5.523419011059291,-0.0008205270002311116,-0.3121790560127969,0.00013465055303636255
2.7289977073669434,-0.8226139693794815,-0.003379086188473128,-5.497586954755462,-0.0008178362771181203,-0.31070972360486615,0.00013415626087267946
2.729996681213379,-0.8034618797860816,-0.0032925696931690573,-5.369298774116665,-0.0007955427438903064,-0.3034499620052953,0.00013088820738488128
2.7310001850128174,-0.7882419880261343,-0.0032288196442583827,-5.267273162294357,-0.0007816713012886679,-0.297673972191006,0.00012842684958188022
2.732041358947754,-0.7682182694534269,-0.0031451380343709375,-5.133160195931565,-0.0007595682074439324,-0.29008502051453944,0.00012506502524615128
2.7330052852630615,-0.7467641114668477,-0.0030539487661757512,-4.989468864992181,-0.0007341854112508716,-0.2819541372242301,0.00012142597836364101
2.7340240478515625,-0.7362032922173759,-0.0030062271081657582,-4.918593030407816,-0.0007224270275718891,-0.2779390593522811,0.00011962308525876148
2.7350387573242188,-0.712701584788968,-0.0029151776595324045,-4.761231597276042,-0.0007023646844714059,-0.26903601101706354,0.0001159165284451629
2.736051321029663,-0.70693077148343,-0.002887856051180228,-4.722292576091667,-0.0006952603298053283,-0.2668235558447121,0.00011488463543258848
2.7370386123657227,-0.7100124242399534,-0.0029059015966611925,-4.742533169904862,-0.0007009331519166911,-0.2679563486322237,0.00011547996418708564
2.738041877746582,-0.6875311880043974,-0.0028186110790232714,-4.591997021744398,-0.000682052988982979,-0.2594392182497451,0.00011193757837554315
2.739037036895752,-0.6764628291722712,-0.002771019719297438,-4.51772318126162,-0.0006678797670827565,-0.2552319025411907,0.00011007474958319343
2.7400364875793457,-0.6710985270602033,-0.0027520497021271406,-4.481546232763206,-0.0006648984311982718,-0.25317697983666193,0.00010928898659827042
2.741015672683716,-0.6628030958256599,-0.0027148769308068853,-4.425742190430409,-0.0006542111988186483,-0.2500115824265293,0.000107840444186706
2.7420356273651123,-0.6646432997115335,-0.002723141700938421,-4.437644718728319,-0.0006586997449980232,-0.25067182586068537,0.00010818136839596707
2.7429680824279785,-0.6657523495016587,-0.0027262356362336474,-4.44465419126914,-0.0006597153729195407,-0.25105531533590225,0.00010835692163129418
2.743968963623047,-0.6548751649077965,-0.0026798627346882905,-4.371646552017206,-0.0006478642435956915,-0.24691920207955564,0.00010651708703324762
2.7449724674224854,-0.6612418530054734,-0.0027065558655220458,-4.413756860231664,-0.0006537919271359501,-0.24928535851283384,0.00010756862344953459
2.7460379600524902,-0.6587974843898614,-0.0026903189726204765,-4.39705656869556,-0.0006480607319269789,-0.24833002784704689,0.00010701485809103874
2.7470409870147705,-0.6577692163758334,-0.0026866254035834056,-4.389837501664191,-0.0006461882232265155,-0.24791109762944855,0.00010683628377721735
2.7479703426361084,-0.6632578730298293,-0.002706224363851564,-4.426065068533117,-0.000651942277012444,-0.24994431025855127,0.00010768138129560894
2.7489678859710693,-0.6545650345860168,-0.002671017121827996,-4.367679543639204,-0.0006437366610619361,-0.24663535672095752,0.00010628841900787577
2.7499938011169434,-0.6446123708011631,-0.002637847382025471,-4.300901760641995,-0.0006386999042907017,-0.2428529516346789,0.00010481063504599212
2.7510268688201904,-0.6272380256191641,-0.0025631768199282676,-4.18463691372436,-0.0006187470504546404,-0.23627720636792302,0.0001018811705324169
2.75199556350708,-0.6245518332386276,-0.0025511076497089064,-4.166376340212703,-0.000614393312834825,-0.23523545073594532,0.0001014338553473754
2.7530384063720703,-0.6234182571734924,-0.0025488148238506647,-4.158455394998035,-0.0006160086646257322,-0.23477691172561968,0.00010131829382156573
2.7539947032928467,-0.6298445071705884,-0.002575426180366487,-4.20093837344166,-0.0006225907084368427,-0.2371633312224786,0.00010237752529754796
2.755042552947998,-0.626464265641636,-0.002565413707543799,-4.178066664973094,-0.0006206858864754304,-0.2358618236008386,0.00010189173714377205
2.7559735774993896,-0.6249732848573984,-0.0025543144626368193,-4.167770482099081,-0.0006169439131646693,-0.23526946169470564,0.00010155122187684512
2.7570414543151855,-0.6186189647379058,-0.0025263025226995813,-4.125036483032179,-0.0006105132924264051,-0.23284581822246017,0.000100475971853534
2.75803542137146,-0.6098227382475219,-0.002492537039155074,-4.066053188811412,-0.0006025388687853397,-0.2295060139520495,9.903676534895135e-05
2.7590038776397705,-0.605633487377469,-0.002477676812388657,-4.037760790674824,-0.0005997105068270458,-0.22789770104252463,9.841911465046532e-05
2.760039806365967,-0.6037496110206456,-0.002470044044056004,-4.024818680568322,-0.0005983426060436286,-0.22715516279370815,9.808721918447913e-05
2.761014461517334,-0.6030181021258573,-0.002466196440357746,-4.019568512513155,-0.0005942604845797431,-0.2268470577759496,9.794703415035544e-05
2.762035846710205,-0.6028719528506387,-0.0024566746054252814,-4.018198579413158,-0.0005893926521282378,-0.2267572533997344,9.775023319982939e-05
2.762993335723877,-0.6146285047857155,-0.002505144014137691,-4.096235524919978,-0.0006032183333218253,-0.2311509265768415,9.966744083271489e-05
2.7639739513397217,-0.6275147774608091,-0.002556223871338466,-4.181772923299465,-0.0006132180230406241,-0.23596694689851236,0.00010167527265046907
2.765044689178467,-0.6642380397170485,-0.0027086112878087387,-4.42613209547679,-0.0006514737402300453,-0.24974398184151494,0.00010773160090301023
2.7660372257232666,-0.7012678200352348,-0.002856765282468656,-4.6724357185607195,-0.0006850771025905199,-0.2636276373042035,0.00011369172349237263
2.7670366764068604,-0.7200339009115995,-0.0029403459782649903,-4.796970726251993,-0.0007098248411038069,-0.27063833547543614,0.0001168773486780583
2.7680177688598633,-0.759728839043697,-0.0031003329284104452,-5.060950674801597,-0.0007482127377425502,-0.28551675837893614,0.0001232407386914601
2.7690377235412598,-0.7740035490753383,-0.003160793450384501,-5.15557893489286,-0.0007640616022254599,-0.29084064708901364,0.0001256288634782318
2.7700185775756836,-0.7988642533296572,-0.003261967625555938,-5.3206761141020396,-0.0007880843549632529,-0.30013850824733157,0.00012967549435818
2.771031379699707,-0.8299944743511334,-0.0033893799441258267,-5.527448806862454,-0.0008208548418369192,-0.3117847084078512,0.0001347296165445088
2.771970272064209,-0.8400021739795532,-0.003425427931500353,-5.59356587735882,-0.0008262491977911274,-0.3154973914733656,0.00013618687300581445
2.7730376720428467,-0.8695419888093903,-0.003544687417791763,-5.789700592924807,-0.0008556828740960016,-0.32654207108058186,0.00014099014566013637
2.7739953994750977,-0.8845929872100242,-0.003610166490669655,-5.8893572830403516,-0.0008734128534667784,-0.3321451306021179,0.0001435456267210061
2.7749738693237305,-0.8982099288945705,-0.0036583583283047844,-5.979382393176773,-0.000879389034601776,-0.3372023370387257,0.0001455040414422996
2.7760396003723145,-0.8994599227427217,-0.003656528847688224,-5.987119770715415,-0.0008759330417159872,-0.3376202277334934,0.00014553372354103103
2.7770473957061768,-0.8935856482758631,-0.0036336519167623404,-5.947361843935432,-0.0008697231027655715,-0.335357477320316,0.00014454931795104478
2.7780349254608154,-0.8792726369790219,-0.0035782773300323148,-5.851406575467394,-0.0008587287888778039,-0.3299248702501159,0.00014229747153707834
2.779040575027466,-0.8723855930369834,-0.0035479915128296784,-5.804943427275607,-0.0008501057801714824,-0.32728514687479,0.000141203184594154
2.780036449432373,-0.8507838016259245,-0.0034689604769671664,-5.660463614499896,-0.0008331138081656422,-0.319115939090785,0.00013784509182749758
2.7810134887695312,-0.8286054643134825,-0.0033796615466203314,-5.512184028950937,-0.000809135221214553,-0.3107336567088775,0.0001342536333677271
2.782027006149292,-0.8051734300259838,-0.003280029861546699,-5.35561169098113,-0.0007880363312077339,-0.30188538902849377,0.00013042525357650047
2.783036708831787,-0.7762690523230305,-0.0031563496655911136,-5.162613820400222,-0.0007561422723269465,-0.29098305571794725,0.00012563552745016777
2.7839717864990234,-0.7621063176100875,-0.0030982603991704907,-5.067723635872867,-0.0007416720357804395,-0.2856125580627856,0.00012328644900340988
2.784972667694092,-0.7368596368615491,-0.002994775040036718,-4.899154671358308,-0.0007169311747185107,-0.2760903892264789,0.0001191784231813044
2.7860400676727295,-0.7245478823170978,-0.002946985878072024,-4.816627588487626,-0.0007070608071508598,-0.2714183982453221,0.00011723884807394434
2.7870359420776367,-0.6885404471513957,-0.0028022093301925985,-4.576624913593752,-0.0006739071631481332,-0.2578741248625899,0.00011147864863079729
2.7879698276519775,-0.6766806834177079,-0.0027547607012571077,-4.49714100478311,-0.0006650741796060007,-0.25337483418853807,0.00010956818883153916
2.789036512374878,-0.6525607394707762,-0.0026553757760236717,-4.336306234683698,-0.0006392547644545107,-0.24429620935586266,0.0001055771457003314
2.7900142669677734,-0.6466473304015005,-0.0026312516848336696,-4.296359250870651,-0.0006322634846503842,-0.2420250558367842,0.00010460742416158722
2.7910261154174805,-0.6381613058927245,-0.0025975701693281357,-4.239401856565722,-0.0006248905588612432,-0.23879826415376387,0.00010321061732151206
2.792036294937134,-0.6283812886173018,-0.002555967540236759,-4.173925215346283,-0.0006147222182911262,-0.23509403471147033,0.00010158957938629657
2.7930259704589844,-0.6354742302166542,-0.002579562148753511,-4.2205027396879835,-0.0006180134904123953,-0.23770050243995472,0.00010265652944157703
2.794001340866089,-0.6276525518162518,-0.0025459978315955506,-4.168162007132759,-0.0006097581808388859,-0.23474019859325884,0.00010134096506342375
2.795003890991211,-0.6182144405169562,-0.002508100730414452,-4.105174782710515,-0.0006020978188412552,-0.23118310074006376,9.981396965079001e-05
2.7960383892059326,-0.6313216163054308,-0.002559847658341058,-4.191913978878356,-0.0006148032792414437,-0.23605840093939223,0.00010190607897400877
2.7970376014709473,-0.6508364651772766,-0.0026440409729333713,-4.321155614981271,-0.0006343471524203736,-0.24332574221548453,0.00010512904733254509
2.7980356216430664,-0.6482586833789294,-0.002635690589578128,-4.30373794897564,-0.0006340654513541208,-0.2423353526227135,0.00010477308291215015
2.7990028858184814,-0.6473129872894848,-0.0026313625837526902,-4.297040637844128,-0.0006331060995004305,-0.24194496359688442,0.00010465542647980955
2.8000082969665527,-0.6540040866033388,-0.0026551061191547316,-4.341067254947421,-0.0006370735048997949,-0.24441149909765314,0.00010565378658470369
2.8010027408599854,-0.6635655365488103,-0.00269617332823399,-4.403957139227114,-0.000646851322270894,-0.24793408053918695,0.00010726009146509713
2.801994562149048,-0.6745595800990716,-0.002739781009485043,-4.476289307776381,-0.0006585253884583022,-0.25198616512321453,0.00010900944478812328
2.802973508834839,-0.6862811112902212,-0.002789114477003229,-4.553329989082983,-0.0006690103695655892,-0.25629953591977805,0.0001108611345914462
2.8039979934692383,-0.6925322278021844,-0.002811154865067938,-4.594003211947381,-0.0006749741301579327,-0.2585635448029129,0.00011181630345019035
2.8049912452697754,-0.6960404178893083,-0.0028260272305483942,-4.616491695779927,-0.000680399609073985,-0.2598044082093343,0.00011243213388148244
2.8059728145599365,-0.7049695244809182,-0.002863591656511426,-4.675018754726529,-0.0006887611102912439,-0.26307610610609006,0.0001138253731350606
2.8069891929626465,-0.7097907621938974,-0.00288307646009615,-4.706431606107146,-0.0006944764944804168,-0.26482604882069216,0.00011456199747423578
2.80800461769104,-0.7057371308344893,-0.002862201653307072,-4.679172891878557,-0.0006904025708376005,-0.26328016546908045,0.00011381921739605377
2.8089866638183594,-0.7108960350822483,-0.002877262620397334,-4.712999405169158,-0.0006905648496201293,-0.26517146568972955,0.00011451023960345093
2.8100342750549316,-0.7138322392632459,-0.0028902632727651535,-4.732195316852604,-0.0006939716575006156,-0.2662429287593928,0.00011499661783380179
2.8110125064849854,-0.727360222786744,-0.002945845089904778,-4.821617810532453,-0.0007050029019250455,-0.2712658216180308,0.00011716111226861399
2.811974048614502,-0.7101106538901665,-0.0028775858594060353,-4.706905806477391,-0.0006917014936976512,-0.2648004731847511,0.00011446944391015083
2.8130083084106445,-0.7018887207656868,-0.0028440937779111775,-4.651959792011583,-0.0006835416759378995,-0.2616951181371226,0.00011316251794665563
2.814011335372925,-0.6923194509702361,-0.002808815665867368,-4.587975108693621,-0.000673817333178172,-0.2580778400672433,0.00011170420504905654
2.8150670528411865,-0.693785903500343,-0.0028161428676075737,-4.597133233577165,-0.0006758256654469067,-0.25857521356130436,0.00011199260885683223
2.8160171508789062,-0.7134695692789023,-0.002892441339045131,-4.726898191863433,-0.0006921052827598344,-0.26585308793007545,0.00011510700025933286
2.8170416355133057,-0.7178826626136771,-0.00291023236308823,-4.755461151501529,-0.00069324534835609,-0.26743811418712304,0.00011577549804395719
2.8180365562438965,-0.7380930944108108,-0.0029921671361616254,-4.88864246424518,-0.0007161396441343222,-0.2749057957736713,0.00011901952423315552
2.819042205810547,-0.748626039568134,-0.0030336854070473667,-4.957747357492245,-0.0007281752655348444,-0.2787708951112602,0.00012067312337560387
2.8199710845947266,-0.7611624501114703,-0.0030775113200100547,-5.040141617242632,-0.0007376669642880936,-0.2833839298436662,0.00012250411907352717
2.8209662437438965,-0.7678651202198593,-0.003098546018394065,-5.083891673762548,-0.0007427809378295961,-0.2858236932075024,0.00012346224332783652
2.8220374584198,-0.7716672322331757,-0.003112064525186384,-5.108371765077884,-0.0007442648266420881,-0.28717797727553057,0.00012398669109184974
2.823038101196289,-0.7613180402197283,-0.003073323658859842,-5.039161337996547,-0.0007345945804473662,-0.2832649292271338,0.00012238527055150622
2.824039936065674,-0.7624495040211735,-0.0030763828951893236,-5.045954079971369,-0.0007354256008091797,-0.2836246305221581,0.00012261324217703408
2.8249752521514893,-0.7517414621735375,-0.00303009092795212,-4.974415021280971,-0.0007226239990565845,-0.2795821647990028,0.0001208194831463684
2.826021671295166,-0.7468395042871662,-0.0030163536189774832,-4.941289139633145,-0.0007199443673510937,-0.27769845902392143,0.00012014597526097947
2.8269999027252197,-0.7321423528694899,-0.002963497814773634,-4.8433440967591395,-0.0007090231456753286,-0.27217157505918815,0.0001179366834579535
2.827972173690796,-0.7135010356059949,-0.0028862976154806486,-4.7194239140090435,-0.0006904840491413366,-0.2651887309226264,0.0001148914866977657
2.82899808883667,-0.7104813263486844,-0.0028745864690295658,-4.698843483784748,-0.0006873127018456167,-0.2640129997686079,0.00011443250801861622
2.8300061225891113,-0.6976832726352294,-0.0028249108390857314,-4.613580678122051,-0.0006759837364078619,-0.2592025826345177,0.00011234913379584865
2.8309977054595947,-0.6790224729381057,-0.00274680335238301,-4.48953220369824,-0.0006575352445003049,-0.2522125478781399,0.00010925579957019183
2.8320024013519287,-0.6583909439413902,-0.002661167453544255,-4.352539807713612,-0.0006378337123167183,-0.2444980892847245,0.00010588804044944483
2.8330183029174805,-0.6484852462879495,-0.0026224231084830377,-4.286578008156783,-0.0006295735484330641,-0.2407776090546689,0.00010428827638886515
2.8340208530426025,-0.6126643743131287,-0.0024767028293173686,-4.0493337235842555,-0.0005953551620912531,-0.22743682115785163,9.848155913876692e-05
2.83503794670105,-0.6079381048157766,-0.0024560571155397533,-4.017578074004723,-0.0005890336285453951,-0.22563673090331213,9.770180833940826e-05
2.8359696865081787,-0.6001461712378092,-0.0024283933982510134,-3.9656534409830977,-0.0005843660750938007,-0.22270678546478628,9.654828981213027e-05
2.837002992630005,-0.596691992697031,-0.0024165233627970097,-3.942373129080459,-0.0005806819414572793,-0.2213848771450612,9.606101167520723e-05
2.838038444519043,-0.5954034780704844,-0.002411807820223416,-3.9334327786445122,-0.0005814025552247533,-0.2208692295066066,9.588457428782047e-05
2.839036464691162,-0.601069395020597,-0.002430158562630216,-3.970427534374348,-0.0005840870349286178,-0.22293265946800764,9.668595283431583e-05
2.8399786949157715,-0.6043296675300543,-0.0024424588493914224,-3.991506523374407,-0.0005852100995142296,-0.22410164955466183,9.718228286241499e-05
2.840970516204834,-0.6122528841876911,-0.0024718921748266755,-4.043385173683723,-0.0005926826554076064,-0.2269999263437514,9.841286989776018e-05
2.8420350551605225,-0.6048759587573858,-0.0024465918938551363,-3.994253638486147,-0.0005878304086829964,-0.2242284559734585,9.726284978081092e-05
2.8430023193359375,-0.6133758929338314,-0.0024745397783374973,-4.0499933564552695,-0.0005926652417161971,-0.22734516550125364,9.848924681338731e-05
2.8439724445343018,-0.6121795190746273,-0.002466067935344347,-4.041714396189536,-0.0005891801321666026,-0.22686833402560563,9.819569404232314e-05
2.8450379371643066,-0.6061155335095054,-0.002445913463063554,-4.001371860680027,-0.0005850263873820912,-0.22459405320021555,9.727316045192288e-05
2.8460357189178467,-0.5907752450811758,-0.0023854118087835736,-3.899815768813694,-0.0005717124765117923,-0.21888471276556343,9.486650248528275e-05
2.8469691276550293,-0.5835212340707091,-0.0023518553009058336,-3.8516537699570645,-0.0005622044481751584,-0.21617270032640845,9.363681763144993e-05
2.848036527633667,-0.5803189182822505,-0.002338167675572104,-3.8301596709280723,-0.0005572888010272473,-0.21495498682630632,9.307726180353339e-05
2.849039316177368,-0.5791185542038112,-0.0023315470350780574,-3.8219793516274914,-0.0005533842538098014,-0.21448767544564815,9.284915242082075e-05
2.8499948978424072,-0.5848066847324256,-0.0023512203749983594,-3.859255247930824,-0.0005584075919153854,-0.21657117184737507,9.374415965308116e-05
2.8510243892669678,-0.5880697727210181,-0.0023669826077296068,-3.880481566860307,-0.0005623411670574709,-0.21775253448651444,9.431687007847792e-05
2.8519952297210693,-0.584231923885754,-0.0023524880675683626,-3.8548738160625273,-0.0005601269165714296,-0.2163065354807467,9.370661147199919e-05
2.8530070781707764,-0.5827158556250122,-0.0023428891891471362,-3.844565472833349,-0.0005560998714248642,-0.21571838202008228,9.336376788104798e-05
2.8540031909942627,-0.5823552631556755,-0.00234529277665339,-3.8418948377489306,-0.0005591996371285985,-0.21555923463373514,9.339283222223088e-05
2.855001449584961,-0.558070457095765,-0.002242848347486685,-3.68140212025304,-0.0005329494990966867,-0.20654539721584692,8.938469561538515e-05
2.855973720550537,-0.5522257857725561,-0.0022214156601353674,-3.6425813826188955,-0.0005279910620130029,-0.20435889086731418,8.844139024367287e-05
2.8570024967193604,-0.5379423940188172,-0.002167393748899199,-3.5481249617460886,-0.0005165441303691766,-0.19905195054038133,8.623875444725525e-05
2.85799503326416,-0.542983217806534,-0.0021864993043343444,-3.581072839721506,-0.0005229723634999563,-0.20089077453426624,8.704375133690742e-05
2.858999013900757,-0.5527656497727049,-0.0022273862525731603,-3.6453403445629315,-0.0005331951327800661,-0.20448809188002515,8.867426590952294e-05
2.8600032329559326,-0.5580638960115873,-0.0022505115714419933,-3.680018828426934,-0.0005392986772663692,-0.206425047777272,8.958761322354786e-05
2.8610005378723145,-0.5542537476863387,-0.0022336086650945187,-3.6546284417556087,-0.0005341406683784511,-0.20499234880554693,8.891372781715775e-05
2.862006187438965,-0.5772846570546876,-0.0023278544628978818,-3.8062133865304646,-0.0005563780479119026,-0.21348612215511914,9.260138482013355e-05
2.862997055053711,-0.5892086434825671,-0.002375098012594722,-3.8845505721071287,-0.0005666111372404605,-0.21787098857775206,9.448793471078514e-05
2.863982677459717,-0.6083544187072027,-0.0024513144054522035,-4.0104430713691945,-0.0005865411924721725,-0.2249212583564546,9.758598864864958e-05
2.864969253540039,-0.6428959853261276,-0.002588990222210135,-4.237801506494018,-0.0006189673442195255,-0.23766125718714123,0.00010308335812058526
2.865966320037842,-0.6851437561439631,-0.002765448105658152,-4.515872864836032,-0.0006644282440287519,-0.25324260825767786,0.00010996694954634971
2.866992950439453,-0.7126079719000045,-0.0028751703362026814,-4.696466193505327,-0.0006869552143801975,-0.2633563522976881,0.00011431542713758999
2.867971420288086,-0.7454578589143966,-0.00301195517217269,-4.912472562848442,-0.0007228299726163408,-0.27545329842900473,0.00011971379852410648
2.86904239654541,-0.7741222475164502,-0.003123928177863748,-5.100792170474324,-0.0007494461583944644,-0.2859944381889813,0.00012427944648855425
2.8700108528137207,-0.795810642001444,-0.0032161970769254053,-5.243041953621859,-0.0007734023893472455,-0.293949182245145,0.00012786229441023647
2.8710319995880127,-0.8316881641131963,-0.0033565172549802798,-5.478599382227465,-0.0008028745505853225,-0.30712960788480453,0.0001334563502900505
2.871971607208252,-0.8501176971909827,-0.0034312580562783565,-5.599156973955653,-0.0008248577384478276,-0.31386110290718294,0.00013643790054348263
2.873014211654663,-0.8657290935801486,-0.003488241656346524,-5.701073239724334,-0.0008348778544224739,-0.3195450976618117,0.00013881663700979305
2.8740434646606445,-0.873999125582705,-0.0035278137695669877,-5.75467464020146,-0.0008460883069925817,-0.32252200677029486,0.0001402323281611105
2.875039577484131,-0.8844913473222469,-0.0035629980928888784,-5.822926491082731,-0.0008552227866759225,-0.3263206064718584,0.0001418251349869198
2.8759865760803223,-0.8784138898480188,-0.0035396190291657626,-5.782076207582642,-0.0008505061183469306,-0.3240044781734972,0.0001408360630637718
2.877004623413086,-0.8630659673181046,-0.0034813005312056525,-5.680222347296081,-0.0008379249446788264,-0.31827054043407715,0.00013840236124682126
2.8780078887939453,-0.8499535515734049,-0.003423356417195143,-5.593085337908854,-0.0008223867993907249,-0.31336133505430674,0.00013622025257683924
2.8789925575256348,-0.8133859856011307,-0.0032787649177990043,-5.351541862841852,-0.0007870886450256759,-0.29979932305393336,0.0001304216109634768
2.879998207092285,-0.7886955847987241,-0.003182052271039402,-5.18812466654707,-0.0007618349200072567,-0.2906134689603153,0.000126471473344209
2.8809974193573,-0.7591034988053179,-0.0030552872451220024,-4.992533106375772,-0.0007288717930848796,-0.27962758473913096,0.00012153844804189467
2.881998300552368,-0.7260798919203597,-0.0029201481781902946,-4.774408907105555,-0.0006988065779121272,-0.267380819714039,0.00011620555113989257
2.8829989433288574,-0.6795271254996619,-0.002726556876154145,-4.467366473971971,-0.0006482731501408954,-0.2501557850220963,0.00010856354307166398
2.8839900493621826,-0.6498226246192422,-0.002609703181808432,-4.271209593672821,-0.0006207508259887891,-0.23914380475739547,0.00010386992891333223
2.8850386142730713,-0.6108084911896494,-0.0024508780637470112,-4.013939421638422,-0.0005819234444542674,-0.22471260089974862,9.75759594212997e-05
2.8860371112823486,-0.5858457461072065,-0.0023472845491408893,-3.8490857989477467,-0.0005563697508516382,-0.2154576420924537,9.35216399421837e-05
2.8870348930358887,-0.5738092071810117,-0.0022973146155951733,-3.7692538666754696,-0.0005462948164205705,-0.21096491884349827,9.157006323221442e-05
2.8880369663238525,-0.5682333365280405,-0.002276789220011289,-3.731840000952138,-0.0005422545459482611,-0.20884566150714884,9.065415111589885e-05
2.8890368938446045,-0.5599803214470334,-0.0022423757325127566,-3.6768270912135166,-0.0005338368345628966,-0.2057409593035704,8.929375193265984e-05
2.8900229930877686,-0.5316529591852357,-0.002127184736418817,-3.4900896503832497,-0.0005069157628879167,-0.1952681396522968,8.47562208115232e-05
2.890990734100342,-0.5179295780107491,-0.002076313347867002,-3.3992760141612113,-0.0004964093921191538,-0.19016393819302976,8.266344973025787e-05
2.891968250274658,-0.5115048794037266,-0.0020512661714948833,-3.356394189972179,-0.0004895033454759696,-0.18774209400676836,8.162488513522811e-05
2.893019914627075,-0.5146589254171873,-0.0020612194611642617,-3.3763470021604567,-0.0004911625229078082,-0.18883433037673078,8.20987822549115e-05
2.8940372467041016,-0.5048452209823706,-0.002019607188256341,-3.3112116653196892,-0.0004793002440886396,-0.18516722367871816,8.048697476747013e-05
2.894996404647827,-0.5063105981093453,-0.002025473041786973,-3.3201288505852538,-0.00048082116296951227,-0.18564362073038795,8.070472530911094e-05
2.896031141281128,-0.4887218650031557,-0.001952352917415379,-3.204115140927924,-0.00046270907683886866,-0.17913508262490058,7.782087015540881e-05
2.897036075592041,-0.5050646678755374,-0.002015464822032722,-3.310514270159125,-0.00047643977707380824,-0.18505968137656353,8.032576716766635e-05
2.898036003112793,-0.5136810337502863,-0.00205126945013535,-3.366243412516494,-0.0004849533289679098,-0.1881509631292982,8.170876495684222e-05
2.8990349769592285,-0.5243584808999265,-0.002092397529659503,-3.435445734790698,-0.0004959155628952643,-0.1919942331127588,8.336679646228337e-05
2.8999686241149902,-0.5123703417065489,-0.002042444086459972,-3.3560714688785964,-0.0004836140771214175,-0.1875316014367191,8.142119455942421e-05
2.9010021686553955,-0.5068010114712662,-0.002016954032338083,-3.318820219870854,-0.0004765843396115061,-0.18542527825945712,8.048561336337333e-05
2.902052402496338,-0.4916118744658461,-0.001959090704408632,-3.218588223901881,-0.0004638938978528451,-0.1798006560893991,7.812738583957659e-05
2.903013229370117,-0.49730188120290797,-0.0019823265890031934,-3.2551395082242696,-0.0004685422616883541,-0.18181999217810402,7.902111899936025e-05
2.904008388519287,-0.5005833509089859,-0.001995900702266762,-3.275878791472038,-0.00047085593313876104,-0.18295462821303224,7.95364071656913e-05
2.905012845993042,-0.4957337031497483,-0.001973899407760227,-3.243426341837808,-0.0004642733668184037,-0.18111917829309443,7.870582771125717e-05
2.9059970378875732,-0.5006608542293626,-0.0019931134252490126,-3.2749227896548647,-0.0004686845371551513,-0.18285419343980724,7.94608021142647e-05
2.9069981575012207,-0.4907151570335181,-0.0019529538230142196,-3.2090910024994934,-0.00046082477535362015,-0.17915357005992064,7.788601145110369e-05
2.9079971313476562,-0.4861623081271801,-0.0019338616385528304,-3.1785656496470036,-0.00045750398688039056,-0.17742525798523054,7.715123162553468e-05
2.909006357192993,-0.4783846844655693,-0.0019018016975817641,-3.1269663442464446,-0.0004489523368933017,-0.17452093072871236,7.584639075432659e-05
2.9100279808044434,-0.4808668639308364,-0.0019121301744540078,-3.1424566343663005,-0.00045315927223010143,-0.17536182570030492,7.623555998496005e-05
2.9110209941864014,-0.4765825375733462,-0.0018946060686411664,-3.11373241479229,-0.0004487864489939444,-0.17373551639928358,7.553289840848982e-05
2.91200590133667,-0.48081071833248484,-0.0019126887148072187,-3.1406279633160445,-0.00045187451891326143,-0.1752127158912804,7.621779053296505e-05
2.9130117893218994,-0.4833492932968115,-0.0019218834458795066,-3.1564736815842025,-0.00045423379129497834,-0.17607302304210604,7.66350074922273e-05
2.914029121398926,-0.5098405029154743,-0.002026263054722727,-3.328705080998472,-0.00047884103820939483,-0.1856556373436518,8.079408220643506e-05
2.915036201477051,-0.5364254029060735,-0.0021319849641964045,-3.501437038840984,-0.0005040453991622393,-0.19526258834383653,8.499600107722208e-05
2.916034460067749,-0.586877719312202,-0.002333084920436816,-3.8297982719505623,-0.0005536245517956959,-0.21354321246883287,9.303173608214754e-05
2.917034864425659,-0.650291556234527,-0.0025854752233585164,-4.242544341648799,-0.0006138303914825345,-0.2365225992713788,0.0001031029999626257
2.9180378913879395,-0.707313057679531,-0.002813479427844156,-4.613322283121076,-0.0006645464099254368,-0.2571537382326021,0.00011210366060810329
2.9190354347229004,-0.7541919346254156,-0.0029978438629526005,-4.9177662108557865,-0.0007080312407279795,-0.2740814910783365,0.00011950428187932517
2.919968366622925,-0.7910771027343991,-0.0031430450029273716,-5.1568180385498055,-0.0007434816546426054,-0.28735741473845644,0.0001252695350574568
2.9209682941436768,-0.8219661928441478,-0.0032654858537608986,-5.356701542395267,-0.0007698950494494685,-0.2984481007576079,0.00013009722223550132
2.921996831893921,-0.8697671532873306,-0.0034530842337438853,-5.666559048006965,-0.0008177283518078275,-0.31565824175649293,0.00013768321264457647
2.922978639602661,-0.912090416783675,-0.0036145656702063302,-5.940605779614994,-0.0008524416688345594,-0.3308695423416374,0.0001442058018422692
2.923968553543091,-0.9526951941161882,-0.0037784621884405897,-6.203326623181079,-0.0008913867044620399,-0.34544573410530877,0.00015059228283119885
2.925004482269287,-0.9924646774933206,-0.003935645428822343,-6.460318632279992,-0.000929778518710414,-0.35969353399291043,0.0001568813541649267
2.9260520935058594,-1.0248536201627236,-0.004061310358466241,-6.66914778143095,-0.0009599474250220331,-0.37125586752415113,0.00016187639087541386
2.927037239074707,-1.047594435320897,-0.004151924093008366,-6.815042700715356,-0.0009852112197428259,-0.3793099539869879,0.0001654924287395265
2.928013563156128,-1.0535875892640254,-0.004177730968191871,-6.851855007314053,-0.0009914167886891667,-0.3812884778766531,0.00016642729079058223
2.9290049076080322,-1.0452128332168744,-0.004150712762296013,-6.79519080396499,-0.0009861656027404598,-0.3780640763020992,0.00016515848540395718
2.9300003051757812,-1.0346294969237246,-0.004111205750423513,-6.724134565178904,-0.0009810836698724127,-0.3740378602512789,0.00016355801088950334
2.9309990406036377,-1.0119935881061617,-0.004018252707858984,-6.574774751293393,-0.0009574156622510065,-0.3656567904983387,0.00015998447652399285
2.931978225708008,-0.9943000558511341,-0.00394022564366592,-6.457485461977111,-0.0009315684238635514,-0.35905805168970145,0.00015688791417667965
2.9330050945281982,-0.9860340246969375,-0.003906446556870831,-6.401532485824968,-0.0009248142299003157,-0.3558733620915075,0.0001556019725809391
2.9340109825134277,-0.9455690805188217,-0.0037363622850007916,-6.136639801467027,-0.0008821197640213074,-0.34107662752180773,0.00014902933125245392
2.935000419616699,-0.9139201387517494,-0.0036087240140731157,-5.929058858332243,-0.0008518086701023033,-0.3294684398634212,0.00014392660330914042
2.936044454574585,-0.873699796039066,-0.003441012887322386,-5.666068381805911,-0.0008089151692113924,-0.31478763559432904,0.00013734211463011645
2.9370040893554688,-0.8541562296986255,-0.0033628908831048066,-5.537218740113282,-0.0007933639157266446,-0.30756083195572026,0.00013427013206654422
2.938000202178955,-0.825966401766906,-0.0032539291139582313,-5.352439013989772,-0.0007677583181365878,-0.2972313541962275,0.00012980655025998972
2.9390387535095215,-0.8184267056060259,-0.003223915221541674,-5.301554180690942,-0.0007618878882994529,-0.2943398403629687,0.00012863272826842899
2.9399685859680176,-0.7962308223414978,-0.0031300865887889653,-5.155750986089532,-0.00073455834430655,-0.28617917205499277,0.0001249504806318829
2.940986156463623,-0.7797081180318252,-0.003064224991897517,-5.046767761885384,-0.000719528147912746,-0.2800650242355626,0.0001223167911043706
2.94203519821167,-0.7720040122192705,-0.0030349458712477313,-4.994932218455139,-0.0007123274766407593,-0.2771244398999042,0.00012108641454652497
2.9430131912231445,-0.762734933007435,-0.003002090419678277,-4.9329831441989285,-0.000705399100042745,-0.27362313512934816,0.0001196898394494106
2.944044828414917,-0.7646782574338123,-0.0030048912323822185,-4.9435855713614885,-0.0007039337095730688,-0.27414727347225554,0.00011990932120928617
2.9450366497039795,-0.7722324596394122,-0.0030297120324176627,-4.990493543653165,-0.0007115752140142374,-0.2766857710596969,0.00012100026412138632
2.9460411071777344,-0.7836286376378521,-0.003070443637198913,-5.062100151605302,-0.0007207887948466085,-0.2805893973773748,0.00012262947977003728
2.9470343589782715,-0.7829063984610094,-0.00306724613464206,-5.0554435764017205,-0.0007190461008683941,-0.28015557796770424,0.00012248926613968203
2.947967529296875,-0.7901711411434608,-0.003092863820128905,-5.1003609964877255,-0.0007257144605841969,-0.2825798094125007,0.00012356716936951789
2.949035167694092,-0.7813503095117388,-0.003056619519960237,-5.041506606676126,-0.0007145160694764754,-0.27925652578689697,0.00012205100204450748
2.950012445449829,-0.7905991945765466,-0.003095359913428991,-5.09916117521112,-0.0007251016000666387,-0.282384162959228,0.000123513889377469
2.951021671295166,-0.7827758258480271,-0.0030661318117731055,-5.0467526122972926,-0.000717460030803486,-0.2794182458727973,0.00012232046086787634
2.952012300491333,-0.7925375943936498,-0.0031031874003036603,-5.107661643120359,-0.0007258675282670399,-0.28272436513188054,0.00012381451238224162
2.953028917312622,-0.8040583489783157,-0.0031437348633850527,-5.179854624672467,-0.0007355140166711669,-0.28665338135221247,0.00012551224378660436
2.9539694786071777,-0.8225038782669721,-0.003222088549664258,-5.296645800051801,-0.0007579742929928174,-0.29305006642499887,0.0001285203270555389
2.9550058841705322,-0.8202782394663932,-0.003209945619293995,-5.280306174470221,-0.0007525566627096471,-0.2920804538243988,0.00012806655140444237
2.9559714794158936,-0.8258281959909348,-0.0032284861212010557,-5.313945289002298,-0.0007562701726157515,-0.29387298540203277,0.00012889884485663982
2.9570438861846924,-0.8231963878424745,-0.003211621005958372,-5.294935210911569,-0.0007506674064753808,-0.2927538307940822,0.00012834725239704717
2.9580540657043457,-0.8094253425976681,-0.0031640410043128216,-5.204373594271509,-0.0007394756124096455,-0.2876818358209288,0.000126261310748322
2.9590396881103516,-0.8162670036305341,-0.003185391166528833,-5.246367200518957,-0.0007423227733833569,-0.2899377882005256,0.00012716725058551753
2.9599733352661133,-0.8203184735922011,-0.003192585191261282,-5.270432762494678,-0.0007417607801570138,-0.29120312861945685,0.00012759936402746596
2.961005926132202,-0.8038227769477997,-0.0031265242431254563,-5.162454963586218,-0.0007259809588387969,-0.28517177585905384,0.0001249699459003223
2.9620566368103027,-0.796200546842982,-0.0030999919764227407,-5.111516564481722,-0.0007223100045411156,-0.2822929133568397,0.0001238126838626135
2.9630115032196045,-0.786973135875321,-0.0030653158609136163,-5.050279685824491,-0.0007160367819147797,-0.2788455146166902,0.00012238256905546452
2.9639780521392822,-0.7890502782422567,-0.0030693756841955423,-5.0616210066077665,-0.0007163240347443968,-0.27940652019888484,0.00012258477169967505
2.9650142192840576,-0.8159717092232631,-0.0031742547389882296,-5.23227771769692,-0.0007397546992857294,-0.2887600435546818,0.0001267201186752116
2.9660050868988037,-0.836152234681968,-0.0032562514380964345,-5.359617740425861,-0.0007621549941643641,-0.2957199841179406,0.00012991445669171414
2.9669981002807617,-0.8600485325935072,-0.003344864860462028,-5.5106075304097475,-0.000781012198815283,-0.3039793061591385,0.0001335207303090398
2.9680263996124268,-0.8787632121915017,-0.003416258457713683,-5.628197957516378,-0.0007983851089448653,-0.31038969628119445,0.00013642077779170374
2.968991279602051,-0.9080294407418318,-0.0035359852849447624,-5.813295137819332,-0.0008269417215793207,-0.3205206357077911,0.00014104021445680184
2.9700045585632324,-0.9102199072530613,-0.003542558444950642,-5.824988255882274,-0.0008275358172850602,-0.321088756158347,0.00014131945672378959
2.9709999561309814,-0.925189097772909,-0.0035894379371588935,-5.918337945806345,-0.0008376828585300006,-0.3261540119031359,0.00014341231826794034
2.9719929695129395,-0.9394585315234248,-0.0036422276092633182,-6.007058499530301,-0.0008473414283634331,-0.33095913290812523,0.00014552832107985443
2.973043441772461,-0.9351600323564274,-0.003623504753101654,-5.977030764082699,-0.0008416744952187549,-0.3292210962490197,0.0001447694899100888
2.9740278720855713,-0.9337212820209996,-0.0036124850729215277,-5.965263000362321,-0.0008399710329775404,-0.3284882458172335,0.0001443933709208388
2.974992275238037,-0.9337045003063507,-0.0036075036741009697,-5.96265656582268,-0.0008389275436796118,-0.32826241033492853,0.00014425942396092723
2.976017713546753,-0.9151399440531212,-0.0035381268742099284,-5.841580715296397,-0.0008223356726537395,-0.32151371709853177,0.00014132211772122539
2.9769959449768066,-0.8872653374093483,-0.0034345686115547034,-5.661187818821093,-0.0008004572377768537,-0.31150395764215205,0.00013713640286042386
2.978037118911743,-0.8679212614711582,-0.0033598523062948636,-5.535343623762529,-0.0007827754328046649,-0.3044996609032145,0.00013417351990490872
2.978973388671875,-0.8203487773685345,-0.003172818012604435,-5.2295676992203886,-0.0007394849700082689,-0.2876006270876008,0.00012671850698526272
2.9799795150756836,-0.7850228155134619,-0.0030412015174844363,-5.002107585574152,-0.0007115463743943413,-0.27501671714736886,0.000121386828261074
2.981055974960327,-0.7486803866502436,-0.002895861641340868,-4.768322156845228,-0.0006759174676867554,-0.26209004419436005,0.00011561465167684578
2.9819891452789307,-0.705716427765543,-0.0027321237151949683,-4.49261236398874,-0.0006390643985472535,-0.24686719662045034,0.00010902625495908088
2.982999324798584,-0.6533204442874838,-0.002528622290693763,-4.157145284622114,-0.0005917357952899394,-0.22837020521077847,0.00010088127796171429
2.984050989151001,-0.6216053305328515,-0.0024022798505678638,-3.9535108285493092,-0.0005622711310579789,-0.21712323089752805,9.591476338449405e-05
2.9850387573242188,-0.5869913879618817,-0.0022615626550579276,-3.731651675449201,-0.00052705626897642,-0.20488239677713863,9.036931488450991e-05
2.986041307449341,-0.5580514717033347,-0.0021484549915119287,-3.5460493876253927,-0.00050008605428172,-0.19463835202587912,8.583206549102774e-05
2.987039566040039,-0.544174969963194,-0.0020995244713584624,-3.456282728728359,-0.0004901965958116876,-0.18965850115438396,8.374736209024959e-05
2.9879729747772217,-0.505196819020902,-0.001949479434254352,-3.2072618008307563,-0.00045534607623165144,-0.17594565999531803,7.773857376405345e-05
2.9890198707580566,-0.4862753916417367,-0.0018730275161935217,-3.0857019080360617,-0.00043763382198421126,-0.16922945644508877,7.478288657774087e-05
2.9899966716766357,-0.4712705186325959,-0.001809381681841983,-2.9890897218459327,-0.000419009189881022,-0.16388460859069212,7.230400112288281e-05
2.991014242172241,-0.4582206953723956,-0.0017575985254665747,-2.9049183077087593,-0.00040597692580418543,-0.15922320620149963,7.026873123671903e-05
2.9920499324798584,-0.458410023027541,-0.0017577820980433185,-2.9047297220112784,-0.00040787926461378394,-0.15916677597053314,7.029456879785605e-05
2.993058204650879,-0.45294867187580806,-0.001736279732528686,-2.8687741612240556,-0.0004021914694983282,-0.15715175462784728,6.94152125206347e-05
2.994037628173828,-0.4569381032593051,-0.0017515037222039977,-2.892692031699705,-0.00040564371961146354,-0.15841715115283098,7.001304927721115e-05
2.99503755569458,-0.45337327622096657,-0.001737116272248776,-2.8687989228903366,-0.00040078644860810914,-0.1570645970997904,6.941902395508429e-05
2.9959704875946045,-0.4644441029223439,-0.0017774612575828937,-2.9375189665192116,-0.0004105823518780354,-0.16078265962940683,7.104141052409956e-05
2.9970386028289795,-0.4521463197707128,-0.0017262720290188776,-2.858411622085864,-0.00039853459161820297,-0.15640866602737769,6.905345348945857e-05
2.9980409145355225,-0.465047372472988,-0.0017747979592855122,-2.938608025635831,-0.00040927195578209616,-0.16075156892221548,7.098403856810795e-05
2.99896502494812,-0.46596589256293974,-0.001775794703991187,-2.9429779787563155,-0.0004097965896775663,-0.1609428681572043,7.106540941211312e-05
3.000011444091797,-0.4670308564378997,-0.0017795636611447256,-2.9483284943400627,-0.0004110804738507723,-0.16118964517243367,7.119801953225944e-05
3.001037836074829,-0.4743254332020461,-0.0018062332932574567,-2.9929372370950915,-0.0004160175864571234,-0.16358043615934648,7.227401821578833e-05
3.002018451690674,-0.47859107163410336,-0.0018226436189273036,-3.0184165266702134,-0.00042065393435307744,-0.1649251235527971,7.296089785676765e-05
3.0030012130737305,-0.48133740894999727,-0.0018324317861055808,-3.0343374950854836,-0.00042224243789250944,-0.16574833964577584,7.334465815545732e-05
3.0039987564086914,-0.5028650931194145,-0.001915839461103504,-3.168621105977771,-0.0004414174059086167,-0.1730358741006923,7.660950038008926e-05
3.0050466060638428,-0.5142395072056106,-0.001953417590100181,-3.238875754486194,-0.0004493241349761161,-0.17682510711005525,7.820810708850154e-05
3.0060112476348877,-0.5143813751021515,-0.001954921386394344,-3.238288448950756,-0.00045007955955028836,-0.1767435752401785,7.822971656148747e-05
3.007004976272583,-0.5150794568898966,-0.0019575798404285775,-3.241211739868046,-0.0004513623691195872,-0.17685394844582566,7.833630785931724e-05
3.0080032348632812,-0.5160636298118015,-0.001959186237483599,-3.2458994339481184,-0.00045068344605281356,-0.17705939566236634,7.840137522463099e-05
3.009004592895508,-0.503799678260731,-0.0019078698414120123,-3.1672955479079787,-0.0004364077775353914,-0.1727225884299452,7.642308312149054e-05
3.010051727294922,-0.4983111358497205,-0.0018903021313346816,-3.1313482002509376,-0.0004325268429869851,-0.17071401088771737,7.560074207431734e-05
3.0110220909118652,-0.5034284642257417,-0.0019078345547609195,-3.1620486962064445,-0.000438773965418992,-0.17233896876195082,7.63741176222424e-05
3.0119893550872803,-0.5066256787510196,-0.001917122363006675,-3.180719491234721,-0.00043993553122429044,-0.17330930502096892,7.675737308888949e-05
3.0130207538604736,-0.5212392932599679,-0.001971882937121742,-3.2710392521359712,-0.0004518627516786082,-0.17818274049993788,7.895605632043568e-05
3.0140388011932373,-0.5292083629196881,-0.0019999492337307995,-3.3195609375949044,-0.000456915441648914,-0.1807759571641165,8.008596100543701e-05
3.015037775039673,-0.5596711111004767,-0.002110409281394215,-3.509056291833568,-0.0004802913129143202,-0.1910421881463574,8.455347818319331e-05
3.015972137451172,-0.6076236798889224,-0.0022949812728050487,-3.8079515956693273,-0.0005258316203610566,-0.20725575734463791,9.189613406045613e-05
3.0170059204101562,-0.6385148151075205,-0.0024091463221241416,-3.999677236789019,-0.0005512154639792998,-0.2176281209403663,9.649845699005566e-05
3.018043041229248,-0.6681431280255269,-0.0025279140978609568,-4.183297391086096,-0.0005784311847413501,-0.22755289959609856,0.00010106264268129283
3.0190422534942627,-0.6961050676373636,-0.002629452835388411,-4.356345680609533,-0.0006009335797921697,-0.2368979587827965,0.00010520311974576905
3.0199878215789795,-0.7046258298504592,-0.0026613418556737374,-4.407550778851664,-0.0006112697635793145,-0.2396112393906922,0.00010653118586641449
3.021028518676758,-0.7096322001141396,-0.002679730292962049,-4.436684006667963,-0.0006170769205437527,-0.24112162333892137,0.00010726731972688894
3.0220389366149902,-0.7191031081843926,-0.002720030036862202,-4.493679396677532,-0.0006269728361284622,-0.24414453931992483,0.0001087589890845191
3.023014783859253,-0.7121397700158156,-0.0026816069616308665,-4.447981048561505,-0.0006132374236433605,-0.24158817073805777,0.00010742934695183326
3.0240373611450195,-0.7218276218966695,-0.002717377569692429,-4.506273095473146,-0.0006239455089862485,-0.24467954723964566,0.00010884252024214576
3.025038003921509,-0.7149557723858623,-0.0026860624237603084,-4.461189582535647,-0.0006156393957097421,-0.24215803477996586,0.00010764279194886532
3.0260677337646484,-0.706013290638548,-0.002652406311250292,-4.403274948944868,-0.0006102408172650328,-0.23894304442212447,0.00010626525450606657
3.027069330215454,-0.6762860313150094,-0.002543851430351903,-4.215808160238718,-0.0005848689642786272,-0.2287005806259529,0.00010181987187777389
3.0280184745788574,-0.6808559263590584,-0.0025592144891888897,-4.242139376887235,-0.0005867136405500715,-0.23005622219852664,0.00010241726548035433
3.0290133953094482,-0.6453753029528077,-0.002426083655344815,-4.019057595813297,-0.000558989062969689,-0.2178901461415243,9.711887590051838e-05
3.0300962924957275,-0.6158469793084825,-0.0023119765986264894,-3.833304849598629,-0.000529142991557177,-0.20775666213358604,9.255328275782221e-05
3.0310187339782715,-0.5820049122589669,-0.00218409331280145,-3.620877453035689,-0.0004995381200671934,-0.19618342000193292,8.745287848105434e-05
3.0319817066192627,-0.5522303750248896,-0.002069039974916311,-3.433883402862869,-0.0004729836205724837,-0.1859925042539694,8.288460677793286e-05
3.0329766273498535,-0.5057375485582142,-0.0018958073675868867,-3.143149067461853,-0.0004337005913557645,-0.17018997045094555,7.592368650724391e-05
3.034011125564575,-0.4831840717968461,-0.0018057374033796278,-3.0014045445710473,-0.0004112598032822684,-0.16246170252708272,7.238686631913674e-05
3.034999370574951,-0.46633610978409484,-0.0017456168615753618,-2.8952447056629107,-0.00039981933377158366,-0.15666444671785235,6.99150703396463e-05
3.0360074043273926,-0.45859089572128386,-0.0017169002227440237,-2.8456652217809655,-0.00039453827635657667,-0.15393104459112714,6.875136244692858e-05
3.037001371383667,-0.4418314462912958,-0.0016498726618356136,-2.7402659773005533,-0.0003784973382504276,-0.1481820981244131,6.613150085560488e-05
3.0379750728607178,-0.44145516443057436,-0.0016478430284088547,-2.73657612529681,-0.000377499647242593,-0.14793656086737225,6.601022011561261e-05
3.0389697551727295,-0.4482408418268784,-0.0016696124616752133,-2.7772051899968306,-0.0003798833137597773,-0.15008421262689622,6.690800184204934e-05
3.040041446685791,-0.44606357357087584,-0.0016604819706083978,-2.762267054736452,-0.00037806809020214346,-0.1492277538029401,6.655556972583284e-05
3.0410234928131104,-0.4519689673269975,-0.0016855552563007886,-2.7973534376011466,-0.00038395751837186446,-0.1510728611175055,6.748579061109853e-05
3.0420470237731934,-0.4420127161061621,-0.0016452283849195083,-2.734278565734259,-0.00037227595187661587,-0.14761706714765396,6.589435547082316e-05
3.043036937713623,-0.4513629214698569,-0.0016791231591129151,-2.7906341935052055,-0.00038084811747777424,-0.15060907974229837,6.72984148641752e-05
3.0439696311950684,-0.4567440607738691,-0.0016983015324237996,-2.822491969397011,-0.00038538294979272876,-0.1522803726356569,6.804761049984417e-05
3.045046329498291,-0.4800863464137707,-0.0017831692950383952,-2.9652610778496524,-0.00040528045995004387,-0.15993283872342215,7.147667892474409e-05
3.046027421951294,-0.5050916175837277,-0.0018688305072017217,-3.11815535930842,-0.00042261407333752884,-0.1681264280875581,7.501115516489275e-05
3.047070026397705,-0.5246631628818651,-0.0019408523529933998,-3.23733329651989,-0.00043839184174140883,-0.1744962347485889,7.787161861115548e-05
3.047987461090088,-0.548872313584037,-0.0020274633715374386,-3.3849619093864876,-0.0004567877379421587,-0.18239394898539066,8.135380300881846e-05
3.049001693725586,-0.5743669718708726,-0.002121750051462482,-3.540354536581865,-0.0004801240048664363,-0.19070442558945405,8.51220409880984e-05
3.0500166416168213,-0.5879330760245237,-0.0021711508701660765,-3.622088449397356,-0.0004900892004491216,-0.19504270257831516,8.706622481451756e-05
3.0510377883911133,-0.6155050676720991,-0.002268090652642526,-3.7899738751828687,-0.0005097828488658257,-0.20401547490083613,9.102744375322699e-05
3.0519726276397705,-0.6364351728191238,-0.002342852970367115,-3.9168616206589473,-0.0005267677335459882,-0.21077790374598437,9.410791628575818e-05
3.053004741668701,-0.6677591560685955,-0.002461289570028009,-4.107534522784483,-0.0005548604628794106,-0.22096655507653784,9.878952333552012e-05
3.0540378093719482,-0.6969225500959811,-0.0025667253164326402,-4.284772183774686,-0.0005788996249238223,-0.23042749302980145,0.00010307830654517275
3.0550377368927,-0.7260558906537535,-0.0026735287634433074,-4.461656568617994,-0.0006005899818789241,-0.23986366614663385,0.00010732731332247395
3.056039333343506,-0.7541384269477511,-0.0027721349212236927,-4.631925282763645,-0.0006220771781414535,-0.24893874916717565,0.0001113395023723247
3.0570385456085205,-0.7764446587479333,-0.0028521864457583448,-4.76653650152649,-0.000640969612819251,-0.2560913066223999,0.00011457104924602833
3.0580477714538574,-0.8011555632469093,-0.002942003052599198,-4.915719688622543,-0.0006610353279160294,-0.2640202543873409,0.00011813027731545606
3.058974266052246,-0.8080804730522648,-0.0029638229337035677,-4.9556770685749605,-0.0006649853835574227,-0.26607950328423574,0.00011904076330071654
3.0599796772003174,-0.7986859432544252,-0.0029261795641928852,-4.895597358097488,-0.0006533194656944544,-0.2627690974268544,0.0001175336477995587
3.0610361099243164,-0.8086221865645106,-0.0029668224200175355,-4.9539838887906065,-0.0006652440629271253,-0.26581652711040094,0.00011910384084853573
3.062037467956543,-0.8007171580333344,-0.0029342370314617778,-4.903087920066259,-0.0006591513503162433,-0.2630008992218918,0.00011786172604299877
3.0630295276641846,-0.7913058032400215,-0.002893244519145208,-4.842960179269776,-0.000647130374062658,-0.2596898066058562,0.00011631604141883261
3.0640299320220947,-0.8012670818715888,-0.0029255873602435753,-4.901402366986786,-0.0006498802000045848,-0.2627368670147782,0.00011760058044611593
3.065011978149414,-0.8198605594546039,-0.0029983581226097266,-5.0125217458178355,-0.0006698371435500648,-0.26860330572168617,0.00012041216462600553
3.0660130977630615,-0.8502272471512418,-0.0031114466418922116,-5.195455018839485,-0.0006977614816687001,-0.27831228452764695,0.00012490984294389747
3.0670015811920166,-0.8928744067836012,-0.003269162009576705,-5.453249701674385,-0.0007343195839488619,-0.29202525701991405,0.00013121005604953346
3.0679821968078613,-0.9151604660015775,-0.003347862031428285,-5.586471291073256,-0.0007527626346355025,-0.29905977137152623,0.000134355189054447
3.0689806938171387,-0.953833765924919,-0.0034914851968401678,-5.819394098332831,-0.0007852775455181944,-0.31142011870308056,0.00014003939587070506
3.0700039863586426,-0.9869120786196215,-0.0036095492072926597,-6.017986257035582,-0.0008097128212039549,-0.3219365539674668,0.00014476065759329768
3.071004629135132,-1.0044859540103621,-0.00367130886255599,-6.1217652695693525,-0.0008241556228088643,-0.3273715648458094,0.00014733256283703294
3.0719833374023438,-1.0281348701581594,-0.003756731441276353,-6.2623963722583404,-0.000842127849587072,-0.3347713715552106,0.00015068286953918641
3.073005199432373,-1.0537793988482633,-0.003858742423449686,-6.414952402900448,-0.0008694037841484021,-0.3428006949796838,0.00015457956147575612
3.0740432739257812,-1.067637029402874,-0.00389765334651918,-6.495675862903576,-0.0008739824942906891,-0.346988715044738,0.00015634861583724773
3.0750372409820557,-1.0958599735294903,-0.003994309035026037,-6.663663343870785,-0.0008968126703538929,-0.35583350754683524,0.00016024117215458007
3.0759708881378174,-1.1046299065570837,-0.004022314708932884,-6.713216531124602,-0.0009002985764566757,-0.3583489948647442,0.00016137256309645703
3.077040433883667,-1.1164663233054037,-0.004067395182679878,-6.781241729735377,-0.000912875241806797,-0.36184483092551467,0.00016309623482815524
3.078042984008789,-1.0967678957049771,-0.003984107663310435,-6.657772590637679,-0.0008913144012684898,-0.355124094631771,0.00015997128348725146
3.0790045261383057,-1.087970326062405,-0.003947789055020263,-6.600560375822664,-0.0008794880582388483,-0.35194042804407455,0.00015852973958900075
3.08009934425354,-1.0782155136057816,-0.003917684820281075,-6.537517953276018,-0.0008745780641568071,-0.34844510682580565,0.00015724345339315323
3.0810017585754395,-1.0604797099816845,-0.003860430813169026,-6.426199510656086,-0.0008628939021655356,-0.34238069588085535,0.0001547403036081481
3.082034111022949,-1.0258910058932589,-0.0037277831625238404,-6.212944778238871,-0.0008312271428095788,-0.3308917405741276,0.00014953706126314778
3.0830137729644775,-1.009614963275353,-0.003660951837700967,-6.110741663613641,-0.0008161622493610369,-0.32532234471154037,0.00014699563086357866
3.084043502807617,-0.9832122012316707,-0.003559599688032589,-5.9474162708505,-0.0007904783089328386,-0.3165048496463554,0.00014291194063244765
3.085038900375366,-0.9710354398760778,-0.0035081337481994586,-5.870230743866796,-0.0007807081769084742,-0.3122745128117176,0.00014093134711218417
3.0860369205474854,-0.958457225666745,-0.0034559861582005085,-5.790779740883022,-0.0007676205414631295,-0.30792927999400405,0.0001388939417473047
3.087035655975342,-0.9531632304815765,-0.003439476350598471,-5.755469088721476,-0.0007633474018696193,-0.30593579891755934,0.000138079884585295
3.088043212890625,-0.9182564491864832,-0.0033102116220434224,-5.5414771827783,-0.0007365145888792432,-0.2944488955662388,0.00013298170410866838
3.089083194732666,-0.9018271799781749,-0.0032467212886340487,-5.439108870229511,-0.0007239012257977244,-0.28889720111101214,0.00013053739808700158
3.0900065898895264,-0.8677791036194696,-0.003123995016556556,-5.230498196377469,-0.0006915300001916514,-0.27770317515236326,0.00012543463042483314
3.091006278991699,-0.8517943436700876,-0.003066054805657171,-5.13091250698281,-0.0006819361299209305,-0.27230282674955514,0.00012313022716566762
3.091970682144165,-0.8114673264984846,-0.0029143630640604216,-4.884978259852918,-0.0006446661192363843,-0.2591454149523631,0.0001171268062667482
3.0929696559906006,-0.8127678945199336,-0.0029187611855767373,-4.889790575701609,-0.0006433770633950795,-0.25929525949901283,0.00011725175586096875
3.093968629837036,-0.8004269417795511,-0.0028689090609413867,-4.812567528396621,-0.0006328512835898688,-0.25509616692634335,0.00011536837376441189
3.0950098037719727,-0.7952692876358851,-0.00284393060389222,-4.778548841795818,-0.0006259507306174693,-0.2531876926210137,0.00011444667146189193
3.096048593521118,-0.7667398254954607,-0.002742927831571553,-4.604217478953485,-0.0006047848773796469,-0.24384912955624982,0.00011028980337654408
3.0970418453216553,-0.7470352993269023,-0.00267183393406906,-4.483021549682617,-0.0005905188499411567,-0.23732971871389494,0.00010742998317618972
3.0979950428009033,-0.7176749134074333,-0.0025643921860278116,-4.304044720516331,-0.0005641516993318891,-0.2277571810983855,0.00010303239375401047
3.0990283489227295,-0.7180219299565558,-0.002560702841936795,-4.303388431470005,-0.0005637546367754979,-0.22762641538969827,0.0001030130254237031
3.09997296333313,-0.6856539900158801,-0.002438801045697652,-4.106774347807527,-0.0005339835303681621,-0.21713458855979087,9.816653380412332e-05
3.1010451316833496,-0.6834593787429086,-0.0024320890484832406,-4.090992146521479,-0.000532705919400701,-0.21620750095049174,9.785525212183646e-05
3.102038860321045,-0.6627883756386418,-0.0023551200627158994,-3.9647396132479296,-0.0005130752526667775,-0.20944645582265473,9.474575921644316e-05
3.1030118465423584,-0.6675374393303021,-0.002368689054998487,-3.990601280431899,-0.0005168945409684193,-0.21072307977210886,9.533343313701263e-05
3.1039745807647705,-0.6709204248467471,-0.0023844238493756728,-4.008313481784469,-0.0005224616093115717,-0.2115699734963015,9.587803536784732e-05
3.1050026416778564,-0.6671176150573721,-0.0023689094444025965,-3.9831017531363244,-0.0005198428563930159,-0.21015145230984567,9.532777128309702e-05
3.1060051918029785,-0.6662134296955304,-0.0023666174141795263,-3.975267645742897,-0.0005173227048235071,-0.20965229149675685,9.511263641397711e-05
3.1070199012756348,-0.6732776066528073,-0.00238770960100432,-4.014930436873783,-0.0005213734521258497,-0.21165631478237784,9.602909535980981e-05
3.1080679893493652,-0.6712940194267834,-0.0023785900371639454,-4.000581747512272,-0.0005223249213934319,-0.21081097656923725,9.572478034383353e-05
3.1089868545532227,-0.6637056104984672,-0.002346246752704456,-3.952835315922056,-0.0005130038314029386,-0.20820589138604076,9.445472856258635e-05
3.1100072860717773,-0.6750769153681465,-0.0023847039217983917,-4.018042920941101,-0.0005213058529934393,-0.21155163886415107,9.602487758822204e-05
3.1110024452209473,-0.6752239141124872,-0.0023829709696833665,-4.016424246415236,-0.0005211672080794209,-0.21137826696867107,9.59839521382028e-05
3.112006425857544,-0.6686812104119637,-0.0023596631719649064,-3.9750326790707757,-0.0005159510029729337,-0.20911239352600697,9.504679639650148e-05
3.1129989624023438,-0.6805941180894873,-0.0023982437779932783,-4.04341690290327,-0.0005243481223403568,-0.21262373020908895,9.663416091473901e-05
3.1140079498291016,-0.6941100517618989,-0.002444062968561802,-4.121275366452783,-0.0005333789817627693,-0.2166315234736662,9.84448778780644e-05
3.1150336265563965,-0.7226591550403322,-0.002553296244406901,-4.288202788244947,-0.0005608936588107764,-0.22531440705730627,0.0001026723490258406
3.115971326828003,-0.7445414460082814,-0.002625634201300184,-4.415375806032185,-0.0005764458330600453,-0.23190160005260205,0.00010566710688203906
3.1170389652252197,-0.7839003471082203,-0.002763867607298653,-4.646029430737698,-0.0006067846671109409,-0.24391800887417647,0.00011121948349639232
3.117997884750366,-0.8320432521776365,-0.00293460304087527,-4.928386827692324,-0.0006405462842203425,-0.25863619601661725,0.00011796959063920597
3.1190359592437744,-0.8911841924820754,-0.0031335105099058614,-5.27549485071958,-0.0006831175493937979,-0.2767384520757638,0.00012609791957928485
3.1199796199798584,-0.9284746113914779,-0.00326661364714443,-5.492902725946626,-0.0007131045956724131,-0.2880244434375059,0.00013138899545168378
3.120971202850342,-0.9833539616522047,-0.0034537723623134153,-5.814055828372426,-0.0007514745867531112,-0.3047393049579937,0.000139003864814819
3.122035503387451,-1.0119753958876427,-0.0035522383258791627,-5.97973382104242,-0.0007740671947441984,-0.31329702041986435,0.00014300193284299455
3.1230146884918213,-1.040637140698975,-0.003647273489797941,-6.14547990160396,-0.000792311115267256,-0.3218522464252129,0.0001468723039864351
3.123971939086914,-1.0627321938901153,-0.003724376299669201,-6.272278496790036,-0.000811899888660286,-0.32836172494988053,0.0001499821611789996
3.1250383853912354,-1.095847441132835,-0.0038374683937317145,-6.463947839857674,-0.0008380520151282921,-0.33826118115940873,0.00015451558449453584
3.126037120819092,-1.0927110268239788,-0.0038284344732120307,-6.441674248393324,-0.0008353078093402261,-0.33696100654069516,0.00015403132221124144
3.1270370483398438,-1.1198357371844174,-0.003912155989528885,-6.597657658280725,-0.0008502694329643592,-0.3449805094778203,0.00015756530179226772
3.1280508041381836,-1.1147762310991747,-0.0038928302817040337,-6.563917347065217,-0.0008453833727170984,-0.3430758819170144,0.00015678990732248462
3.1290132999420166,-1.0991210387543222,-0.003835638696913338,-6.467728233853351,-0.000832672252059543,-0.3379050914549944,0.00015452946009533828
3.13000750541687,-1.0649026312966636,-0.0037134042313611048,-6.26255573119564,-0.0008025207482743225,-0.3270494620919858,0.00014958971916923802
3.130985975265503,-1.035677152797852,-0.0036172082277479106,-6.087083476730738,-0.0007824085093156068,-0.3177569424100314,0.0001455258167277079
3.1319797039031982,-0.9868667573559937,-0.003447482966487811,-5.796749151604174,-0.0007475766756666982,-0.30247722569998775,0.00013869487780839417
3.1330008506774902,-0.9293423448801413,-0.0032354673826516895,-5.4555804493819045,-0.0006979099895492898,-0.284557512522355,0.000130288407186193
3.134002923965454,-0.8950447986024338,-0.003115706549711093,-5.251107291135781,-0.0006736960657032869,-0.2737800758773483,0.00012539509443820654
3.1349947452545166,-0.8579316847572035,-0.002988047484493304,-5.030424776851615,-0.0006480001334300198,-0.2621686111839413,0.00012018574334093594
3.1360042095184326,-0.806152305272602,-0.002804618410816583,-4.724020872833086,-0.0006090698659350535,-0.2460994455910446,0.00011287608164854228
3.136998176574707,-0.7680301342047122,-0.0026626640934485665,-4.497965684387504,-0.0005749198676840614,-0.23422749137677093,0.00010728737898822511
3.1380231380462646,-0.7222982590687096,-0.002501891731212956,-4.22769656111921,-0.0005406620116379309,-0.22006579192228168,0.00010080023108840018
3.1390092372894287,-0.6727676958034212,-0.002328700920760888,-3.9354519660477,-0.0005029287536464424,-0.2047694948015105,9.384268012884585e-05
3.1400034427642822,-0.6412515863148555,-0.002214809141402539,-3.748886671448724,-0.00047583598398181684,-0.19498273629975277,8.92838140892347e-05
3.1410276889801025,-0.6065396744008151,-0.002095835402312248,-3.543787545125374,-0.00045063765959944325,-0.1842373971565553,8.446938547376812e-05
3.1419687271118164,-0.5757500342423728,-0.00199122453338521,-3.3619088393413348,-0.0004288012701346731,-0.17471020928727524,8.021755287159958e-05
3.1429686546325684,-0.5546917727397859,-0.0019153776978807833,-3.2369905668765955,-0.00041035001632750535,-0.1681480581827949,7.715281861758856e-05
3.1439712047576904,-0.5306854375349281,-0.0018276724077660666,-3.0950459746600583,-0.0003917921182242634,-0.16070786534841713,7.370240123913554e-05
3.1449761390686035,-0.5063111263175396,-0.0017401533318922254,-2.951117258312334,-0.0003720142490387466,-0.15317049176670966,7.019712252474936e-05
3.1460165977478027,-0.4884046031139734,-0.001681690466530308,-2.8450654010823495,-0.0003615522190493201,-0.14760545949533707,6.775603358999547e-05
3.1470260620117188,-0.48711783461103414,-0.0016755450891335418,-2.8358952136213413,-0.00035973592309234694,-0.14706921903988018,6.75255846690572e-05
3.1479718685150146,-0.5153155668097522,-0.0017702733264300188,-2.99830401400673,-0.00037976944918407233,-0.15542839250564774,7.135745585080602e-05
3.1490421295166016,-0.5159408679250799,-0.0017699828873301792,-3.0001855179370684,-0.00037816006854682154,-0.155462401610116,7.135523452326684e-05
3.150033473968506,-0.5317659224086204,-0.001823032611800331,-3.0903772577629622,-0.0003882703430676515,-0.1600696843708737,7.347956420096843e-05
3.151041030883789,-0.5686345444448593,-0.0019500304195728883,-3.3026970470046315,-0.0004151151127998617,-0.17099667019082268,7.852417001424137e-05
3.152054786682129,-0.5881292803793092,-0.0020170690045827502,-3.413881611204516,-0.00043019687326304395,-0.17667922075481657,8.125101860043379e-05
3.15303373336792,-0.6268842336394963,-0.0021473684526181805,-3.636672200544029,-0.00045749853625664513,-0.18813075314666816,8.656560491279293e-05
3.154045581817627,-0.6607786610755242,-0.0022585400605230825,-3.83099395846697,-0.00047548175633229165,-0.19809968282435253,9.104062119543576e-05
3.155041217803955,-0.6933796768017789,-0.0023723550624993686,-4.017598031374465,-0.0005009082596575733,-0.20766158969141496,9.556637621260695e-05
3.155973196029663,-0.7242159318733101,-0.002472726887769541,-4.193785830716942,-0.000520087964337796,-0.21667817014047813,9.966808400922999e-05
3.1569745540618896,-0.7486282014938594,-0.00255414523597374,-4.33245591880993,-0.0005387010396814524,-0.22374479796457972,0.00010297885626609523
3.1580305099487305,-0.7541184616366821,-0.002577296280829334,-4.361564820449834,-0.0005499280602766745,-0.22515123068761778,0.00010387133116670007
3.159048557281494,-0.7658571023783413,-0.0026151184954938114,-4.426675683718254,-0.0005586912168691967,-0.22841117733322863,0.0001053781176613282
3.1599743366241455,-0.7728590256980017,-0.0026298531658501645,-4.464367149967482,-0.0005586222619986556,-0.23025482230424926,0.00010609615927543392
3.1610381603240967,-0.7774998312024627,-0.002638297700798576,-4.488348527209785,-0.000558247230680043,-0.23138875839129572,0.00010650937350856402
3.1620092391967773,-0.7731104834293421,-0.002625671015091425,-4.460145943362982,-0.0005531038162077638,-0.22983044954504644,0.00010584796026376857
3.163013219833374,-0.7720969226924771,-0.0026191021100938124,-4.451375652124986,-0.0005515001416135331,-0.229271917027603,0.0001056055431528018
3.1640379428863525,-0.7660058901658579,-0.0025960412199739287,-4.413392324262484,-0.0005470798381768654,-0.22721093706627257,0.00010473861481791114
3.1650478839874268,-0.7787962711769442,-0.0026408975933926685,-4.484103397973448,-0.0005597295024795615,-0.23074241610441468,0.00010651235895734817
3.1660404205322266,-0.7785021845276912,-0.0026389999888624,-4.4794173479508865,-0.0005606791162767079,-0.2303919194348632,0.00010642363333845191
3.1669723987579346,-0.7874397765334705,-0.002664218963111187,-4.5277895924975375,-0.0005626916813703109,-0.23276820831139775,0.00010744615183541077
3.1679797172546387,-0.8066850996188697,-0.0027261468070379235,-4.635268043858815,-0.0005732044994147289,-0.23817709742024687,0.0001099138308998095
3.1690433025360107,-0.8243445666035316,-0.0027856890013516654,-4.733469616030072,-0.000589930151633165,-0.243103284974637,0.00011235489486917627
3.1700379848480225,-0.8423543985307204,-0.0028481685950191653,-4.833459402493286,-0.0006042677539539185,-0.24811311879846662,0.00011485628808247912
3.1710169315338135,-0.8594315071902932,-0.002903007624954837,-4.927960308686077,-0.0006148232665742465,-0.2528361760347705,0.00011704302543525706
3.171973943710327,-0.8624977445014014,-0.0029144895602690275,-4.941987584716492,-0.000618248930884809,-0.2534254401903216,0.00011746283390354169
3.173006534576416,-0.8506024113191492,-0.0028713180145989187,-4.870309907815911,-0.000608210992208087,-0.24962058195665562,0.00011572697722541393
3.174041986465454,-0.8674842224411713,-0.0029289833577782363,-4.963355979300059,-0.000622827336844982,-0.25425670424528984,0.00011803391180115702
3.175039768218994,-0.8772244505223368,-0.0029545486433150575,-5.0153883594665265,-0.0006268908071897801,-0.2567862104980117,0.00011920090955982852
3.175982713699341,-0.9117762018724525,-0.00307038422241986,-5.2090893692620694,-0.0006483226160835578,-0.2665622133103558,0.000123765386657905
3.176971673965454,-0.9087899082064244,-0.0030602892918705576,-5.1881747637031665,-0.000645286607818351,-0.2653500440323442,0.0001232868087362279
3.1780405044555664,-0.9222538427417222,-0.0030982901603561716,-5.2611413848576065,-0.000653298401004335,-0.268938295865139,0.00012497583878648234
3.1790151596069336,-0.9303081152904263,-0.0031246721521285105,-5.303184895405376,-0.0006598542078121737,-0.27094350637526954,0.00012602915778190863
3.179969072341919,-0.9083489852044673,-0.003053054574263744,-5.174144093389854,-0.0006454965789685813,-0.2642081151931089,0.00012301994159334578
3.180994987487793,-0.8701748514468951,-0.002926717900301518,-4.952983020936459,-0.0006229695864197712,-0.2527777758158145,0.00011790649957099901
3.1820356845855713,-0.8591798243515126,-0.0028825713694436684,-4.8867681107066305,-0.0006110432906079495,-0.24926421674864768,0.0001161827417618456
3.1830012798309326,-0.8401312109206239,-0.002809567921241252,-4.774792998476558,-0.0005907690063037464,-0.24341823397613618,0.00011327961128586727
3.184020519256592,-0.8318840780481932,-0.0027821696422174295,-4.724363580687774,-0.00058400071415302,-0.2407156414501207,0.00011210963230936956
3.1849751472473145,-0.8290359395738229,-0.00276764741311832,-4.70462869536316,-0.0005824448467829567,-0.23957821967803783,0.00011163700038194407
3.186004161834717,-0.8151312722722335,-0.0027223576606999113,-4.622314291799041,-0.0005712227593637134,-0.23526009322807068,0.00010968189970484376
3.1870057582855225,-0.8025294089337673,-0.002675880717725912,-4.547536436490292,-0.000561826197133209,-0.23133107310801085,0.00010784892999558272
3.188009262084961,-0.7974519457456687,-0.002654735038628708,-4.51543017808303,-0.0005574246520961245,-0.22957402022946116,0.00010701867635360192
3.189009428024292,-0.7812309930726299,-0.002600349824418769,-4.42032004756003,-0.0005473657199515995,-0.22461721614173533,0.00010486959275303316
3.1900010108947754,-0.767438550457239,-0.0025534276188705976,-4.339117137367323,-0.000535756350326377,-0.22037328913435927,0.00010294568582118424
3.1909990310668945,-0.7468062636263684,-0.0024806856200779346,-4.21940255144108,-0.0005181135710287621,-0.21417943741903558,0.00010002742904028921
3.191999912261963,-0.7238470789980634,-0.0023967914988908675,-4.086776373800191,-0.0004987411941730284,-0.2073389447979779,9.676570435923378e-05
3.1929993629455566,-0.7066174581464377,-0.002337734496824943,-3.9867174405009087,-0.00048652737598140297,-0.20215886975905997,9.440861557666047e-05
3.193995714187622,-0.6841568386714839,-0.0022652731034328967,-3.8573523721231533,-0.00047254098382440023,-0.19550045643445293,9.139216911576966e-05
3.194995164871216,-0.6521613986270228,-0.0021554961701348817,-3.674442183652804,-0.0004481480802410007,-0.1861361982479099,8.695575010532862e-05
3.196002960205078,-0.6165225721081911,-0.0020354885584367706,-3.4713017478386363,-0.0004238079673931345,-0.17575824658318703,8.21559185479753e-05
3.196972370147705,-0.5997613064256402,-0.0019713164666661496,-3.3747319838418437,-0.0004057512330094272,-0.17078667670862996,7.965746471746659e-05
3.1979787349700928,-0.5924278486789877,-0.0019441956203824129,-3.3312921590040068,-0.0003992881466043117,-0.16850693116875132,7.858372622227302e-05
3.1989810466766357,-0.5609451084186251,-0.0018399619308775773,-3.15226417696466,-0.00037799546272242516,-0.15937643508060337,7.433866721285607e-05
3.1999824047088623,-0.524281853082842,-0.001720139385507152,-2.944346511001829,-0.0003526965724045812,-0.1487936268782301,6.944077315779977e-05
3.2009897232055664,-0.49191360355048747,-0.0016113352723158194,-2.7608790591916406,-0.0003298467801561944,-0.13945876863785445,6.507463116256154e-05
3.201984167098999,-0.46283988087987704,-0.0015163832522783391,-2.5961270884740695,-0.00031161910677469256,-0.13107770444365002,6.123545446271778e-05
3.2029945850372314,-0.4562158839193301,-0.0014897374399072353,-2.557431283042736,-0.0003039180138673318,-0.12906616219163494,6.0221969629060344e-05
3.2039802074432373,-0.439995916974541,-0.0014347616711955483,-2.4650331183720184,-0.0002916226834935427,-0.12434780362286425,5.798533759073335e-05
3.2050044536590576,-0.439806375358769,-0.0014334732084546162,-2.4625197071551,-0.00029034000561995593,-0.12416650299010758,5.790778906450637e-05
3.206003189086914,-0.42676845389871315,-0.0013904388003260632,-2.3881050808156625,-0.0002809288416726488,-0.12036119367704448,5.615581226676169e-05
3.207064628601074,-0.44210836674289883,-0.0014367152399083769,-2.4724855615787944,-0.0002908130105818892,-0.12455915939307646,5.809453684966042e-05
3.2080459594726562,-0.43684671209707227,-0.0014183074718118148,-2.441661467789333,-0.0002866648327310157,-0.12295369089040467,5.733656124919664e-05
3.2090461254119873,-0.4201214326491946,-0.001364169245988085,-2.346800644469301,-0.00027503150134962725,-0.11812493609869693,5.511794002445932e-05
3.210050106048584,-0.4348114168689593,-0.001410947732944676,-2.427475794888278,-0.0002843691413774957,-0.1221335777159457,5.70280158129923e-05
3.211017608642578,-0.42920795141696466,-0.0013927413917033348,-2.3948000428422453,-0.0002823257928423358,-0.12043708024597032,5.630332448606254e-05
3.2119874954223633,-0.41925767593572527,-0.0013604380250221853,-2.337939464306183,-0.0002750283656867151,-0.11752688660951024,5.496246505802036e-05
3.21297550201416,-0.4012870555614986,-0.0013015752462371534,-2.2364530554285778,-0.0002637952416323343,-0.11237709989298154,5.258480803791261e-05
3.214035987854004,-0.407259099068745,-0.0013215423037852862,-2.268416360704213,-0.0002691380931336631,-0.11393335317583805,5.3384697990440175e-05
3.215019941329956,-0.4042472353867718,-0.0013124498387894342,-2.250342788545242,-0.00026831874387752016,-0.11297657468672938,5.299637640749321e-05
3.2160115242004395,-0.4188822776801212,-0.0013577084537487307,-2.3304368646952254,-0.00027679674021544156,-0.11694564159420202,5.4872964912278014e-05
3.2170464992523193,-0.43418676190790695,-0.0014060186139875966,-2.4140972080433567,-0.0002873384757936707,-0.12108768937669284,5.685171105596159e-05
3.2180516719818115,-0.42065153282234297,-0.001364115917404697,-2.337411878273497,-0.0002775561905950009,-0.11718719160310988,5.5061914561030084e-05
3.2190182209014893,-0.41486860676734605,-0.0013443203115965125,-2.303852811248906,-0.0002730784807029874,-0.11545072092599133,5.424334685268235e-05
3.219980001449585,-0.4059567910197287,-0.001313412375707204,-2.252978728952734,-0.0002671789337468537,-0.11284884711045731,5.302844498594766e-05
3.220994234085083,-0.4024956421182528,-0.0013020448149072693,-2.2323402303772624,-0.00026456009339364937,-0.11176088474154236,5.2554267526615266e-05
3.221998929977417,-0.38652981715718565,-0.001248308079242062,-2.142396259813047,-0.0002528796295634128,-0.10720502384519223,5.0401918885624004e-05
3.2230026721954346,-0.3877144453639248,-0.0012515868113275128,-2.147538938981975,-0.0002537872580041482,-0.10740833396455544,5.055355216500568e-05
3.223982095718384,-0.36701552128336196,-0.001183033844837191,-2.0315048683846415,-0.00023894447748684056,-0.10155238799481241,4.7791315625428425e-05
3.225001335144043,-0.3799002181750994,-0.001224989301544944,-2.101409033733289,-0.0002479440448694004,-0.10499301517458953,4.946374407475435e-05
3.2259953022003174,-0.3579540669844887,-0.0011556795462524787,-1.9786708086064675,-0.00023452966033343727,-0.09880952002437246,4.6622923033875314e-05
3.227041006088257,-0.33971329376887255,-0.0010954019364034459,-1.876517078695765,-0.0002231437346365852,-0.09365784920770871,4.4216229393075666e-05
3.227977991104126,-0.3174223821364923,-0.0010220810703152048,-1.752124905325343,-0.00020783441284244881,-0.08740134422918669,4.125785873225739e-05
3.2290358543395996,0.0,0.0,0.0,0.0,0.0,0.0
3.2300169467926025,0.0,0.0,0.0,0.0,0.0,0.0
3.2310378551483154,0.0,0.0,0.0,0.0,0.0,0.0
3.2319765090942383,0.0,0.0,0.0,0.0,0.0,0.0
3.233017921447754,0.0,0.0,0.0,0.0,0.0,0.0
3.234004020690918,0.0,0.0,0.0,0.0,0.0,0.0
3.2349958419799805,0.0,0.0,0.0,0.0,0.0,0.0
3.2359893321990967,0.0,0.0,0.0,0.0,0.0,0.0
3.2369985580444336,0.0,0.0,0.0,0.0,0.0,0.0
3.2380259037017822,0.0,0.0,0.0,0.0,0.0,0.0
3.239009380340576,0.0,0.0,0.0,0.0,0.0,0.0
3.2400121688842773,-0.31437707553691513,-0.0009981449851412282,-1.7194972779877755,-0.00019925591519680716,-0.08517084541608713,4.030726449353894e-05
3.2410049438476562,-0.5096203781745701,-0.001616307702947489,-2.7851580647027743,-0.000322640284343411,-0.13786981729463757,6.530488621891983e-05
3.2419748306274414,-0.6536435125962751,-0.0020718841015276027,-3.569410088144815,-0.0004131511624335141,-0.17658153786519473,8.371100880497522e-05
3.2430174350738525,-0.7483312536165662,-0.002374225152924704,-4.083176346219404,-0.00047273424765510795,-0.2018706743508268,9.581871521776863e-05
3.2440457344055176,-0.8350088077337565,-0.002643894438832969,-4.552466346740399,-0.0005253089816325044,-0.22493124304223658,0.00010674461987146108
3.2450408935546875,-0.9094332599794586,-0.0028747043158558637,-4.954183994872351,-0.0005711871168664341,-0.24462349655950008,0.0001161348258353517
3.2460145950317383,-0.9622758709496848,-0.0030337933956137543,-5.237783349968352,-0.0005984104211123378,-0.2584621581757243,0.0001225706559812664
3.2470645904541016,-0.9900230212985884,-0.0031086441959035666,-5.3844900253453805,-0.0006103557646313985,-0.2655343473735546,0.00012578451526533212
3.2480432987213135,-1.0123761684488835,-0.0031802041987504933,-5.5017240910121465,-0.0006265886222535948,-0.271147844436581,0.00012862456649864566
3.2490479946136475,-1.0177222243789212,-0.0031994213338207536,-5.526348825676489,-0.0006330289506311602,-0.27219001116056685,0.000129331612240732
3.2500431537628174,-1.0217061257206759,-0.0032134572258434714,-5.543540058468217,-0.000638366222948873,-0.2728646268874163,0.00012981757656130264
3.250978708267212,-1.0321871700292993,-0.003236730721693836,-5.595918374185047,-0.0006391788267886655,-0.27526870766044426,0.000130776668273503
3.251976728439331,-1.0315585249169776,-0.0032293514105462026,-5.588089484534853,-0.0006347095782702137,-0.27471203239537756,0.00013050191100171923
3.2529759407043457,-1.0026012610662418,-0.003135089631139379,-5.4268503057672355,-0.0006166468189031261,-0.2666155910419658,0.00012673862762596137
3.253983736038208,-0.9666301618737654,-0.003020974552308636,-5.227941801672287,-0.0005915076675212593,-0.2566799594542003,0.00012205054136420905
3.254993200302124,-0.9127018648119397,-0.00284906424313619,-4.9322899059075676,-0.0005537917721509406,-0.2420091026653578,0.00011506220936543145
3.256014823913574,-0.8941993119470536,-0.002787972068516127,-4.828466644025752,-0.00054399802844407,-0.2367655915104561,0.00011266514418938536
3.2570102214813232,-0.8645524592940088,-0.002690065671592904,-4.664694280937731,-0.0005241434192118846,-0.22859131929454568,0.00010873828604702266
3.2579832077026367,-0.8281259360492761,-0.002567370218250948,-4.464606971636464,-0.0004970853049804896,-0.2186477740651343,0.00010382972275113743
3.259000778198242,-0.7954924701885259,-0.0024635825524980184,-4.285330418767332,-0.00047646735885549225,-0.20973751648392214,9.966761475024614e-05
3.2599844932556152,-0.7804094773335184,-0.002416193218887626,-4.200822421690163,-0.00046557114106312686,-0.205474273135752,9.761524417012797e-05
3.261003017425537,-0.7596251456264667,-0.002353073910652033,-4.085804537605711,-0.00045584073384560744,-0.1997257212445033,9.504777919094693e-05
3.2620036602020264,-0.7347725889410603,-0.002274061824659208,-3.9490839541416465,-0.0004424319142525948,-0.1929232862886484,9.195432870130354e-05
3.2630069255828857,-0.7163282574601106,-0.002214316489837205,-3.8469003964252786,-0.00043006163091767545,-0.18781181933357777,8.955356050473997e-05
3.264003038406372,-0.7240523590844408,-0.0022389340902797946,-3.8853322778624846,-0.00043472685307716986,-0.18956867447825543,9.051394451312866e-05
3.2650063037872314,-0.7666998512227362,-0.002368717823463862,-4.111027991010039,-0.0004587043055689984,-0.20045686795858952,9.577016508846964e-05
3.2660083770751953,-0.8123431639539546,-0.0025057697871212893,-4.352404947168662,-0.0004821190392379303,-0.2120946903558924,0.0001012999794349563
3.2670092582702637,-0.8510970432520882,-0.0026181980646422984,-4.55649173386801,-0.0005032836307634038,-0.22190051433400776,0.00010598229293479414
3.267977714538574,-0.9094563601649848,-0.0027966484456690838,-4.865212126001774,-0.0005371057314892818,-0.2367891124285507,0.00011310655170990881
3.268998384475708,-0.9703867632098265,-0.0029802499834697856,-5.187185399114166,-0.0005709189470925296,-0.252303007941969,0.00012052886489682717
3.270005226135254,-1.0180800008811666,-0.003118258291762264,-5.437982213193015,-0.0005972595419637946,-0.264338473823686,0.00012622515681490694
3.271029233932495,-1.073763018867442,-0.0032894596430940327,-5.7309582629277225,-0.0006322770315962659,-0.27840466289054294,0.000133078008564375
3.2719762325286865,-1.1030666488046579,-0.003384153442661665,-5.882775976737739,-0.0006526877324876704,-0.28559913986393937,0.00013679089277947296
3.273017644882202,-1.1410575213205882,-0.0034939520270620443,-6.080697274751516,-0.0006721093400901092,-0.2950229373005298,0.00014129299381706012
3.2739956378936768,-1.1468841248589934,-0.003514496028379483,-6.107049094961352,-0.0006793865034385303,-0.29611598044443055,0.0001420878653140173
3.2750399112701416,-1.1658733400837036,-0.0035668086178730417,-6.203362982802413,-0.0006886336508113243,-0.3005962732475467,0.00014429878623327177
3.275998830795288,-1.1694631880342807,-0.0035774148532762345,-6.217633732875928,-0.000687974499351202,-0.30109679534605127,0.00014458641973806919
3.2770466804504395,-1.134787778251561,-0.003462445180602813,-6.028578757603458,-0.0006611092257227611,-0.2917556613722585,0.000139948464174352
3.278008222579956,-1.0882249011438268,-0.0033172668935198407,-5.776702024525056,-0.0006346530569033486,-0.2793873349808544,0.0001341140270289233
3.279038429260254,-1.0430112415717356,-0.0031719446262185188,-5.532249026007682,-0.0006028371014466254,-0.26738842209017666,0.000128277534852315
3.2799761295318604,-0.9763938815711967,-0.0029735553236498393,-5.174743206460002,-0.0005667710512464252,-0.24994419776269614,0.00012016083955358619
3.281032085418701,-0.9210805986879698,-0.002803521884000349,-4.877662754028371,-0.000536341113824407,-0.23543902885608012,0.00011332939509419194
3.282008647918701,-0.8406906653013728,-0.002552309412268488,-4.448343235137623,-0.00048625250626608304,-0.21457294757554768,0.00010320114683425757
3.28299880027771,-0.7636151269756796,-0.002314448340199351,-4.037218867935392,-0.00043910988282365936,-0.19461069116548646,9.35837133322771e-05
3.283973455429077,-0.6881757067350158,-0.0020799451688879103,-3.6353258032391733,-0.0003925619451841734,-0.17511655027968104,8.413850686279342e-05
3.2850050926208496,-0.6208532220443396,-0.001875962495607586,-3.276895567581214,-0.0003546351463102311,-0.15773933554159375,7.586250567653518e-05
3.286001682281494,-0.5956966855685676,-0.0017997038086656452,-3.1414584518575714,-0.0003404504506971923,-0.15111380291673487,7.277574031341251e-05
3.287044048309326,-0.5534962731636492,-0.0016710006805634363,-2.9164217918305635,-0.00031647656470373136,-0.1401895406592589,6.757642945211409e-05
3.2879745960235596,-0.5113514539751,-0.0015403334522843947,-2.6920545667074354,-0.0002898141978254834,-0.12931249178678536,6.226581920765573e-05
3.2890496253967285,-0.4914040497000762,-0.0014759292088139598,-2.584846095971636,-0.0002760527316420223,-0.12407507886119279,5.9682587574453504e-05
3.2900397777557373,-0.4973813780647925,-0.0014915146910800495,-2.6140548821688516,-0.00027848600402616383,-0.12538782262161802,6.032813021737046e-05
3.291016101837158,-0.5089744685600415,-0.0015259439115755653,-2.6726531906302076,-0.0002837104447981174,-0.12810528829394177,6.167151873657041e-05
3.2919723987579346,-0.5320243965588938,-0.0015967505045972879,-2.7912766451259405,-0.00029771597103062135,-0.13369444895497634,6.447462581176468e-05
3.2930033206939697,-0.5596405441062511,-0.0016768729402543022,-2.933618548543931,-0.0003144110422337211,-0.14041010104746005,6.77819783371066e-05
3.2939975261688232,-0.5833572919262053,-0.0017479612391374081,-3.055298058877347,-0.00032751807144046195,-0.14612789576813018,7.05958799943703e-05
3.2949957847595215,-0.6262745094342715,-0.0018776757435708012,-3.2772391733119473,-0.0003536477427939898,-0.15662893424684074,7.58167200212101e-05
3.296008825302124,-0.6726301734894765,-0.0020155365332283483,-3.5167866589251124,-0.0003792017909473992,-0.16795588453030516,8.137112665153864e-05
3.2970080375671387,-0.7132960044589317,-0.002137001259768704,-3.7261718000984265,-0.00040255834940964116,-0.17782568893615208,8.625196564086413e-05
3.2980339527130127,-0.7573554018848725,-0.002265680603066551,-3.9529811634785763,-0.0004258328525960288,-0.18851481882036225,9.145592238873253e-05
3.299039125442505,-0.7969566762815,-0.002378455513811897,-4.156126762651454,-0.0004448627765170287,-0.1980595261970891,9.601804716155339e-05
3.2999749183654785,-0.825626896008452,-0.002460287162474483,-4.30201954068643,-0.0004599884796243536,-0.2048658784682917,9.934322261586403e-05
3.3010284900665283,-0.8575653307162513,-0.002547228929087851,-4.464668050628337,-0.00047422116459509177,-0.21245910316516206,0.00010296238919804034
3.3020312786102295,-0.897363308063248,-0.002662785658731796,-4.668035817296339,-0.0004962826251342864,-0.2219819749659574,0.00010763506069591979
3.303060293197632,-0.8961874711301238,-0.0026545414026082465,-4.658182969437625,-0.0004931713921926624,-0.22136232035897535,0.00010730213626454087
3.3040497303009033,-0.8882398082906855,-0.0026317409562270494,-4.613147701698441,-0.0004909001035168426,-0.21907140460386595,0.00010640047484101045
3.305004596710205,-0.8781321231768063,-0.0025991484282748374,-4.55702632881252,-0.00048253154079298057,-0.21625937991058283,0.0001050129795367081
3.3060452938079834,-0.8669091764422762,-0.0025670926491084024,-4.495316536818301,-0.0004781852560616659,-0.21319022544611113,0.00010370677300522839
3.307044744491577,-0.8387947986214279,-0.0024762257129091825,-4.346275115734417,-0.00045645822042135584,-0.20598984367863296,0.00010006940045726352
3.307976007461548,-0.8335574738192741,-0.0024591250974642367,-4.315923798463368,-0.000454580875389801,-0.20442086050997482,9.938756173026171e-05
3.3090386390686035,-0.7933584083737997,-0.0023367695866307915,-4.104756603347436,-0.00043161958923517416,-0.19429602802746912,9.449825833662697e-05
3.3100056648254395,-0.7431726347455992,-0.002191292335535999,-3.8422437016657316,-0.00040498906747377534,-0.18175397561142315,8.84852541911653e-05
3.3109986782073975,-0.7192996756996901,-0.0021211118539350626,-3.7160890606015458,-0.00039247363746007296,-0.17567523604430374,8.561594243390256e-05
3.311999559402466,-0.6696193405987942,-0.0019708861488650334,-3.4569282242789474,-0.00036413229141617817,-0.16332182154556435,7.959007385676793e-05
3.3130033016204834,-0.6384341287705948,-0.0018770292057586502,-3.2935221002560535,-0.0003460661775696668,-0.15550344910545288,7.581876702480798e-05
3.313998222351074,-0.5925798810231008,-0.001743647846944483,-3.0547564585238995,-0.000321007826818836,-0.14413980290691558,7.032624150060744e-05
3.315016984939575,-0.5708118425809193,-0.0016768617159245481,-2.940454696631899,-0.00030825747415017343,-0.13866124167015662,6.765403970716528e-05
3.316023826599121,-0.5686815831624875,-0.0016713804516062711,-2.9274240773145803,-0.0003085424720776053,-0.13796275360021032,6.7425364542526e-05
3.3170199394226074,-0.5688266051461917,-0.0016678844033609513,-2.926110972004404,-0.00030685166695169837,-0.1378166878538537,6.733496681606842e-05
3.3180201053619385,-0.5776680909757517,-0.001688775942376052,-2.9695390137461666,-0.00030886255785244894,-0.1397781075886851,6.820842312604066e-05
3.3189985752105713,-0.5921597611453641,-0.0017292342754752779,-3.0419113837486544,-0.0003160792623511589,-0.14309782983299896,6.986193823375123e-05
3.319988489151001,-0.6158257409336448,-0.0017986275148720466,-3.161265404794083,-0.00032942919064391494,-0.14862166317395717,7.26447163348342e-05
3.3209755420684814,-0.6529639683274402,-0.0019047828638015878,-3.3495103581273447,-0.00034980043810879533,-0.15737333875555123,7.698539255771275e-05
3.321969985961914,-0.6956073339642894,-0.0020292883480481074,-3.565684866558846,-0.00037180933746126945,-0.16742453419510528,8.192987445797857e-05
3.322969436645508,-0.7663879787640875,-0.002232209556778371,-3.925641784363255,-0.0004076617810278684,-0.1842085003192589,9.012955306922713e-05
3.3239729404449463,-0.81835072692687,-0.002383467213509902,-4.188818217769624,-0.0004349715365389867,-0.1964350678329244,9.61871370414634e-05
3.3249824047088623,-0.8774425222407308,-0.00254902661820862,-4.488036080165927,-0.0004624107269063612,-0.2103333302257758,0.00010289557402072647
3.3260557651519775,-0.9249068532860097,-0.0026814111378826158,-4.727365392388946,-0.00048470577855587834,-0.22140781797132927,0.00010829368445622821
3.327029228210449,-0.9577012241620542,-0.0027709857542392346,-4.891338789875873,-0.0004984187754748379,-0.22893754381449583,0.0001119513177114376
3.3279812335968018,-1.0073058382081297,-0.0029124324718123686,-5.140931363313322,-0.0005234740379637449,-0.24046488296418572,0.00011764456135934985
3.329000949859619,-1.033588901541023,-0.0029835445862663713,-5.271154658046591,-0.0005364483551852472,-0.24639457851106644,0.00012061228916629509
3.330000162124634,-1.024020835380367,-0.0029546868495713544,-5.2184318414736195,-0.0005299158004926828,-0.2437680909592246,0.00011937282810008116
3.330996036529541,-1.0449166925628348,-0.003018284707374389,-5.320755158818377,-0.0005397470988275045,-0.24837605565703408,0.00012175507300564881
3.3319718837738037,-1.04149176083551,-0.0030032544685303524,-5.299249395565407,-0.0005382787238795742,-0.24720415419830702,0.00012127027201408917
3.33300518989563,-1.0412397705141105,-0.0029975193534343514,-5.293850108113333,-0.0005334577568329533,-0.24678203555518152,0.00012098217759700676
3.334023952484131,-1.0183092146362058,-0.0029285191876305327,-5.173162750501748,-0.0005201167981150683,-0.2409861353854187,0.00011817388337337489
3.3350250720977783,-0.9686689175182173,-0.0027800544161126826,-4.917013614988703,-0.0004940155685045251,-0.22888932662303713,0.0001122590721680888
3.336030960083008,-0.952941650815144,-0.0027348723016950255,-4.8333177928534345,-0.0004868043232324803,-0.22483310991528632,0.00011037715581321108
3.3369996547698975,-0.914541082620981,-0.0026182327675689154,-4.634798124946003,-0.0004638885855273342,-0.2154428560573918,0.00010570143743546429
3.3380026817321777,-0.8801245904019007,-0.0025124091993379218,-4.456702076408642,-0.0004437434801562378,-0.20701163134588113,0.00010147035403629488
3.3389973640441895,-0.8643460317054182,-0.0024671719206782786,-4.373218454597711,-0.00043488954689448444,-0.20298488015773805,9.957918591401125e-05
3.3399720191955566,-0.825814919454614,-0.002356109567980877,-4.174807120635126,-0.00041478520585950894,-0.19363162604071316,9.506807479006655e-05
3.3410065174102783,-0.7925568958303679,-0.0022565282784559877,-4.003302484130004,-0.0003966339505419009,-0.18553670411621442,9.112918881408224e-05
3.3420026302337646,-0.7773713654485644,-0.002212911514395277,-3.9232777183374874,-0.00038846829470775234,-0.1816895590978549,8.930434833762935e-05
3.343003988265991,-0.7467810405437764,-0.0021249367291075096,-3.7655981285446445,-0.0003744486703733195,-0.17424995746116098,8.577561775413041e-05
3.3440022468566895,-0.7419161946317454,-0.0021072909617241642,-3.7378152020602675,-0.00037062020984202933,-0.17282862317278988,8.507055326610454e-05
3.3450045585632324,-0.7318994567109675,-0.002076937679335873,-3.684106750130935,-0.0003656357496527395,-0.17020980043180967,8.386420050266176e-05
3.3460121154785156,-0.737378159143365,-0.0020882922110020802,-3.708420277827465,-0.000365356572509095,-0.17119667232695995,8.432155454034875e-05
3.3469998836517334,-0.724788919133284,-0.002048351801802442,-3.6418911384504615,-0.0003573991911381777,-0.1679908833793338,8.274200172311781e-05
3.347973585128784,-0.7445109413837402,-0.0021050582005074647,-3.7376953234826664,-0.0003674270769063671,-0.1722721393095437,8.493290442404761e-05
3.349000930786133,-0.739060343889327,-0.0020838824007249905,-3.7070153226052156,-0.00036385663713512886,-0.17071910472956472,8.415670541751893e-05
3.3499996662139893,-0.7378307869393084,-0.0020801127126416326,-3.6975702878919385,-0.00036285318353967044,-0.1701466401976356,8.393643642129171e-05
3.351031541824341,-0.763289585682851,-0.0021444484912329733,-3.821783634885157,-0.00037106019940732425,-0.17572088533396446,8.655297582238234e-05
3.3519725799560547,-0.7619683633731816,-0.0021392954226365046,-3.811799214926508,-0.000368852554887265,-0.17512024133093373,8.628572642361666e-05
3.3530030250549316,-0.7783692990932571,-0.0021843542653728985,-3.8903740394674475,-0.0003773164179061417,-0.178584070386936,8.814103020579439e-05
3.3539681434631348,-0.7802757642798237,-0.0021866750896051344,-3.8964439197033864,-0.00037585520406988504,-0.1787170997314276,8.821696912521561e-05
3.354969024658203,-0.7749145005793243,-0.0021677883943196957,-3.866223762044772,-0.0003698777349462042,-0.17718573545159277,8.744938286286298e-05
3.3560471534729004,-0.7567768766675115,-0.0021157519043126516,-3.7723699599989677,-0.00036207360924585144,-0.17274275564607744,8.535156480894187e-05
3.357037305831909,-0.749164076838248,-0.0020918424831010652,-3.731095720581458,-0.00035893997765691193,-0.17071235515794944,8.441096534584998e-05
3.3580400943756104,-0.731123382778055,-0.002039418618609084,-3.6379751272051153,-0.0003485605332470238,-0.16631350369537168,8.227305152747765e-05
3.3589982986450195,-0.706557245760499,-0.0019708574046684176,-3.5125332665975324,-0.00033627932217376486,-0.16044333331745356,7.94475976325254e-05
3.3599793910980225,-0.6799663058166459,-0.0018994999023881764,-3.3772523901256544,-0.00032519078795040295,-0.15413334781578672,7.647833970631362e-05
3.3610153198242188,-0.6588606109581695,-0.0018375754328639523,-3.2693680761351223,-0.0003133769640214307,-0.14908016486164893,7.396970821540345e-05
3.3620359897613525,-0.6339231180662592,-0.0017631957364195765,-3.1427229447892775,-0.00030018859579621055,-0.1431822400622871,7.100163330353462e-05
3.363016128540039,-0.5821790969707087,-0.0016154407134461731,-2.8835573593520882,-0.0002746283384102526,-0.13126260713415114,6.511253425927972e-05
3.3639955520629883,-0.557597005494991,-0.0015446094173584804,-2.759262139648534,-0.00025944750297320676,-0.1254966979706908,6.219455916403854e-05
3.365060567855835,-0.5544787190123204,-0.001534773599527923,-2.7413423125240057,-0.0002582365255763055,-0.12457584058451873,6.182702736798757e-05
3.366051435470581,-0.5620993215286879,-0.0015571365931305741,-2.7764867089267287,-0.00026344184565777054,-0.12606517322452376,6.271011739537043e-05
3.3670411109924316,-0.5843410051625524,-0.0016170224319140907,-2.8836692679942524,-0.000274978886817349,-0.13081758989931147,6.516562936273664e-05
3.3679990768432617,-0.6125976435344382,-0.001695689476827961,-3.0202975989777094,-0.00028844478746520297,-0.13689568826381548,6.82938742602968e-05
3.3690407276153564,-0.6452187424801882,-0.001785740479975299,-3.1781580091703425,-0.00030366547228803746,-0.14392392742925064,7.188799123767072e-05
3.3700406551361084,-0.678757442305406,-0.0018716479225969035,-3.3402147143547545,-0.00031502124604431813,-0.15112837747213106,7.535451949239822e-05
3.371009349822998,-0.7140952574770344,-0.001969010493534026,-3.5107474934437186,-0.0003332336002795163,-0.15870018822443363,7.927017670447715e-05
3.371976375579834,-0.7569659094560407,-0.002082399612911339,-3.7180021167814767,-0.000351084979716764,-0.16791861305420497,8.385686295672552e-05
3.3730216026306152,-0.8208254831228237,-0.0022485832116127306,-4.027874717561591,-0.00037614529823702686,-0.18175135247716553,9.06329588384176e-05
3.37404203414917,-0.8635204595249356,-0.002365129730597734,-4.2333930588651985,-0.00039699808569818376,-0.1908539465823977,9.533016824188704e-05
3.375044584274292,-0.8943266240046914,-0.0024498170369873767,-4.380263933734541,-0.00041136691244226566,-0.19729696861696291,9.867517787199334e-05
3.376054286956787,-0.9443620855002473,-0.0025877344937782942,-4.62098903623199,-0.00043562641531698576,-0.20795331989474472,0.0001041543900388062
3.376972198486328,-0.9961393100672566,-0.0027304987199696833,-4.869668330305963,-0.0004591923575008258,-0.2189431731692309,0.0001097926115438878
3.3779702186584473,-1.0315316908704624,-0.002817312452120501,-5.037875248285964,-0.00047207118881706145,-0.22629882809051471,0.00011343603769736143
3.3790440559387207,-1.0334870188126102,-0.0028185145709530577,-5.0426824205354235,-0.00047196220650547,-0.22631045853430792,0.00011351356672918857
3.379972457885742,-1.0280083664069999,-0.0028022366472031436,-5.01120275066427,-0.0004668785997567619,-0.2246929553635804,0.0001127376782498547
3.3809733390808105,-1.026766246428342,-0.0027929687578961133,-5.0004191539989264,-0.0004637844506514349,-0.22400534111404743,0.00011242448384697901
3.381967782974243,-1.0023015083918476,-0.0027208707805985353,-4.876701333048223,-0.0004506530086414707,-0.218265551937347,0.00010951379618506043
3.3830316066741943,-0.9675050131156188,-0.0026201015714555384,-4.702955374213134,-0.00043329206198340034,-0.21029708777531186,0.00010549826982528679
3.3840508460998535,-0.9181352114233083,-0.0024838731311807236,-4.45873028934339,-0.00041062826832451177,-0.19919268289648168,9.997590387823745e-05
3.3850038051605225,-0.8867766381804681,-0.0023954388984150756,-4.302342405039015,-0.0003944842168396294,-0.19202839049477832,9.63691486965924e-05
3.3860421180725098,-0.8470271049604222,-0.0022823151412745372,-4.105592464601378,-0.0003740430448918649,-0.18307769467777202,9.18181512585236e-05
3.387038469314575,-0.8110797296767058,-0.0021846509571054685,-3.927654049072625,-0.00035744618294032845,-0.1749824391901564,8.78376747369574e-05
3.3879952430725098,-0.76088748022677,-0.0020460272105841384,-3.681166547995287,-0.0003331712344612803,-0.16385198488430078,8.226544901294115e-05
3.3890509605407715,-0.6954611901078319,-0.0018681014541182361,-3.361484432149287,-0.00030386654381391726,-0.14948564557886174,7.51266380093511e-05
3.390000820159912,-0.6559201433686563,-0.0017593383114431393,-3.1673835948105253,-0.0002844994099714909,-0.1407242053041211,7.073256389460775e-05
3.391019344329834,-0.6373527227801374,-0.0017088062265695517,-3.0748062509330505,-0.00027615827505128376,-0.13648398299654207,6.868106003076572e-05
3.392042875289917,-0.6117958301896876,-0.0016401749132446768,-2.948704011175985,-0.00026561306921769076,-0.13076415405369127,6.58690075578698e-05
3.393017530441284,-0.5759594971939838,-0.0015444744665975973,-2.7733398450438664,-0.0002499036279785307,-0.12287206919085016,6.19699334796845e-05
3.394038438796997,-0.5416755717527116,-0.0014472065733159112,-2.605806206564381,-0.00023221499397014332,-0.11534244467545061,5.8110225505329516e-05
3.3949716091156006,-0.5095133722549066,-0.001357880648142726,-2.448771552345972,-0.00021838310312381024,-0.1082903197312841,5.457477083097496e-05
3.3959717750549316,-0.5107582923116333,-0.001360946558017034,-2.4524521571133446,-0.00021919644899729475,-0.10835228167262953,5.4651287867015194e-05
3.397040605545044,-0.4868420263349915,-0.0012910592601856445,-2.335374150069079,-0.00020570004932525976,-0.10308139785018697,5.188193761619892e-05
3.3980367183685303,-0.4597670896285907,-0.0012160710451946026,-2.20337836579973,-0.00019315626434249005,-0.09716233373920938,4.890424782475461e-05
3.399000644683838,-0.4473356219572173,-0.0011842537068365903,-2.1417381953566066,-0.0001877836204591721,-0.09435357851589454,4.7569920285683005e-05
3.40000319480896,-0.42462429233653304,-0.0011231260653787759,-2.031039129518943,-0.00017805881338895356,-0.0893905228547624,4.5110399771285655e-05
3.4010257720947266,-0.44016081583395655,-0.0011633953837195566,-2.103323339175369,-0.00018420645739143773,-0.09248264991195486,4.6721711288168686e-05
3.402039051055908,-0.45720424587344066,-0.0012088528621491314,-2.1826549399591606,-0.00019241396191737903,-0.09587789431780548,4.8538984334651096e-05
3.4030303955078125,-0.5008929196923163,-0.0013221894261058128,-2.388850582234062,-0.00021055814749238374,-0.1048310171262162,5.3113951840523444e-05
3.4039955139160156,-0.5416432043498405,-0.0014298340338081612,-2.5806670842642334,-0.0002262611214412296,-0.11313701195921959,5.732273927726174e-05
3.4050486087799072,-0.5713977272849854,-0.001506772286039479,-2.719735327832095,-0.0002389059369996532,-0.11911466793266925,6.041440351207496e-05
3.4060404300689697,-0.613406783738421,-0.0016131830052962576,-2.9168101980766137,-0.0002547665520635838,-0.12761855437258313,6.474424559990238e-05
3.4070370197296143,-0.6616095929481539,-0.0017377507024549594,-3.1428898580905025,-0.0002738424106639786,-0.13737169682692418,6.972229052780051e-05
3.407973051071167,-0.695196114386265,-0.0018233704801069318,-3.2992225856805693,-0.0002849844327808565,-0.1440623748946119,7.307348956131276e-05
3.4090070724487305,-0.7297005429741208,-0.001909571217717566,-3.4595517842663885,-0.0002971671027114859,-0.15091161512073192,7.653181607429399e-05
3.409996271133423,-0.7920347230330492,-0.0020671889432781537,-3.7513334325958345,-0.00032126047193168516,-0.16347329336044336,8.289939979714138e-05
3.411025285720825,-0.8245495004581931,-0.0021482087701048054,-3.901396212327288,-0.0003345582614501596,-0.16983771142574755,8.621251426408136e-05
3.411982297897339,-0.8503581561238087,-0.002216446148949587,-4.019445260856664,-0.00034537591937132314,-0.17479588794857662,8.88298416387238e-05
3.413017749786377,-0.8728765647017118,-0.002275443992785227,-4.121758659538481,-0.0003543588491288974,-0.1790615954001121,9.113944099605454e-05
3.4140443801879883,-0.9198256117551722,-0.002391279294156687,-4.3392321333141375,-0.0003719191101431474,-0.18832118533498482,9.586604784959959e-05
3.415036678314209,-0.9873299309916148,-0.002560963324091221,-4.653160189499286,-0.0003960715697623902,-0.20174395052015828,0.0001026773219622291
3.415987491607666,-1.0404315073947328,-0.00269945354492878,-4.898679707945649,-0.00041575915855002925,-0.2121771000187903,0.00010810798720917716
3.417006492614746,-1.1029207696877796,-0.0028585726781754665,-5.187849257801249,-0.00043867937671897885,-0.22447628387972865,0.00011440307423805663
3.4180116653442383,-1.152241973497905,-0.0029790481151203488,-5.414516221396964,-0.00045538638588477504,-0.23404579931809197,0.00011928917674496461
3.419006109237671,-1.204698070691538,-0.003107714977862069,-5.655445461421977,-0.000473336308958415,-0.24421081371412587,0.00012449277839828124
3.420006275177002,-1.2241812096328273,-0.0031607539104289827,-5.741357725292827,-0.0004817683345431521,-0.24767184137756262,0.00012646061367323233
3.421032190322876,-1.2437838870161009,-0.0032023679183185542,-5.827617290046942,-0.0004838123461309541,-0.2511382810692542,0.00012808317282042445
3.422008991241455,-1.2468336643629652,-0.0032068304432973658,-5.836268511691318,-0.00048735430744525866,-0.2512579158989963,0.00012833311837178726
3.423002243041992,-1.2664909983322543,-0.0032537641435374832,-5.922583022538186,-0.0004956337223119325,-0.2547176910456373,0.00013018946459399916
3.424004077911377,-1.2612237214211885,-0.0032377910603865897,-5.892329614300304,-0.0004904672636036954,-0.2531636254652489,0.00012942840563164463
3.4250075817108154,-1.2600859089819774,-0.003232567730703803,-5.88137757429178,-0.0004896402606603807,-0.25243924178088845,0.00012922418746354699
3.4259965419769287,-1.2345872509767402,-0.0031591873626977203,-5.756900907196494,-0.0004772441709738227,-0.24685021115468603,0.00012634460380382367
3.4270176887512207,-1.2149237252593745,-0.003107635965917666,-5.659853981995486,-0.0004742016003339685,-0.24244728669183574,0.0001244186949115102
3.4280312061309814,-1.1536494158049306,-0.0029498565819913677,-5.369301977793439,-0.0004457457781391009,-0.22977081999091628,0.00011790011760926028
3.4290356636047363,-1.1076764128065215,-0.002829275120520983,-5.1504638728271654,-0.0004270177480214347,-0.22018578346542408,0.00011309217755320679
3.4300127029418945,-1.0511840539152582,-0.002674590238565622,-4.883196426537864,-0.00040036996889499925,-0.2085522369076161,0.00010699476872713777
3.4310195446014404,-0.9893690168011468,-0.0025137741731436967,-4.591775947525964,-0.0003733216585620419,-0.19591311380479512,0.00010046834473798997
3.4319701194763184,-0.9331900687434604,-0.002368302009290449,-4.327094271236342,-0.000350155223295815,-0.18444117283856132,9.461268550977848e-05
3.432971477508545,-0.8979981634936881,-0.0022748905219800546,-4.160122933734576,-0.0003333962370687218,-0.17715206917928664,9.079725979697162e-05
3.433971405029297,-0.8466677151548743,-0.002142378115743573,-3.9187710286028223,-0.00031648096185143965,-0.16671302435308114,8.556942831299654e-05
3.4349775314331055,-0.7956221746799669,-0.002009312789918633,-3.6791326669739974,-0.0002979726917411154,-0.15636482670619867,8.03036610582476e-05
3.4359934329986572,-0.7628859894022186,-0.0019256557700330266,-3.5245411148365324,-0.0002843189717482954,-0.14964846083671612,7.687546613360676e-05
3.4369797706604004,-0.7477054084342598,-0.001887582276737494,-3.451281169325408,-0.0002771491574748995,-0.14639557841821313,7.524639746867236e-05
3.4379923343658447,-0.6879321843642001,-0.001730620092461731,-3.1725354224292204,-0.0002535187826650611,-0.1344422353275243,6.910125403055141e-05
3.43900465965271,-0.6423041998103682,-0.001614183279108899,-2.959527478672392,-0.00023535448562893364,-0.12529766091486785,6.442612971398448e-05
3.4399969577789307,-0.6022963356103261,-0.0015147059761303106,-2.7728306256946276,-0.000220089269101852,-0.11728598923357757,6.035896858333838e-05
3.4409987926483154,-0.5665033062993531,-0.0014227572494418298,-2.605813609633014,-0.0002060081906235306,-0.1101193426510891,5.668740536234422e-05
3.441995620727539,-0.5581028506137805,-0.0013978375984952177,-2.5649930129331757,-0.00020134692950763184,-0.10829458553392665,5.5712857374998917e-05
3.4430110454559326,-0.5281529343506887,-0.0013191202305552125,-2.425305486002806,-0.0001900547515930318,-0.1023035434975501,5.260877400928467e-05
3.443979263305664,-0.49725431915695345,-0.0012402426706314329,-2.281503539225081,-0.00017919925955524517,-0.09615003863365158,4.94774394458636e-05
3.445045232772827,-0.4912703518163573,-0.0012240869821268572,-2.252205824353077,-0.0001763279083651495,-0.09483086597514763,4.8812972037535674e-05
3.4460372924804688,-0.4624546808506651,-0.0011506830628966083,-2.118393120607649,-0.00016635178576358513,-0.08911816328788806,4.5918925950150244e-05
3.4470348358154297,-0.4151038638484738,-0.001032681316910105,-1.8999921719457473,-0.00014903585867762922,-0.07986148813676955,4.117427298675901e-05
3.4479708671569824,-0.3739960064771185,-0.0009308597234773652,-1.710497453824974,-0.0001345055162619186,-0.0718350431465742,3.709893337732627e-05
3.4490067958831787,0.0,0.0,0.0,0.0,0.0,0.0
3.4500160217285156,0.0,0.0,0.0,0.0,0.0,0.0
3.4510104656219482,0.0,0.0,0.0,0.0,0.0,0.0
3.451968193054199,0.0,0.0,0.0,0.0,0.0,0.0
3.4530372619628906,0.0,0.0,0.0,0.0,0.0,0.0
3.4540371894836426,0.0,0.0,0.0,0.0,0.0,0.0
3.4550344944000244,0.0,0.0,0.0,0.0,0.0,0.0
3.4559710025787354,0.0,0.0,0.0,0.0,0.0,0.0
3.457012891769409,0.0,0.0,0.0,0.0,0.0,0.0
3.4580390453338623,0.0,0.0,0.0,0.0,0.0,0.0
3.459036350250244,0.0,0.0,0.0,0.0,0.0,0.0
3.460036516189575,0.0,0.0,0.0,0.0,0.0,0.0
3.4609949588775635,0.0,0.0,0.0,0.0,0.0,0.0
3.462045431137085,0.0,0.0,0.0,0.0,0.0,0.0
3.463034152984619,0.0,0.0,0.0,0.0,0.0,0.0
3.4640462398529053,0.0,0.0,0.0,0.0,0.0,0.0
3.4650421142578125,0.0,0.0,0.0,0.0,0.0,0.0
3.466036558151245,0.0,0.0,0.0,0.0,0.0,0.0
3.467034101486206,0.0,0.0,0.0,0.0,0.0,0.0
3.467968463897705,0.0,0.0,0.0,0.0,0.0,0.0
3.469001054763794,0.0,0.0,0.0,0.0,0.0,0.0
3.4699654579162598,0.0,0.0,0.0,0.0,0.0,0.0
3.4709653854370117,0.0,0.0,0.0,0.0,0.0,0.0
3.471994400024414,0.0,0.0,0.0,0.0,0.0,0.0
3.4729676246643066,0.0,0.0,0.0,0.0,0.0,0.0
3.4739973545074463,0.0,0.0,0.0,0.0,0.0,0.0
3.4750356674194336,0.0,0.0,0.0,0.0,0.0,0.0
3.4759726524353027,0.0,0.0,0.0,0.0,0.0,0.0
3.4770278930664062,0.0,0.0,0.0,0.0,0.0,0.0
3.478039503097534,0.0,0.0,0.0,0.0,0.0,0.0
3.4790399074554443,0.0,0.0,0.0,0.0,0.0,0.0
3.4799914360046387,0.0,0.0,0.0,0.0,0.0,0.0
3.4810328483581543,0.0,0.0,0.0,0.0,0.0,0.0
3.4819977283477783,0.0,0.0,0.0,0.0,0.0,0.0
3.483011245727539,0.0,0.0,0.0,0.0,0.0,0.0
3.4839882850646973,0.0,0.0,0.0,0.0,0.0,0.0
3.4850404262542725,0.0,0.0,0.0,0.0,0.0,0.0
3.4859981536865234,0.0,0.0,0.0,0.0,0.0,0.0
3.487034559249878,0.0,0.0,0.0,0.0,0.0,0.0
3.48799729347229,0.0,0.0,0.0,0.0,0.0,0.0
3.489043951034546,0.0,0.0,0.0,0.0,0.0,0.0
3.49001145362854,0.0,0.0,0.0,0.0,0.0,0.0
3.4909937381744385,-0.42307091275570535,-0.0010018696655420948,-1.8616186809808253,-0.0001324157555611022,-0.07480835445990745,3.9553962727359407e-05
3.491995334625244,-0.6729118331724032,-0.001591907076270997,-2.9579832571262337,-0.00020949483490998098,-0.11872192562484313,6.282864087950957e-05
3.493037700653076,-0.8258128832854263,-0.0019455450188933675,-3.62637799032976,-0.00025210641387312944,-0.14537029227061196,7.675115710605788e-05
3.493969440460205,-0.950879712225642,-0.002239594418454162,-4.171365992691505,-0.0002905824858910529,-0.16701518469206952,8.832227503697998e-05
3.494966983795166,-1.060664088534355,-0.0024925436321267392,-4.648261348458461,-0.00031905073148952247,-0.18588335104899095,9.821014428926077e-05
3.495976209640503,-1.1437005794979906,-0.002683026088606382,-5.007148263583957,-0.00034585135764638234,-0.19999452836720544,0.00010581844681488713
3.4970099925994873,-1.214854188981064,-0.0028447645549075176,-5.313371310956166,-0.0003661833570473939,-0.21197144264224269,0.00011223448561781921
3.498046875,-1.2712448482533658,-0.0029767627609211997,-5.55449448772403,-0.0003810130293585975,-0.2213256907597557,0.00011724270588350246
3.4990367889404297,-1.3277015152125973,-0.003110485263586613,-5.795459949516622,-0.0003978829035525647,-0.230652172049674,0.0001223488505857997
3.499971389770508,-1.3678935710262832,-0.0031973549058037162,-5.965008937549502,-0.00040725265914390193,-0.23711607728000583,0.00012573494241417693
3.5010263919830322,-1.398491067927015,-0.0032690007400424195,-6.092360355258397,-0.0004159149497835749,-0.24188529048638668,0.00012843669753043058
3.5020368099212646,-1.433201213345188,-0.003336231357585768,-6.2374353637288005,-0.0004199369594443257,-0.24734887990036555,0.00013115956991986615
3.503056764602661,-1.4060781780059997,-0.0032637362322628233,-6.113367008424983,-0.0004080866902440396,-0.2421375497956609,0.00012834561026346244
3.5040483474731445,-1.403000065350387,-0.00325939562067748,-6.094056308976991,-0.00040976313623572794,-0.24108584253311147,0.00012808892690535946
3.505044937133789,-1.3657836850513296,-0.003160770744280733,-5.926679923404009,-0.000393856528223494,-0.23418704488827988,0.00012426895585711833
3.506035327911377,-1.348720395326399,-0.003120145819873761,-5.846957361611954,-0.00038631091447305615,-0.23076157382280924,0.0001225141195251715
3.507037401199341,-1.3328006295432944,-0.003079468494936506,-5.772248075940965,-0.0003804364590710419,-0.2275366744008557,0.00012090052219243304
3.5079689025878906,-1.251699558357634,-0.002893107381706013,-5.415707204128218,-0.00035741178439142255,-0.2132247370095032,0.00011350317831288525
3.5089995861053467,-1.1752609114249446,-0.0027162637414386978,-5.079917507657523,-0.00033859619624317783,-0.19975792931946235,0.00010654968663232031
3.5100111961364746,-1.1115422827688304,-0.0025537821295471106,-4.799787368901525,-0.0003122905700246485,-0.1885128725482688,0.00010021464889715105
3.5110268592834473,-1.0436432230643349,-0.002394164982265166,-4.5021492068935585,-0.0002904110183560999,-0.17660667119613552,9.385257747078607e-05
3.512007236480713,-0.991572352684096,-0.0022666298243936163,-4.273320314770944,-0.00027110078140794825,-0.1674254361491549,8.881900372635334e-05
3.5130114555358887,-0.9293913945295689,-0.0021237507572205118,-4.001392844136529,-0.00025529547202831834,-0.15657868792558802,8.322406571669615e-05
3.5140037536621094,-0.899643526169697,-0.0020531881831620073,-3.8695120290821667,-0.0002461505798320938,-0.15123212554880922,8.043186181303466e-05
3.5150372982025146,-0.8861426185486894,-0.0020193217640298495,-3.807678841661054,-0.00024135080138171594,-0.14863139504164272,7.90812946071018e-05
3.5159921646118164,-0.8807784541899604,-0.002010130367902562,-3.7808964852528266,-0.00024103955735558933,-0.14740316701084166,7.862067318740667e-05
3.517002582550049,-0.9081099389488071,-0.00207063556597923,-3.8944518925271523,-0.00024468041893195786,-0.15164549988560233,8.083559111053938e-05
3.517997980117798,-0.9322951840993455,-0.0021238429185990505,-3.9942907125868676,-0.000252674005806028,-0.15534274269183268,8.298665034705711e-05
3.5189943313598633,-0.9549286781630333,-0.002172357503340941,-4.087280631370764,-0.00025942472390301995,-0.15876377040008072,8.49368159943683e-05
3.5199978351593018,-1.0161124604723777,-0.002310357784649115,-4.34492952440557,-0.00027401251032064416,-0.16856380910812788,9.020779912705019e-05
3.5210013389587402,-1.0664234901795688,-0.0024208703660263003,-4.555587392223949,-0.0002876344774894473,-0.1765162645823072,9.454219653199856e-05
3.5220491886138916,-1.121915003305139,-0.002543400173891725,-4.787959016333738,-0.00030198828689150545,-0.18528955727186186,9.932730572455814e-05
3.523043632507324,-1.1891670722341354,-0.002690873072415537,-5.070057763209779,-0.00031893577971689176,-0.19596441635399733,0.00010504982068415445
3.5239713191986084,-1.2335282643912866,-0.002781672571718517,-5.254126739018391,-0.0003223188881434645,-0.20282889412993318,0.00010842898169553935
3.5249691009521484,-1.2664530327146546,-0.0028543623113623266,-5.389224528984473,-0.0003302293725455072,-0.20779013044351433,0.00011118201687501986
3.5260350704193115,-1.2936805064220054,-0.0029111091402702974,-5.499824548926777,-0.00033681602657699585,-0.21179427424654512,0.0001134512519574722
3.5270347595214844,-1.3195687621670709,-0.0029622232290298493,-5.604506144895171,-0.0003436104299569905,-0.21555936847551846,0.00011558104714603139
3.5279688835144043,-1.3432602782055096,-0.00301908299897038,-5.699677496197872,-0.00035238241474866,-0.21894975402810612,0.0001177516830516774
3.5290019512176514,-1.3369393774475133,-0.002999140836521382,-5.667482652708368,-0.0003478221052105988,-0.2174465250554935,0.00011694907262491936
3.5300092697143555,-1.2987789805569612,-0.0029077799972229974,-5.500500634882196,-0.0003358204693500035,-0.21078105241389794,0.00011337778793575016
3.530993700027466,-1.2614345139784222,-0.0028273700322493,-5.33726792293256,-0.0003274361473715788,-0.20427384641352458,0.00011013891462854244
3.531970500946045,-1.196936243785549,-0.002679075275841412,-5.05963480684761,-0.0003071690193581236,-0.19341256312687777,0.00010423024334757371
3.533038377761841,-1.1661442136300793,-0.002605461649194871,-4.924824645795856,-0.00029702462507202225,-0.1880279098301307,0.0001013190709740714
3.534036636352539,-1.0940553408973495,-0.0024443313793281463,-4.616030340720863,-0.0002814872166846963,-0.1760215048390353,9.509315615470866e-05
3.534991979598999,-1.0118696756389796,-0.00225243989250005,-4.265245861277266,-0.00025864184034052535,-0.16244432921751384,8.770062915807407e-05
3.536038398742676,-0.9046699920711141,-0.00200891927361859,-3.809819929233409,-0.0002295077575497944,-0.14492165307400035,7.822540035773994e-05
3.5369961261749268,-0.8247198282971453,-0.0018267885871094919,-3.46992822496264,-0.00020706371817672423,-0.13183269155793836,7.108281727625768e-05
3.538013219833374,-0.7368370497873835,-0.0016311675783509318,-3.0973663218080207,-0.00018347459951601445,-0.11753777395564448,6.338010370979209e-05
3.5390005111694336,-0.6664414035928646,-0.0014719609461436235,-2.7989362772273347,-0.00016405085342437804,-0.1060871689237701,5.7164591092962523e-05
3.5399763584136963,-0.574006627762499,-0.0012681725966584916,-2.4085990503554373,-0.00014057287224874697,-0.09118576297381471,4.919078884402299e-05
3.541024923324585,-0.5196917935170556,-0.0011452694075808115,-2.1787655638194066,-0.00012556058892196906,-0.08238825349541713,4.44108319713094e-05
3.5420215129852295,-0.4644062904707834,-0.001023616118240974,-1.9452527578793537,-0.00011217834213663948,-0.0734711923921684,3.966794662684071e-05
3.543018341064453,-0.3900697485713118,-0.0008597455169314659,-1.632475592977889,-9.349366083445357e-05,-0.06158720468846304,3.325629645586552e-05
3.5440006256103516,0.0,0.0,0.0,0.0,0.0,0.0
3.544999599456787,0.0,0.0,0.0,0.0,0.0,0.0
3.5460078716278076,0.0,0.0,0.0,0.0,0.0,0.0
3.547039747238159,0.0,0.0,0.0,0.0,0.0,0.0
3.5479674339294434,0.0,0.0,0.0,0.0,0.0,0.0
3.5490365028381348,0.0,0.0,0.0,0.0,0.0,0.0
3.5499675273895264,0.0,0.0,0.0,0.0,0.0,0.0
3.5509936809539795,0.0,0.0,0.0,0.0,0.0,0.0
3.5519678592681885,0.0,0.0,0.0,0.0,0.0,0.0
3.5529751777648926,0.0,0.0,0.0,0.0,0.0,0.0
3.5539662837982178,0.0,0.0,0.0,0.0,0.0,0.0
3.5549676418304443,0.0,0.0,0.0,0.0,0.0,0.0
3.5559675693511963,0.0,0.0,0.0,0.0,0.0,0.0
3.55702805519104,0.0,0.0,0.0,0.0,0.0,0.0
3.5580196380615234,0.0,0.0,0.0,0.0,0.0,0.0
3.559041738510132,0.0,0.0,0.0,0.0,0.0,0.0
3.5599734783172607,0.0,0.0,0.0,0.0,0.0,0.0
3.561021327972412,0.0,0.0,0.0,0.0,0.0,0.0
3.5619983673095703,0.0,0.0,0.0,0.0,0.0,0.0
3.5630381107330322,0.0,0.0,0.0,0.0,0.0,0.0
3.5640406608581543,0.0,0.0,0.0,0.0,0.0,0.0
3.5650360584259033,0.0,0.0,0.0,0.0,0.0,0.0
3.566032648086548,0.0,0.0,0.0,0.0,0.0,0.0
3.5670340061187744,0.0,0.0,0.0,0.0,0.0,0.0
3.5679774284362793,0.0,0.0,0.0,0.0,0.0,0.0
3.568965435028076,0.0,0.0,0.0,0.0,0.0,0.0
3.5700435638427734,0.0,0.0,0.0,0.0,0.0,0.0
3.571039915084839,0.0,0.0,0.0,0.0,0.0,0.0
3.572042465209961,0.0,0.0,0.0,0.0,0.0,0.0
3.5730388164520264,0.0,0.0,0.0,0.0,0.0,0.0
3.574036121368408,0.0,0.0,0.0,0.0,0.0,0.0
3.57503604888916,0.0,0.0,0.0,0.0,0.0,0.0
3.575998544692993,0.0,0.0,0.0,0.0,0.0,0.0
3.5770273208618164,0.0,0.0,0.0,0.0,0.0,0.0
3.5780227184295654,0.0,0.0,0.0,0.0,0.0,0.0
3.5789921283721924,0.0,0.0,0.0,0.0,0.0,0.0
3.5799694061279297,0.0,0.0,0.0,0.0,0.0,0.0
3.581015110015869,-0.40928186540930206,-0.000862337502979994,-1.658242237321621,-8.345384183251127e-05,-0.059812441526160526,3.2929839235512515e-05
3.5820353031158447,-0.6552379400137732,-0.0013813968760527818,-2.652246679285169,-0.00013385114219179901,-0.09553569132043667,5.267007771982341e-05
3.5830230712890625,-0.8402818789983005,-0.0017669966588191922,-3.3979879674694913,-0.00016857238146811588,-0.12222769296241896,6.73158351085915e-05
3.583970069885254,-0.9534586438209308,-0.002001294547644142,-3.851962037906275,-0.0001913512625421628,-0.13836502827180325,7.628987928213002e-05
3.58500337600708,-1.06106066224716,-0.0022267691733266087,-4.282528785044249,-0.00021098088170299115,-0.15361544424927606,8.472724486399462e-05
3.586010694503784,-1.1467920634503301,-0.0023960514710166074,-4.624075973288188,-0.00022619872965437004,-0.1656337172811937,9.131390886784459e-05
3.5870347023010254,-1.2120528509304134,-0.002527589529119774,-4.882551029532249,-0.00023848707671626765,-0.17464865766609122,9.636130687717681e-05
3.5879998207092285,-1.3151638977261393,-0.002742673193077018,-5.2927735658535715,-0.0002583786996721268,-0.18905368317796875,0.0001044129941753215
3.5890390872955322,-1.3587911041803715,-0.0028268602200873703,-5.463057735432811,-0.00026363255135941567,-0.19485952896229766,0.0001075526245970096
3.5899932384490967,-1.4127622292910476,-0.0029350241593689374,-5.674480525609322,-0.0002731065697212611,-0.20210921370129434,0.00011163726746478207
3.5910892486572266,-1.4510547133543232,-0.003010148438933343,-5.822496395207601,-0.000279155870881225,-0.20707787486861723,0.00011450581537497784
3.5920066833496094,-1.4622556707073864,-0.0030332150437585932,-5.861646999626387,-0.00027988611118540417,-0.2081664470723354,0.00011525648373909501
3.593015670776367,-1.4792168065608478,-0.003066768527104508,-5.923693644738298,-0.0002797644681098841,-0.21005792924341513,0.00011632381185312805
3.5940356254577637,-1.458824187778884,-0.0030198630457336046,-5.836211370777278,-0.00027553613032249775,-0.20665009483499563,0.00011453551842089798
3.59503436088562,-1.4502792549078933,-0.0029952242687882294,-5.796237928760988,-0.00027272198504093274,-0.20493028516953948,0.00011357480495428002
3.596022844314575,-1.4186226317009931,-0.002924992401218839,-5.664018908197225,-0.0002650940379995567,-0.19995556267164014,0.00011086300317503495
3.597036123275757,-1.404453836549064,-0.002882705523137672,-5.601767838277685,-0.0002564123160006499,-0.19745858257153429,0.00010923833769206692
3.598034381866455,-1.3472698993329686,-0.0027689910870949365,-5.3683397383340195,-0.00024783634796176387,-0.1889484054330695,0.0001048177913272611
3.5990002155303955,-1.3008431396252569,-0.0026696880817784156,-5.178177650517446,-0.00023841644434729589,-0.1819823286095892,0.00010101566743757042
3.600006580352783,-1.248417571822551,-0.0025613766153276415,-4.964520133993444,-0.00022881641462735823,-0.17421080269994274,9.685174031959042e-05
3.6010236740112305,-1.2237465840265642,-0.0025058298792935882,-4.861547290113472,-0.00022144221955759197,-0.17033996656722078,9.468322416616378e-05
3.602004289627075,-1.1934735249623785,-0.0024419017971350696,-4.736638665077649,-0.0002153852679818095,-0.16571745707092006,9.222588810344952e-05
3.6030118465423584,-1.1896245952304312,-0.0024310368578310346,-4.716731878596166,-0.00021554485344362195,-0.16477547526209155,9.190315276513328e-05
3.6040380001068115,-1.1681456582900605,-0.0023857201906893485,-4.627020963293763,-0.00020965633668586212,-0.1614000808721489,9.004334273412238e-05
3.6049695014953613,-1.1589499469939233,-0.002365566175045974,-4.586183313669941,-0.00020624630247485524,-0.15974114398330824,8.913440540909928e-05
3.605966806411743,-1.1672886319712912,-0.002373575972466721,-4.614780672186403,-0.00020553094788263243,-0.16050325392700784,8.953343266079432e-05
3.6070101261138916,-1.17300599603772,-0.00238267037793806,-4.633009137451492,-0.0002053908514607692,-0.16090442545875194,8.978490698997474e-05
3.6080453395843506,-1.1969875481038286,-0.002431238004477014,-4.723380152008356,-0.00021028691415691972,-0.16381135765660604,9.156613577606201e-05
3.609041690826416,-1.2105486401696264,-0.0024545833105291946,-4.772554538908023,-0.00021160686660959995,-0.1652854508709818,9.241127600739263e-05
3.6099941730499268,-1.2188930781023595,-0.002464492044268124,-4.801155818560501,-0.0002116592462343493,-0.16604669477377415,9.281418502500775e-05
3.610992670059204,-1.2344630518495954,-0.0024913967008095275,-4.858139792019102,-0.00021271757647397271,-0.16778536351269663,9.382858484077255e-05
3.611970901489258,-1.2650549913803695,-0.0025568096676169714,-4.974143020799881,-0.0002175008110557395,-0.17155710465725174,9.60926984143869e-05
3.61301326751709,-1.2917145604709874,-0.002605244699205721,-5.074590172700168,-0.0002186611114871963,-0.17478728270728974,9.784713208522962e-05
3.6140007972717285,-1.3377492580534913,-0.0026966457970275153,-5.251019920642131,-0.00022865536690788772,-0.18062740407759184,0.00010136888235944367
3.615016222000122,-1.3820793789235193,-0.002782470979788907,-5.420562078112804,-0.00023532562873764047,-0.18622005979017497,0.00010457230607875627
3.61600399017334,-1.4468820052198401,-0.0029069301514324723,-5.670127595271308,-0.0002437181084944742,-0.19454735696292055,0.00010915415720387061
3.6170005798339844,-1.492428321151672,-0.00299228997744891,-5.843960717678604,-0.00024970101332735264,-0.20026173054725468,0.00011236973139966354
3.6180009841918945,-1.536540518333312,-0.003082738283796642,-6.011895684252084,-0.0002524770499449037,-0.20575880265097307,0.00011540598428445167
3.6189961433410645,-1.550314505247189,-0.0031047040505504954,-6.060956223002563,-0.00025190935073664267,-0.2071780841839378,0.00011615852771162367
3.6199796199798584,-1.5686633919141169,-0.003145744498018141,-6.127916376346509,-0.0002601649872757296,-0.209209973356668,0.00011775179094843513
3.620997667312622,-1.5283237069379532,-0.003061623815162317,-5.96570246491933,-0.0002497398454404859,-0.20342261545168097,0.00011443228207669136
3.622011661529541,-1.478344135340406,-0.0029545418617692963,-5.766219317042936,-0.00024105569046443053,-0.19638379770624562,0.0001105192709377678
3.6230056285858154,-1.4135348891267991,-0.0028177536195027556,-5.509379511713493,-0.0002269559251457852,-0.1874177557663721,0.0001053435753578984
3.6240270137786865,-1.3313476614011266,-0.0026527744205617795,-5.185284216203707,-0.00021278294643849955,-0.17618955612993725,9.906685277225905e-05
3.6250154972076416,-1.2701417195696498,-0.0025320123773651176,-4.9432373276360595,-0.00020497538122498076,-0.1677671556735971,9.454355198059569e-05
3.6260008811950684,-1.1995181241328503,-0.0023874570321263445,-4.664966684995089,-0.00019451564735904227,-0.15813853966124533,8.926388713228989e-05
3.62699818611145,-1.1142017059924125,-0.00221829980073094,-4.329993359349364,-0.0001801907066269071,-0.14661145491448857,8.284448940670491e-05
3.6279735565185547,-0.9800866359950843,-0.0019472196212284934,-3.8060343510860073,-0.0001558123855170516,-0.128720863656874,7.267473302886739e-05
3.628998279571533,-0.8413326118895478,-0.0016707439026292516,-3.2648215839502273,-0.00013301084613229845,-0.11028797690631685,6.230458876822229e-05
3.630014419555664,-0.7017958905950877,-0.0013924890158576095,-2.7213956758758204,-0.00010931344247947208,-0.09182501289197274,5.183077991151135e-05
3.631016731262207,-0.5800322342007262,-0.00114820397762725,-2.2476278709271935,-8.948684617614321e-05,-0.07575251102218976,4.273486483927256e-05
3.6319761276245117,-0.4787391546879207,-0.0009460960424438632,-1.8537960214994198,-7.339154554884472e-05,-0.06240736532852288,3.5218911245982074e-05
3.6330206394195557,0.0,0.0,0.0,0.0,0.0,0.0
3.6340348720550537,0.0,0.0,0.0,0.0,0.0,0.0
3.6350367069244385,0.0,0.0,0.0,0.0,0.0,0.0
3.63596773147583,0.0,0.0,0.0,0.0,0.0,0.0
3.6370363235473633,0.0,0.0,0.0,0.0,0.0,0.0
3.638038158416748,0.0,0.0,0.0,0.0,0.0,0.0
3.6389758586883545,0.0,0.0,0.0,0.0,0.0,0.0
3.640024423599243,0.0,0.0,0.0,0.0,0.0,0.0
3.641011953353882,0.0,0.0,0.0,0.0,0.0,0.0
3.641998052597046,0.0,0.0,0.0,0.0,0.0,0.0
3.6429944038391113,0.0,0.0,0.0,0.0,0.0,0.0
3.6440000534057617,0.0,0.0,0.0,0.0,0.0,0.0
3.6449968814849854,0.0,0.0,0.0,0.0,0.0,0.0
3.6459975242614746,0.0,0.0,0.0,0.0,0.0,0.0
3.647002935409546,0.0,0.0,0.0,0.0,0.0,0.0
3.647977113723755,0.0,0.0,0.0,0.0,0.0,0.0
3.649003267288208,0.0,0.0,0.0,0.0,0.0,0.0
3.650001287460327,0.0,0.0,0.0,0.0,0.0,0.0
3.6510050296783447,0.0,0.0,0.0,0.0,0.0,0.0
3.65199875831604,0.0,0.0,0.0,0.0,0.0,0.0
3.6529958248138428,0.0,0.0,0.0,0.0,0.0,0.0
3.653998374938965,0.0,0.0,0.0,0.0,0.0,0.0
3.6549997329711914,0.0,0.0,0.0,0.0,0.0,0.0
3.6559700965881348,0.0,0.0,0.0,0.0,0.0,0.0
3.656978130340576,0.0,0.0,0.0,0.0,0.0,0.0
3.6579670906066895,0.0,0.0,0.0,0.0,0.0,0.0
3.6589834690093994,0.0,0.0,0.0,0.0,0.0,0.0
3.6600167751312256,0.0,0.0,0.0,0.0,0.0,0.0
3.661020040512085,0.0,0.0,0.0,0.0,0.0,0.0
3.6620354652404785,0.0,0.0,0.0,0.0,0.0,0.0
3.663024425506592,0.0,0.0,0.0,0.0,0.0,0.0
3.664036989212036,0.0,0.0,0.0,0.0,0.0,0.0
3.6650404930114746,0.0,0.0,0.0,0.0,0.0,0.0
3.6660356521606445,0.0,0.0,0.0,0.0,0.0,0.0
3.6670353412628174,0.0,0.0,0.0,0.0,0.0,0.0
3.667968988418579,0.0,0.0,0.0,0.0,0.0,0.0
3.6689670085906982,0.0,0.0,0.0,0.0,0.0,0.0
3.670012950897217,0.0,0.0,0.0,0.0,0.0,0.0
3.6710283756256104,0.0,0.0,0.0,0.0,0.0,0.0
3.6720354557037354,0.0,0.0,0.0,0.0,0.0,0.0
3.6730146408081055,0.0,0.0,0.0,0.0,0.0,0.0
3.674034357070923,-0.4667340575601362,-0.0008846748931852096,-1.7545522773705302,-5.7164313096147685e-05,-0.05619978690940691,3.2257299736079394e-05
3.6750359535217285,-0.7650910573165226,-0.0014494298568279852,-2.873888156018301,-9.366092201965947e-05,-0.09192705203350057,5.28259092940848e-05
3.676036834716797,-1.001554782821582,-0.001896691394342951,-3.7591365894443376,-0.00012300786842702342,-0.12007696276899078,6.912245295333473e-05
3.677037239074707,-1.1746609144507136,-0.0022226366792545142,-4.405352390243963,-0.00014311415575613657,-0.140522434988661,8.093428333539998e-05
3.6780383586883545,-1.2955969564657783,-0.0024464586773669866,-4.855056011886662,-0.00015249840940604497,-0.15465141863837367,8.891734253793645e-05
3.6789982318878174,-1.4110793229143013,-0.002659745564398091,-5.2835764831149294,-0.00016543804689532138,-0.1680637389071459,9.670830560682415e-05
3.6800382137298584,-1.5238977706553114,-0.002873186086056114,-5.701416963081564,-0.00017932677893730745,-0.18109670662897062,0.00010434594204572638
3.681035280227661,-1.614846267541849,-0.0030467733905518374,-6.036865385116738,-0.00018959865610123307,-0.19148060920946883,0.0001104711189497565
3.6820359230041504,-1.6725699840814678,-0.00314596431059793,-6.247681796427614,-0.0001950874218925617,-0.1978873886478335,0.00011416636436954882
3.6830081939697266,-1.7154249108018365,-0.0032233825629739052,-6.402616440158399,-0.0002000036017639948,-0.20250496393077125,0.0001169646852418337
3.683969736099243,-1.769762050859439,-0.0033186814888007433,-6.600094804921402,-0.00020347583809424507,-0.20845052932169264,0.00012031914227127604
3.685002565383911,-1.755812583594088,-0.003282369009568412,-6.542857220527752,-0.00020004326136632228,-0.20634858937717043,0.00011902094917872204
3.686035394668579,-1.7507799965021227,-0.0032703239016547278,-6.518881378222068,-0.00019458965084994688,-0.20529757022039982,0.00011831661646486658
3.687034845352173,-1.7502073553494115,-0.00326405249166613,-6.511465355062999,-0.00019137300911644322,-0.20476544391907353,0.00011798719193598597
3.6879703998565674,-1.7311411063710496,-0.0032220054866232096,-6.435381897318128,-0.00018750870875232058,-0.20208163756046116,0.00011644816240667189
3.689039707183838,-1.7010646589015674,-0.0031651908723232505,-6.318529529237089,-0.0001809143678734059,-0.19812671102693083,0.00011419315224565653
3.6899831295013428,-1.6343555684159319,-0.003033535814299526,-6.065872680485024,-0.00016996989657538982,-0.1899284969437114,0.00010938264609920027
3.691026210784912,-1.5821200596238223,-0.0029371155044049025,-5.8672651509833065,-0.00016491009974833545,-0.18344138158063827,0.0001058389104984201
3.69197154045105,-1.5249392785584135,-0.002831269315685903,-5.6506754322854205,-0.00016051163181243083,-0.17641231880146138,0.0001020207264718709
3.6930131912231445,-1.498192813908365,-0.0027792814032960274,-5.547056898098987,-0.0001581140376377552,-0.17292134230217246,0.00010014232515007993
3.694035053253174,-1.4537266064795809,-0.002693121509543198,-5.3780638220169426,-0.00015009351236456713,-0.16740563771066574,9.684402959830109e-05
3.6950340270996094,-1.3795242323571106,-0.002551017591294018,-5.099402669512167,-0.00014188338673559053,-0.15849563103446257,9.17325090517777e-05
3.6959755420684814,-1.354686914919894,-0.0024995764130658306,-5.003538947988931,-0.00013872655704906704,-0.15528539407294054,8.991745265753674e-05
3.697035789489746,-1.3336624584476844,-0.0024604564962381233,-4.921862517163952,-0.0001366625162523325,-0.1525214118562397,8.84262086664696e-05
3.6980371475219727,-1.3250190536616615,-0.0024464614970157407,-4.885984492586682,-0.0001364195233622735,-0.15118271636915226,8.77859581385569e-05
3.6990349292755127,-1.3121038993174858,-0.0024188552371473913,-4.834428250093259,-0.0001337237074989572,-0.14936311491274434,8.676354816869086e-05
3.699972629547119,-1.3284193227215344,-0.0024456413640923727,-4.89059898214217,-0.00013415448311357678,-0.15087337546991317,8.767737275443631e-05
3.7010114192962646,-1.305357668549785,-0.002395603817021505,-4.801848119450191,-0.00012988372123827523,-0.14791547117221357,8.593936748750052e-05
3.702003240585327,-1.3288909123035846,-0.0024365096589975895,-4.884436296951838,-0.00012902544036751443,-0.15023183743220067,8.723976578219088e-05
3.7029969692230225,-1.3652788373141513,-0.0025064745667162385,-5.014114115474404,-0.00013244974212309703,-0.1539874671317469,8.954866546935778e-05
3.7039966583251953,-1.3959124982566553,-0.0025539376808416106,-5.12239824190287,-0.00013298660239302896,-0.15707115134637453,9.129875056764905e-05
3.7049994468688965,-1.4464431687165564,-0.002645834606878609,-5.303357618992992,-0.0001382586411671903,-0.16236392682718806,9.454067163006768e-05
3.7059969902038574,-1.4842463524578138,-0.0027196917821498768,-5.437391495370615,-0.0001424890442355502,-0.16620511914854572,9.697782501397318e-05
3.7069952487945557,-1.5261768092341246,-0.0027868829926747728,-5.586299195178801,-0.000142110024694258,-0.17048683183397942,9.929278438542663e-05
3.707979202270508,-1.5386347233802038,-0.002799988536752512,-5.627242900816695,-0.0001416541220810553,-0.1714687346465959,9.981550034193694e-05
3.708986520767212,-1.5696981459707884,-0.0028481261676758254,-5.736103371807531,-0.00014332092450690617,-0.17451271498366241,0.00010157843978529092
3.709984064102173,-1.597783954072272,-0.002896316397038597,-5.8338435224201,-0.00014460322609806414,-0.17720459616111525,0.00010322247611965653
3.7109715938568115,-1.6138243487220731,-0.0029237918062949416,-5.887482995467627,-0.00014451358745337016,-0.17854997176687423,0.00010410026486713686
3.7119736671447754,-1.6132674070902888,-0.002915520208646416,-5.880542119825495,-0.00014398655909179388,-0.17805635619165527,0.00010387308724964398
3.7129783630371094,-1.602605805427306,-0.0028950780235985174,-5.836831190311118,-0.00014191339311047497,-0.17645299420140337,0.00010302444683492878
3.71397066116333,-1.5551307136421377,-0.002810832308981189,-5.659306800135696,-0.00013610156464435034,-0.17081960207600225,9.975838399553053e-05
3.7149953842163086,-1.5332798125127174,-0.0027695090805755786,-5.575230014019639,-0.0001344703202279001,-0.16801827297282076,9.825705449298309e-05
3.715989351272583,-1.5136055402237858,-0.0027305392059474615,-5.49923193919983,-0.00013097316883227498,-0.16546990816134072,9.681109707177264e-05
3.717007875442505,-1.4949952280265353,-0.002695662616899069,-5.427222898928619,-0.00012917220442601788,-0.1630487209263129,9.551688892935406e-05
3.7180097103118896,-1.4645172869733294,-0.0026362333222639095,-5.312363121152429,-0.00012325931103629914,-0.15935361704817122,9.327995035476784e-05
3.719006299972534,-1.463452832869784,-0.0026346164763679765,-5.304278036299852,-0.00012200739030453695,-0.15886608993541168,9.307414853525873e-05
3.7199819087982178,-1.4311134027977424,-0.0025777355657802294,-5.182957946218382,-0.00012264281850831002,-0.15499413627609615,9.113867470329594e-05
3.7210023403167725,-1.3830405534890886,-0.002481314491882556,-5.004951602725127,-0.00011485651496044649,-0.14944410293473814,8.769685377874033e-05
3.7219955921173096,-1.3607488672692847,-0.0024429413613337534,-4.920472499649987,-0.0001133931252694489,-0.14670010989003088,8.619257669558176e-05
3.722994565963745,-1.3619891490995555,-0.0024474915779840317,-4.921178548182096,-0.00011318998142635871,-0.14650128604713947,8.620587223282213e-05
3.7239747047424316,-1.319948679668877,-0.0023616604476781452,-4.765704386976827,-0.000108646669708893,-0.14166487350873433,8.33230006228221e-05
3.7250027656555176,-1.3006090863560684,-0.0023242205838664063,-4.6923702471159165,-0.00010582515607155136,-0.13928051884918297,8.198576886068196e-05
3.726003408432007,-1.2926042283045713,-0.002312816718018061,-4.660076561449402,-0.00010624226622331503,-0.13812289567001082,8.151852288953403e-05
3.7270243167877197,-1.2796428059428624,-0.0022856062128703038,-4.60994748479045,-0.00010299475403090454,-0.13643861951963862,8.049691249697954e-05
3.7280142307281494,-1.2303211466214878,-0.00219506797491111,-4.429001492783883,-9.73571112160572e-05,-0.13089264548223015,7.719318821902984e-05
3.729011058807373,-1.2179758904251534,-0.002167174478591315,-4.3813429115943885,-9.394262714026587e-05,-0.1292961321338329,7.619907949730947e-05
3.7300117015838623,-1.192060120351777,-0.0021212763493502155,-4.2850232625765345,-9.266984991928532e-05,-0.1262726792432598,7.456667203975104e-05
3.7310047149658203,-1.1914611271922324,-0.0021190508437494626,-4.279794274343561,-9.131363355356276e-05,-0.1259385558647604,7.437418976995938e-05
3.731978178024292,-1.2035096216598233,-0.0021366465890562763,-4.320000834408226,-9.0262966375756e-05,-0.12694173083119817,7.492762918743048e-05
3.7330095767974854,-1.2111559756442258,-0.002145234350720628,-4.3443749632563256,-9.07085991133922e-05,-0.12747786222228993,7.525783105579481e-05
3.7340073585510254,-1.229139787201733,-0.002179715001043319,-4.405780148874496,-9.23121139727862e-05,-0.12909772495483962,7.634657230792497e-05
3.735039710998535,-1.2272442694514536,-0.002172539692121463,-4.395861897714838,-9.221311210887651e-05,-0.12862373598436552,7.611331036819861e-05
3.7359704971313477,-1.2171770789867318,-0.002154503245176179,-4.3567431228889495,-9.079160729996077e-05,-0.12729941959424707,7.539179363011845e-05
3.7369961738586426,-1.2029750896574443,-0.0021264295820754573,-4.302940094808244,-9.024761452073332e-05,-0.1255528510155112,7.443575336114707e-05
3.7379963397979736,-1.1974684807700484,-0.0021121259387937986,-4.280282092730188,-8.612121298758837e-05,-0.12471753687406675,7.38045095015233e-05
3.7390546798706055,-1.1962832645374286,-0.0021084731747990767,-4.273103605240248,-8.449967173667118e-05,-0.12433519917573353,7.358488475661792e-05
3.7399752140045166,-1.1972727328246624,-0.0021075949871887847,-4.273721253833928,-8.244632039859161e-05,-0.12418136810591628,7.346149814211051e-05
3.7410006523132324,-1.1651816889533984,-0.0020502651409464432,-4.156324558612559,-8.092345631091993e-05,-0.12060241281306218,7.14900781701624e-05
3.742013454437256,-1.1182648114860392,-0.001965297616692463,-3.9862171984011687,-7.567787182973159e-05,-0.11550427228052598,6.839244027261155e-05
3.742997646331787,-1.0512807552665324,-0.0018461716941350116,-3.744874627825689,-7.086450988928298e-05,-0.10835956678825803,6.419939131504333e-05
3.7439723014831543,-0.9742060942324552,-0.001708849192438959,-3.46793113481082,-6.527997209794452e-05,-0.10020504292454657,5.9396396027338044e-05
3.7449958324432373,-0.892047086473027,-0.0015686071583785322,-3.1732578051343356,-6.0545917150553214e-05,-0.09156003866269834,5.441327740722523e-05
3.7460010051727295,-0.8072612284678834,-0.0014162003191340246,-2.8696843174722035,-5.443052063300908e-05,-0.08268451134105102,4.9166583161402214e-05
3.746993064880371,-0.7210777324459988,-0.0012613872287539935,-2.561568098758232,-4.8236858952657174e-05,-0.07370328662604693,4.384133112017642e-05
3.7479748725891113,-0.6449558099957239,-0.0011269106584187126,-2.289564991076729,-4.1402832362703225e-05,-0.06578305998277996,3.906030871916165e-05
3.7489829063415527,-0.552147021974791,-0.0009650938746244785,-1.9587414560769592,-3.5428905102668676e-05,-0.0561975514565765,3.341317344786627e-05
3.750014305114746,-0.46177518324014755,-0.0008056634533430661,-1.637003230957484,-2.9211044406622736e-05,-0.046898816672493855,2.7889318993924076e-05
3.750972270965576,0.0,0.0,0.0,0.0,0.0,0.0
3.75199818611145,0.0,0.0,0.0,0.0,0.0,0.0
3.7529988288879395,0.0,0.0,0.0,0.0,0.0,0.0
3.7539961338043213,0.0,0.0,0.0,0.0,0.0,0.0
3.7549920082092285,0.0,0.0,0.0,0.0,0.0,0.0
3.755970001220703,0.0,0.0,0.0,0.0,0.0,0.0
3.757002353668213,0.0,0.0,0.0,0.0,0.0,0.0
3.7580370903015137,0.0,0.0,0.0,0.0,0.0,0.0
3.7590460777282715,0.0,0.0,0.0,0.0,0.0,0.0
3.7599689960479736,0.0,0.0,0.0,0.0,0.0,0.0
3.761028289794922,0.0,0.0,0.0,0.0,0.0,0.0
3.7620339393615723,0.0,0.0,0.0,0.0,0.0,0.0
3.763011932373047,0.0,0.0,0.0,0.0,0.0,0.0
3.764033317565918,0.0,0.0,0.0,0.0,0.0,0.0
3.765033721923828,0.0,0.0,0.0,0.0,0.0,0.0
3.765991687774658,0.0,0.0,0.0,0.0,0.0,0.0
3.7670369148254395,0.0,0.0,0.0,0.0,0.0,0.0
3.768037796020508,0.0,0.0,0.0,0.0,0.0,0.0
3.7690412998199463,-0.5053844904966285,-0.0008644469944322122,-1.766482122702745,-2.518120201206375e-05,-0.049117563413726195,2.946975425813356e-05
3.770045757293701,-0.8166226265054979,-0.0013920373486445475,-2.852052220806002,-3.957555424015465e-05,-0.07916324922237768,4.745221451678515e-05
3.770966053009033,-1.0436507026976263,-0.001775724113137566,-3.6418587063422274,-4.8602992670649314e-05,-0.10089952796380909,6.045493476128258e-05
3.771965980529785,-1.2268150726747915,-0.0020862628513477754,-4.2773760542423025,-5.553057177279087e-05,-0.1182872827254829,7.088344999273893e-05
3.7729690074920654,-1.3550988732229179,-0.002304917374054358,-4.720572159923061,-6.201593745444822e-05,-0.13029763643832384,7.824543347959974e-05
3.774017333984375,-1.47801859021831,-0.0025085358054669172,-5.144339240796265,-6.831692835182634e-05,-0.14172684027890187,8.524319248465545e-05
3.77504301071167,-1.5302744160794925,-0.002594233567879132,-5.3216695849325175,-7.050158404652564e-05,-0.14633728820101063,8.810236129409609e-05
3.775977611541748,-1.5803435422650332,-0.002676753829134722,-5.491065667542529,-6.857498361192459e-05,-0.15070960078699638,9.056902380960059e-05
3.776998281478882,-1.6311745176262924,-0.0027593954095132133,-5.66272687712237,-7.104846577846605e-05,-0.15512095411687812,9.339214698620499e-05
3.778010845184326,-1.6695059198813265,-0.0028292757897979285,-5.790663994152186,-7.465191318040205e-05,-0.15831449571399311,9.570901631228864e-05
3.779040575027466,-1.679439040943265,-0.0028413493080990298,-5.819896439227758,-7.198699770254008e-05,-0.1587970231316022,9.599210373858476e-05
3.780026912689209,-1.6511616369755249,-0.0027885362242785136,-5.716778835714642,-6.752200398224166e-05,-0.1556722377964412,9.404719855513973e-05
3.7810113430023193,-1.6037314329493648,-0.0027091014037342277,-5.547588924521606,-6.578434430146773e-05,-0.150762836297272,9.122073817320316e-05
3.7820048332214355,-1.5485480221067955,-0.0026080370891706827,-5.3518011189523,-6.368767159014926e-05,-0.1451440965620715,8.789483775044486e-05
3.783015489578247,-1.5227108840050014,-0.0025596635647772703,-5.257734456858706,-6.2119115612471e-05,-0.14230236291431167,8.62510662539369e-05
3.7839694023132324,-1.5337796630521165,-0.0025748401581180665,-5.291105662924804,-5.840776059230171e-05,-0.14291015764724296,8.649592282478495e-05
3.7850019931793213,-1.4835899320321395,-0.0024902437209650195,-5.11329477568618,-5.776564649710646e-05,-0.13782271556026904,8.362991052372428e-05
3.786034107208252,-1.4955046029335521,-0.0025084389039119457,-5.149701569587012,-5.884089399400355e-05,-0.1385196675460629,8.422070062958011e-05
3.7869930267333984,-1.4790960218898266,-0.002479036053710631,-5.088636879122368,-5.8088321088126956e-05,-0.1365983389506319,8.316574317395789e-05
3.788015365600586,-1.4615098548257583,-0.0024443156374689217,-5.0236333902737185,-5.6937500790295626e-05,-0.13457816137774295,8.203808700638634e-05
3.7890408039093018,-1.4544861195298084,-0.0024301094627603177,-4.99487516345522,-5.410029619144994e-05,-0.13352523002245203,8.136080125207008e-05
3.789994478225708,-1.4750299986502668,-0.002463751864066791,-5.060710891673827,-5.5907821696310235e-05,-0.1349963436219373,8.249202245804283e-05
3.7910263538360596,-1.4758783640872557,-0.002460959703929877,-5.05888966926414,-5.3601421354650346e-05,-0.1346575805614398,8.231889905146006e-05
3.792041778564453,-1.5022781590182894,-0.0025086530744584767,-5.14458348235165,-5.446757851920337e-05,-0.13664411939019647,8.370191820805046e-05
3.7930119037628174,-1.5396832961239495,-0.002566840983382742,-5.267850289872774,-5.323643629507866e-05,-0.1396215589597544,8.543258719636773e-05
3.7940359115600586,-1.5844621302440753,-0.0026365133959439144,-5.4161468521669764,-5.4679918520945606e-05,-0.1432501928281996,8.772954334502715e-05
3.795034885406494,-1.6311036299471722,-0.0027078023501252288,-5.570500320909657,-5.436121426116572e-05,-0.1470199298195363,9.002455737782485e-05
3.7960257530212402,-1.680554364953536,-0.0027863052079510403,-5.734096046523115,-5.271882737537509e-05,-0.15101192147235237,9.241054716219811e-05
3.7969934940338135,-1.7070914397751518,-0.002823292801444455,-5.819220491873978,-4.827442171781085e-05,-0.1529194733584048,9.338122175034175e-05
3.7980363368988037,-1.7446519102395674,-0.002876301434483172,-5.9418234440712325,-4.9119576909339746e-05,-0.1558058146067953,9.526043074719771e-05
3.799043655395508,-1.765283867814011,-0.0029057707188765566,-6.006521532835003,-4.8798695967194726e-05,-0.15715828427096365,9.618475904684645e-05
3.799976348876953,-1.741723355323076,-0.0028639723627395253,-5.920914375022878,-4.703090384787687e-05,-0.15458198438545975,9.468382749271273e-05
3.8010005950927734,-1.731692713196221,-0.0028468554248892728,-5.881460861401811,-5.012278872376207e-05,-0.15322052175469517,9.41831359376613e-05
3.8019702434539795,-1.71713719816539,-0.0028231834956370856,-5.826749297581166,-4.8190923590865074e-05,-0.15146838289281284,9.322163607241076e-05
3.802996873855591,-1.6889539293599254,-0.002776775151081417,-5.725949498077803,-4.777691272324809e-05,-0.14852775838619953,9.16273964493885e-05
3.8039710521698,-1.6520439377310188,-0.0027124990296381584,-5.595837733777927,-4.375917653041754e-05,-0.14484378257102626,8.932025387883666e-05
3.804996967315674,-1.5767487152780055,-0.002582580494889308,-5.3360817697481435,-3.863636988193848e-05,-0.13782736778759855,8.490737745107629e-05
3.805995225906372,-1.529315929224719,-0.0024982172446032756,-5.171093297360948,-3.790213616149215e-05,-0.13328823837608214,8.220610726075974e-05
3.8070297241210938,-1.4353185502782568,-0.002342059100480658,-4.849066765767233,-3.683888668244406e-05,-0.12472694633773593,7.709971183162742e-05
3.808016061782837,-1.3424953645143276,-0.0021885514881339,-4.531565081127641,-3.27760802547508e-05,-0.11631678923605031,7.186447905055739e-05
3.8090152740478516,-1.2501616172861503,-0.0020394529945396947,-4.2162853213961276,-2.9841809619130646e-05,-0.10799918390725424,6.68172234859887e-05
3.810002088546753,-1.1466352475180528,-0.0018667576360843188,-3.8638732332614474,-2.5861990098958575e-05,-0.09876886204764976,6.110380679304719e-05
3.811021089553833,-1.0487710488005353,-0.0017038899882312747,-3.531152932618365,-2.17226628927522e-05,-0.09008009678037908,5.568504682651886e-05
3.8119773864746094,-0.9783289079250553,-0.0015860827806811026,-3.2913312133189256,-1.8449677145992262e-05,-0.08379680751209899,5.1758234736977504e-05
3.8130173683166504,-0.9197007340805008,-0.0014907543500681474,-3.0916567071941943,-1.813953619353686e-05,-0.0785608150276386,4.8649476915208335e-05
3.8140430450439453,-0.88020191178869,-0.0014256949993515977,-2.956619147492056,-1.7020887144519467e-05,-0.07498805932991397,4.6480471578671846e-05
3.8150429725646973,-0.8845053000329496,-0.0014320755954696763,-2.9687684841772746,-1.7388463030647668e-05,-0.0751517681198735,4.665459679745305e-05
3.8160433769226074,-0.9012555835552455,-0.0014570015664739045,-3.0226785692138036,-1.6898161709189794e-05,-0.07637159715103352,4.742578654846072e-05
3.8170135021209717,-0.9223912892136769,-0.0014904704020350388,-3.091214226038227,-1.552279907373571e-05,-0.07795578328311285,4.8378696402661134e-05
3.8180229663848877,-0.9457296825790297,-0.0015243228066583378,-3.1670468352908863,-1.4152446902383651e-05,-0.07971865642418532,4.9400106988377286e-05
3.819028854370117,-0.9949342224213932,-0.00160068591444225,-3.3293552975683665,-1.444064740464452e-05,-0.08364916947166375,5.187078719908532e-05
3.8200201988220215,-1.0209369638640096,-0.0016420907601072392,-3.4138686092547883,-1.5073154508585049e-05,-0.0856153653647368,5.316141013663859e-05
3.821009635925293,-1.083025058164693,-0.0017422870380549818,-3.6188396431696934,-1.6866298713784987e-05,-0.09058948523191526,5.6398309830130706e-05
3.822000503540039,-1.1039864644309905,-0.0017768307656330351,-3.686228163283991,-1.7992352850804808e-05,-0.09210939629952884,5.749426031793395e-05
3.823002338409424,-1.1387191037614985,-0.001829443146052326,-3.799488419113013,-1.815562982495632e-05,-0.09476855434960572,5.920930027208909e-05
3.8239786624908447,-1.168885968643163,-0.00187477983579356,-3.8974105695606385,-1.82556758765081e-05,-0.09703859749638061,6.0667274063544686e-05
3.8249804973602295,-1.1853632991246301,-0.0019016080531107623,-3.949595889959119,-1.77611675960118e-05,-0.09816407527624546,6.138333139396875e-05
3.825984001159668,-1.2083294682495165,-0.001939174918201962,-4.0233676830006635,-1.8953792659111772e-05,-0.09982391205703688,6.255209055033089e-05
3.8270113468170166,-1.2077757436775989,-0.0019369252816475804,-4.018797843253105,-1.844538601785794e-05,-0.09953826986152277,6.243608208095744e-05
3.827993631362915,-1.208849169582434,-0.0019367895472971804,-4.019637089817289,-1.6931022233883867e-05,-0.0993862748616715,6.234752705279453e-05
3.82897686958313,-1.176194409441523,-0.001880874381337638,-3.9084189051695306,-1.4529397570435313e-05,-0.09646963460035829,6.049176125641017e-05
3.829993486404419,-1.161182991155838,-0.0018594563079417196,-3.8559749520830446,-1.439646779684322e-05,-0.09501296755666816,5.970900469676481e-05
3.831014394760132,-1.1184770454904782,-0.0017915951438939504,-3.7116584044931598,-1.2810218126204794e-05,-0.09129843882377332,5.739143899868231e-05
3.832003355026245,-1.0503595185709853,-0.0016774573682614149,-3.4832891993226185,-1.140690680634327e-05,-0.08553387300592055,5.376429603210672e-05
3.8330116271972656,-0.9925382366570322,-0.001582234262287804,-3.289339529968767,-1.2047631827408086e-05,-0.08063189682882235,5.079468573501717e-05
3.834019184112549,-0.916742393775172,-0.0014573395208746934,-3.0361057549478847,-1.022558451177533e-05,-0.07429476536818956,4.676044872651163e-05
3.835047960281372,-0.8569008754833801,-0.0013615256434254452,-2.836042397141881,-9.421839960444066e-06,-0.06927984128119367,4.364227393664077e-05
3.8359768390655518,-0.8030800880242821,-0.0012760844655008556,-2.6561560858228788,-8.374675141421044e-06,-0.0647737357187509,4.0830070765541756e-05
3.837021589279175,-0.7291181854119173,-0.0011589397231720631,-2.4099351918645033,-9.019840501412023e-06,-0.058667876632118234,3.7109386515567185e-05
3.8380510807037354,-0.6103564230027302,-0.0009703581975685383,-2.01605981782282,-7.256426927120173e-06,-0.04899431067938904,3.1013473167826734e-05
3.8390793800354004,-0.5153525271424603,-0.0008183774537597887,-1.7011284066825867,-5.534323853173696e-06,-0.04126916014237577,2.6113848186869382e-05
3.839988946914673,0.0,0.0,0.0,0.0,0.0,0.0
3.8410260677337646,0.0,0.0,0.0,0.0,0.0,0.0
3.842043399810791,0.0,0.0,0.0,0.0,0.0,0.0
3.843005657196045,0.0,0.0,0.0,0.0,0.0,0.0
3.843989610671997,0.0,0.0,0.0,0.0,0.0,0.0
3.8449761867523193,0.0,0.0,0.0,0.0,0.0,0.0
3.8460464477539062,0.0,0.0,0.0,0.0,0.0,0.0
3.847017526626587,0.0,0.0,0.0,0.0,0.0,0.0
3.848020076751709,0.0,0.0,0.0,0.0,0.0,0.0
3.8490123748779297,0.0,0.0,0.0,0.0,0.0,0.0
3.850008487701416,0.0,0.0,0.0,0.0,0.0,0.0
3.851010322570801,0.0,0.0,0.0,0.0,0.0,0.0
3.852048873901367,0.0,0.0,0.0,0.0,0.0,0.0
3.8530173301696777,0.0,0.0,0.0,0.0,0.0,0.0
3.8540351390838623,0.0,0.0,0.0,0.0,0.0,0.0
3.8550217151641846,0.0,0.0,0.0,0.0,0.0,0.0
3.8559911251068115,0.0,0.0,0.0,0.0,0.0,0.0
3.8570122718811035,0.0,0.0,0.0,0.0,0.0,0.0
3.85801100730896,0.0,0.0,0.0,0.0,0.0,0.0
3.8590025901794434,0.0,0.0,0.0,0.0,0.0,0.0
3.8599817752838135,0.0,0.0,0.0,0.0,0.0,0.0
3.8610000610351562,0.0,0.0,0.0,0.0,0.0,0.0
3.861996650695801,0.0,0.0,0.0,0.0,0.0,0.0
3.8630051612854004,0.0,0.0,0.0,0.0,0.0,0.0
3.8639800548553467,0.0,0.0,0.0,0.0,0.0,0.0
3.865011692047119,0.0,0.0,0.0,0.0,0.0,0.0
3.866041898727417,-0.4993313802887411,-0.000770648750722718,-1.6147693908129437,2.7015544821052624e-06,-0.037040414625167356,2.3878877955144306e-05
3.866971015930176,-0.8118052546190044,-0.0012519929839701145,-2.62292301896033,4.245876938826583e-06,-0.06001344989980112,3.876840546496025e-05
3.8679795265197754,-1.0190909774258565,-0.0015678364269269868,-3.2897436565152156,4.0567887540588615e-06,-0.07508076385139509,4.8662739110333527e-05
3.869006633758545,-1.2369629551825205,-0.0019004231188681886,-3.989483161085402,5.999351657625325e-06,-0.0908175898502976,5.8907338033204825e-05
3.870020627975464,-1.3971337136135218,-0.0021425123620764327,-4.50199647032456,8.651130201838622e-06,-0.10221884293641204,6.625283441339053e-05
3.8710403442382812,-1.5522674716172187,-0.0023774486409517677,-4.997372201783545,1.1104105104844267e-05,-0.11317177438843971,7.341082341857995e-05
3.871973752975464,-1.6930878277628927,-0.0025960042066088254,-5.4458176584713645,1.1466862979511163e-05,-0.12300637932451915,8.002446435936086e-05
3.8730196952819824,-1.8407153201412934,-0.0028160501317197654,-5.9153341564453,1.2783223920129237e-05,-0.1332630172127479,8.684106969113981e-05
3.874037981033325,-1.9660881439661784,-0.003002819554823186,-6.31262576958372,1.450304609047788e-05,-0.14184624456258696,9.248749380065871e-05
3.8750405311584473,-2.0547119889311127,-0.003135186847929865,-6.59126625218338,1.3270732625351117e-05,-0.14772015642765698,9.663271789730553e-05
3.8760461807250977,-2.138855012284237,-0.0032580801116240225,-6.855044485108054,1.895141870200357e-05,-0.15322895296074532,0.00010005943494729586
3.877018690109253,-0.6687122102797487,-0.0004398076848874306,-6.43198575716741,-0.0002742865610753881,-0.4253177089181571,2.4170568954563537e-05
3.878044605255127,0.11225095228629867,0.0010561870571916625,-6.165233794725938,-0.00042707401796821264,-0.5661581204323856,-1.613356044050191e-05
3.8790442943573,0.5207921294134961,0.0018460858706211896,-6.0655046485798145,-0.0005092936545050158,-0.6433389850215644,-3.725855161967957e-05
3.880052328109741,0.8138979799646053,0.002410993164475295,-5.941564953742392,-0.0005620279402895271,-0.6941017406796182,-5.2426602898619865e-05
3.881047487258911,0.8878377721861654,0.002545433168799286,-5.8814291341904905,-0.0005773882442753163,-0.704366714102314,-5.589623014410838e-05
3.882044553756714,1.0007214066927017,0.0027450463264008834,-5.717109165397379,-0.0005915728081296919,-0.7136572673145789,-6.125751469881251e-05
3.8830177783966064,0.9587134568282076,0.002663549811075341,-5.71923913203368,-0.0005849086224212637,-0.7050062324945541,-5.9015105112008456e-05
3.8840301036834717,0.8423006042895125,0.0024391729546739014,-5.693413938102975,-0.0005546768337423847,-0.6782403616202928,-5.3156795006382846e-05
3.885042905807495,0.7533605747534224,0.002281471948902576,-5.767996379390745,-0.0005383060975650077,-0.6660906440685816,-4.8697265053669535e-05
3.88606333732605,0.7420313096969244,0.002247472344462435,-5.689543963782458,-0.0005345417891679466,-0.6568031529119003,-4.781977321428474e-05
3.887005090713501,0.5664517444304189,0.0018895539821578568,-5.556948268394056,-0.0004862765120984478,-0.608192805859492,-3.8695987496842796e-05
3.8880460262298584,0.4200331224321858,0.0015960940770764639,-5.447525947536099,-0.0004424478338174954,-0.5677571791925183,-3.122626124081643e-05
3.88897705078125,0.2634177964937867,0.001274970951156455,-5.327552432005585,-0.0004010080824931227,-0.5242476600159459,-2.2932591157608898e-05
3.8899760246276855,0.15549104991643636,0.0010568237511426825,-5.250215704262251,-0.0003727868078279594,-0.49473424895637086,-1.7361237616136076e-05
3.890974760055542,0.09796709430103823,0.0009254016775178766,-5.111652191828742,-0.00035293564493168544,-0.4704376256881805,-1.4064720603942097e-05
3.8919758796691895,0.11460192730546281,0.0009296625203086576,-4.888445663801068,-0.00034044233555509206,-0.454295421042083,-1.4602456789724949e-05
3.8930323123931885,0.050370169859636826,0.0007903158958860496,-4.778068718249071,-0.0003183490016120821,-0.43106789442107113,-1.1180355137307296e-05
3.8940048217773438,-0.03545275179476115,0.0006242329636819812,-4.781624000234643,-0.0003009937351708289,-0.4133236230620253,-6.796071211594937e-06
3.8950092792510986,-0.15693705216729925,0.0003943503731616508,-4.819910279398707,-0.00027754156329140833,-0.39113252794285613,-7.317705245462572e-07
3.896029233932495,-1.73513906141038,-0.0025914815466936835,-5.46419106366457,3.164094728549386e-05,-0.11577565945075172,7.745007048176106e-05
3.8970084190368652,-1.6561502407158504,-0.0024669128716271406,-5.210970307475601,3.1772835233785475e-05,-0.11011147680515838,7.367053705873485e-05
3.8980042934417725,-1.5799595390649814,-0.0023501335695916845,-4.9670138311590675,3.248755556279639e-05,-0.1046738257118909,7.002279951590872e-05
3.8990020751953125,-1.5697674455957926,-0.0023302210829162307,-4.930807935632146,3.470793256444584e-05,-0.10363212232438974,6.924899932004438e-05
3.89998197555542,-1.515852155772727,-0.002249751969528089,-4.757466834781483,3.3552249955786056e-05,-0.09972187899593798,6.678400593223021e-05
3.901010751724243,-1.5026637695182785,-0.002231447232730133,-4.712202621605438,3.2407975232445265e-05,-0.0985134637792018,6.620467651934558e-05
3.902008056640625,-1.459254990111195,-0.0021680962174999356,-4.57234441161431,3.104919668860277e-05,-0.0953391451151841,6.423070192870052e-05
3.9030561447143555,-1.4270522815323459,-0.0021170551483979884,-4.467775421318247,2.9598198581632028e-05,-0.092912522471495,6.274669131226759e-05
3.9040446281433105,-1.374004871389251,-0.002033330197875627,-4.298230841971575,3.0189603288978962e-05,-0.08915377178928402,6.018274476796268e-05
3.905008554458618,-1.3490675324705814,-0.0019951818854323676,-4.216816334045968,3.0915012290556225e-05,-0.0872361091007276,5.890859303118474e-05
3.9060466289520264,-1.3137987433956795,-0.001938123023672775,-4.103263592460989,3.075438940271001e-05,-0.08466401925366561,5.71846204114121e-05
3.907048463821411,-1.2204983675632766,-0.0017989254861633319,-3.8088660298411825,2.9265790937117113e-05,-0.07838742712218176,5.299901893943767e-05
3.9079766273498535,-1.1509491094843858,-0.0016947948468067921,-3.5889746647770804,2.7307878064813196e-05,-0.07367014665012332,4.9902039149207135e-05
3.9090447425842285,-1.0789644816337383,-0.001585294939069526,-3.3618600035598583,2.638104936119684e-05,-0.06882961869644137,4.667130802030784e-05
3.910029888153076,-1.0179283518043774,-0.0014976463032216386,-3.1691942326948177,2.6359911414387805e-05,-0.06471702744521421,4.3880458142369135e-05
3.9109737873077393,-1.0030729402262257,-0.0014764353818444717,-3.120504431843921,2.5572325305760816e-05,-0.06355790209121638,4.3197451242156495e-05
3.911996841430664,-1.0093005629456924,-0.0014823321917856334,-3.137481827084927,2.5566900341119237e-05,-0.0637416223365788,4.341462917943472e-05
3.913020372390747,-0.9506098305934151,-0.0013945336921048117,-2.9527718970857197,2.423930762780318e-05,-0.05983567521454611,4.081524541820832e-05
3.9140493869781494,-0.9083522019529476,-0.0013289652221489695,-2.8193523271455114,2.446810460125411e-05,-0.056985755850061846,3.8833121471843285e-05
3.9150121212005615,-0.9029213069868213,-0.0013218193543329862,-2.8003820818868213,2.4186743899214037e-05,-0.05645903394553497,3.857436104506403e-05
3.9159774780273438,-0.9138429394184959,-0.001338262507791959,-2.832118791998016,2.463217411168226e-05,-0.05695395322010671,3.8985205826033436e-05
3.917048692703247,-0.9452886965940702,-0.0013826323981730535,-2.9273461440947024,2.5672709219620034e-05,-0.05871777501427789,4.025801901799198e-05
3.9180426597595215,-0.9624294981164603,-0.0014054086983383484,-2.978209620223032,2.5781192230913275e-05,-0.05958733760529088,4.0933630242131726e-05
3.918978452682495,-0.9601445701638365,-0.0014006504864939769,-2.968902033380176,2.7029991347319154e-05,-0.059249018304375935,4.0680665207733e-05
3.9200081825256348,-0.9727250463687116,-0.0014201128036153156,-3.0055781394033203,2.7340226482909286e-05,-0.05982958348686653,4.116245883490269e-05
3.9210140705108643,-0.9804648079525055,-0.001428187285300758,-3.0272522013351995,2.7389647412547324e-05,-0.060108456357286816,4.143517671559832e-05
3.922011613845825,-0.9858067932552905,-0.0014356174867501403,-3.041533698819872,2.897601118156429e-05,-0.06024127399109438,4.1500291089487325e-05
3.9230029582977295,-1.0289363088924879,-0.0014985482582908461,-3.1722926318858833,3.052646199919833e-05,-0.06267361215045725,4.3243677441604474e-05
3.9239819049835205,-1.0786851195712226,-0.0015695095780543945,-3.3232602777614573,3.104305447437928e-05,-0.06549161884535885,4.53519238911289e-05
3.925008773803711,-1.090670972485411,-0.001583284744342384,-3.3577271971679807,3.2236045808181644e-05,-0.06600288523494652,4.570116665749648e-05
3.926006317138672,-1.0857790703051136,-0.0015753979437639503,-3.3402327467899395,3.2204022036791885e-05,-0.06549262941941614,4.5425554010518836e-05
3.926999807357788,-1.0724620322353071,-0.00155388782762305,-3.2968276513255272,3.134969117999328e-05,-0.06447488524112506,4.4810749335413035e-05
3.927980422973633,-1.0920301009500948,-0.0015847029969411858,-3.354521354587961,3.218640556976181e-05,-0.06543480966071481,4.5574204014958594e-05
3.92903995513916,-1.0661325951215157,-0.0015480302063361736,-3.27258595015905,3.1049823347651844e-05,-0.06367332752270248,4.4478427187994075e-05
3.9300241470336914,-1.0401763775491173,-0.0015079294207806038,-3.190594278835714,3.064740243224683e-05,-0.061919247361236954,4.3298437601794385e-05
3.9310243129730225,-1.0430935113023942,-0.0015102337963041,-3.1971688355287755,3.126187251515961e-05,-0.06188404361942071,4.331212865335764e-05
3.9319677352905273,-1.0315079763528572,-0.0014922868194711288,-3.159300922185845,3.084262472734776e-05,-0.06098926310963192,4.276731805477051e-05
3.9330170154571533,-1.0023217445962769,-0.0014450413609791578,-3.067625261963404,3.1603881373851183e-05,-0.05906258662552692,4.132935788142723e-05
3.9340391159057617,-0.9622021877756902,-0.0013864622589510756,-2.9426314675556493,3.034902729666901e-05,-0.056504285037431295,3.961547674999027e-05
3.935014486312866,-0.9186556783707607,-0.0013211232556003564,-2.8073426349762785,2.959686336000737e-05,-0.05376105124031937,3.77233533591357e-05
3.9359757900238037,-0.8588613535876893,-0.0012352788473430053,-2.6226409496965677,2.8229258914186142e-05,-0.050088024887974696,3.518303674520479e-05
3.937039613723755,-0.7929555520252933,-0.0011425459267051601,-2.4195563429907603,2.617635194224664e-05,-0.04608315559664171,3.2453126523585814e-05
3.9380080699920654,-0.7218919528172564,-0.0010380445887238476,-2.2010194950542146,2.342624216182095e-05,-0.04180369059994928,2.9513274323993412e-05
3.9390363693237305,-0.6751159791102304,-0.0009692494758523715,-2.0567922478757703,2.2613696924332235e-05,-0.038953355076957276,2.7508210593985875e-05
3.939969301223755,-0.5740380414975127,-0.0008244224423345973,-1.7474791405484074,2.0020937537926916e-05,-0.033000593174702816,2.329419802681247e-05
3.9410111904144287,0.0,0.0,0.0,0.0,0.0,0.0
3.941992998123169,0.0,0.0,0.0,0.0,0.0,0.0
3.9430196285247803,0.0,0.0,0.0,0.0,0.0,0.0
3.943995475769043,0.0,0.0,0.0,0.0,0.0,0.0
3.9450111389160156,0.0,0.0,0.0,0.0,0.0,0.0
3.9460458755493164,0.0,0.0,0.0,0.0,0.0,0.0
3.94700026512146,0.0,0.0,0.0,0.0,0.0,0.0
3.9480249881744385,0.0,0.0,0.0,0.0,0.0,0.0
3.9490039348602295,0.0,0.0,0.0,0.0,0.0,0.0
3.949993848800659,0.0,0.0,0.0,0.0,0.0,0.0
3.9509949684143066,0.0,0.0,0.0,0.0,0.0,0.0
3.9519717693328857,0.0,0.0,0.0,0.0,0.0,0.0
3.952977418899536,0.0,0.0,0.0,0.0,0.0,0.0
3.9539759159088135,0.0,0.0,0.0,0.0,0.0,0.0
3.954976797103882,0.0,0.0,0.0,0.0,0.0,0.0
3.955984115600586,0.0,0.0,0.0,0.0,0.0,0.0
3.95697283744812,0.0,0.0,0.0,0.0,0.0,0.0
3.9579946994781494,0.0,0.0,0.0,0.0,0.0,0.0
3.9590115547180176,0.0,0.0,0.0,0.0,0.0,0.0
3.960000514984131,0.0,0.0,0.0,0.0,0.0,0.0
3.9610676765441895,0.0,0.0,0.0,0.0,0.0,0.0
3.96201753616333,-0.5950453389212289,-0.0008356498035368889,-1.7784263076648332,2.509967574863942e-05,-0.03130400914903944,2.2897148517187024e-05
3.9630367755889893,-0.9748795702265844,-0.0013653913891524276,-2.9111603979011353,4.08892222334801e-05,-0.051067508705501155,3.7431785518764775e-05
3.9639923572540283,-1.2577747210383923,-0.001759714396070285,-3.7527542371082294,5.4514599129655074e-05,-0.06560664231046515,4.8071473191731845e-05
3.964982032775879,-1.4690175044476994,-0.0020509040977159487,-4.379324561880697,6.489314669636917e-05,-0.07629936134083942,5.59294408727563e-05
3.9660415649414062,-1.7207848465046123,-0.0023985173196671285,-5.125584781296152,7.732146343332889e-05,-0.0889984259592155,6.527660530309537e-05
3.9670348167419434,-1.9294329267064176,-0.00268441906366159,-5.742241570734514,8.743644024014804e-05,-0.09936467985453876,7.300249302505189e-05
3.967970371246338,-2.127278571038654,-0.002955251018120122,-6.32569001731579,9.573936824759917e-05,-0.1090814318182616,8.039066495996839e-05
3.96903657913208,-2.2964110573854866,-0.003192099048469323,-6.822894037665819,0.00010247409692105513,-0.11724991950156553,8.673565380452845e-05
3.9700379371643066,-2.4619843780158033,-0.0034256030161882527,-7.308689020296416,0.00010993671301503135,-0.12516325877118584,9.28394502877994e-05
3.971027374267578,-2.5599409337383463,-0.0035609106796951275,-7.593019737645851,0.00011337275525823078,-0.12957430765441946,9.64240103927943e-05
3.9720215797424316,-0.9927538617959588,-0.0005902862090776517,-7.1771811645154475,-0.000232824610018514,-0.422716551625696,2.812737413457812e-05
3.9730100631713867,-0.043787238185823085,0.0012172760323380287,-6.975364827981793,-0.0004494697081548646,-0.6046192169774256,-1.3022653801501475e-05
3.9739928245544434,0.49997071025998396,0.0022492994821170778,-6.849247369621596,-0.0005736502270200415,-0.7079275116129702,-3.6338208563807016e-05
3.9750330448150635,0.8345374120829265,0.0028902897255127335,-6.796199430262368,-0.0006498288392834672,-0.773652102171859,-5.073837142625004e-05
3.9760396480560303,1.0839426460972286,0.003358794406344606,-6.7064915812050705,-0.0007062312680152867,-0.8182326503453321,-6.135797187014427e-05
3.9770381450653076,1.231392834470332,0.0036283354448816848,-6.584680028152136,-0.0007319510349410723,-0.8385367410979775,-6.768622219142605e-05
3.9780337810516357,1.3779433233640783,0.0038757544746682647,-6.39373584251376,-0.0007567603242552178,-0.852567869583804,-7.315670110733433e-05
3.9790117740631104,1.5281932458200074,0.004125960361166714,-6.172026061794816,-0.0007808922538574404,-0.8646699774018636,-7.916892345937452e-05
3.979969024658203,1.704074165990892,0.004408107198977044,-5.849232707726482,-0.0008047585066695354,-0.8732694917704561,-8.606820779997992e-05
3.9809679985046387,1.7629284205595135,0.004493684217190102,-5.670100616123343,-0.0008073451474052748,-0.8698888022297527,-8.804760199969984e-05
3.9820332527160645,1.710575750594955,0.004362649993077803,-5.513562677810976,-0.0007859570751216942,-0.8450984633656975,-8.541122290131081e-05
3.9830238819122314,1.6283793186792477,0.004161427713993439,-5.292521395226114,-0.0007532833993206552,-0.8083527101556988,-8.11233944179316e-05
3.9839820861816406,1.5055968746759834,0.0038903397260842245,-5.1148832190078295,-0.0007123886473912122,-0.7668871368174922,-7.525554880465082e-05
3.984976291656494,1.3639528432066128,0.0035728900405256584,-4.860581616269777,-0.0006582563678165016,-0.7147067061367565,-6.874116493567746e-05
3.986039876937866,1.304952649416982,0.0034129780839008746,-4.595769509696179,-0.0006237639834640072,-0.6789896092220019,-6.567273234629155e-05
3.9870355129241943,1.1044236601135693,0.002999947627853873,-4.470510971559202,-0.0005675629979576942,-0.6257755777318219,-5.656517311115544e-05
3.987973928451538,0.8724689014676852,0.002541033650168785,-4.393431252262144,-0.0005040668086900297,-0.5701893016107824,-4.6587782941323177e-05
3.989037275314331,0.5571074166782608,0.0019210438437627627,-4.335257413301705,-0.00042317785544058393,-0.49871797340997653,-3.301458879587541e-05
3.9900100231170654,0.3590991030661743,0.0015195716257295276,-4.227433712268972,-0.0003678858832455678,-0.4475685537525792,-2.444844933429111e-05
3.991009473800659,0.16938665570109301,0.0011170722947516812,-4.039266417851207,-0.00030984951253213626,-0.39109435030377626,-1.59189400714118e-05
3.9920337200164795,0.015138658582454445,0.0007962249393016971,-3.9068245519749047,-0.0002626357180688433,-0.346985700454024,-9.22113561956053e-06
3.9930121898651123,-1.5197443362097838,-0.0020696986133507756,-4.4338495560176385,7.738473012925541e-05,-0.07042463699562679,5.438295351667319e-05
3.99403977394104,-1.461842260594747,-0.001989614572108413,-4.262137638196903,7.7259527601708e-05,-0.06749658060328724,5.2014319232749915e-05
3.994999408721924,-1.4344385773855928,-0.001955195764343523,-4.179508777810102,7.442093112213844e-05,-0.06599097311399434,5.1058855926237375e-05
3.996046543121338,-1.3962936948324127,-0.0019005356366812694,-4.065708065026922,7.295397916315302e-05,-0.06400219129320495,4.954563465711333e-05
3.9970409870147705,-1.3245957804350168,-0.0017978085433290243,-3.8544186764145105,7.043687833401973e-05,-0.06049396315938565,4.6817072859135625e-05
3.9980390071868896,-1.2620867152283153,-0.0017090445342303603,-3.6701778349743828,6.656095489294432e-05,-0.05743267407407606,4.456934656925008e-05
3.999037742614746,-1.1651774728181155,-0.0015763059369833532,-3.386220708702696,6.145561576336257e-05,-0.05283414654277531,4.10940973764622e-05
3.999997854232788,-1.0639759698482765,-0.0014420477853098717,-3.0901741387663395,5.647321862747053e-05,-0.048074837968373155,3.74695175621663e-05
4.001020669937134,-0.9887717247456459,-0.0013395405035961396,-2.86994341375988,5.325261307787393e-05,-0.044517502736078664,3.470310859702172e-05
4.001973390579224,-0.9113458133856569,-0.0012339354626734165,-2.643563214301571,4.968251678087654e-05,-0.04088645268805483,3.19033327506779e-05
4.002972364425659,-0.8609586415624467,-0.0011632693258201614,-2.4958379289105923,4.801610703584531e-05,-0.038488085919177746,3.0003280955330616e-05
4.0039732456207275,-0.7958223924370177,-0.0010758062824779424,-2.3055707109524626,4.4215019519978417e-05,-0.0354492336416239,2.7705294164016442e-05
4.00502347946167,-0.681957042885212,-0.0009211198575273892,-1.9744525725765014,3.786454432221791e-05,-0.03026810092715404,2.370280595908977e-05
4.006048917770386,-0.5719403761143621,-0.0007704905454292746,-1.654897859953286,3.206091333328584e-05,-0.02529478732607756,1.9815127064332393e-05
4.007040023803711,0.0,0.0,0.0,0.0,0.0,0.0
4.008040904998779,0.0,0.0,0.0,0.0,0.0,0.0
4.009037256240845,0.0,0.0,0.0,0.0,0.0,0.0
4.01001763343811,0.0,0.0,0.0,0.0,0.0,0.0
4.011000394821167,0.0,0.0,0.0,0.0,0.0,0.0
4.0119712352752686,0.0,0.0,0.0,0.0,0.0,0.0
4.012969493865967,0.0,0.0,0.0,0.0,0.0,0.0
4.0140275955200195,0.0,0.0,0.0,0.0,0.0,0.0
4.015044450759888,0.0,0.0,0.0,0.0,0.0,0.0
4.0160417556762695,0.0,0.0,0.0,0.0,0.0,0.0
4.017041206359863,0.0,0.0,0.0,0.0,0.0,0.0
4.018041372299194,0.0,0.0,0.0,0.0,0.0,0.0
4.019047260284424,0.0,0.0,0.0,0.0,0.0,0.0
4.019972324371338,0.0,0.0,0.0,0.0,0.0,0.0
4.021003246307373,0.0,0.0,0.0,0.0,0.0,0.0
4.022007703781128,0.0,0.0,0.0,0.0,0.0,0.0
4.023010969161987,0.0,0.0,0.0,0.0,0.0,0.0
4.02402925491333,0.0,0.0,0.0,0.0,0.0,0.0
4.025012016296387,0.0,0.0,0.0,0.0,0.0,0.0
4.026001691818237,0.0,0.0,0.0,0.0,0.0,0.0
4.027002811431885,0.0,0.0,0.0,0.0,0.0,0.0
4.027971267700195,-0.6034158947257005,-0.0008014314261158014,-1.7208443229884345,3.439037016194056e-05,-0.024475628458500605,2.016040264961075e-05
4.02899694442749,-0.8804332075086768,-0.0011682084998489847,-2.508972139609125,5.0702952426191154e-05,-0.03554644836371805,2.9316692144810018e-05
4.029998302459717,-1.0625867495293522,-0.001407992651869711,-3.0257779093444497,6.175749508295595e-05,-0.04270026085996957,3.52842554410627e-05
4.031033754348755,-1.1553532569500466,-0.0015283984439063614,-3.287430740389323,6.650673189940148e-05,-0.046207642732116215,3.8356171626754885e-05
4.031972169876099,-1.2033732703147233,-0.0015963221165552898,-3.4214556170462784,6.922263928982837e-05,-0.04789842196466615,3.9902743088064936e-05
4.032998085021973,-1.200340475739691,-0.0015922493762338143,-3.410199677877111,6.954965680533153e-05,-0.047545998748684926,3.9702626056306305e-05
4.034019470214844,-1.2005013248651508,-0.0015886291164261728,-3.408009411046125,7.053517080292238e-05,-0.04731941294865488,3.9538826487646517e-05
4.035038948059082,-1.202190540953534,-0.0015892682411506726,-3.4101241082333993,7.061864683513415e-05,-0.04715009488240753,3.948498554535046e-05
4.035967826843262,-1.2179416602722113,-0.001610097646589993,-3.4520813036157807,7.159150369177897e-05,-0.04752829301231167,3.992806083678192e-05
4.037036418914795,-1.1875343589757805,-0.0015690786347965513,-3.3632149765806254,6.960659778211192e-05,-0.046105750962664394,3.8883839511385824e-05
4.037973642349243,-1.187250963744661,-0.001562679859783283,-3.35972543177294,6.929764209553458e-05,-0.04585829869815396,3.878871097437751e-05
4.039035797119141,-1.1621202899090624,-0.0015259122182381048,-3.2859809819159476,6.933632862908941e-05,-0.04465627973898573,3.776352161952169e-05
4.03997015953064,-1.108948027867491,-0.0014605269574768445,-3.1330990918689574,6.683950220324511e-05,-0.04239011258311832,3.593611033975992e-05
4.041021108627319,-1.0972731254549362,-0.0014444773443338358,-3.0976156682556657,6.592048974515085e-05,-0.041723970374851024,3.552287269431953e-05
4.04201078414917,-1.0507253761230926,-0.0013778031138920173,-2.963855399401648,6.402227253227e-05,-0.039746711635568796,3.385431268677798e-05
4.043018341064453,-1.0156602035304592,-0.0013308082550291414,-2.862650452279776,6.256285093030791e-05,-0.03821838652008095,3.260809451089194e-05
4.0439746379852295,-0.9996393480000578,-0.001310623636701054,-2.8152668166464467,6.158029332437433e-05,-0.0374194131919037,3.2038535210286565e-05
4.045038938522339,-1.0355234111847054,-0.0013578319338461917,-2.9140048056920445,6.378816902930053e-05,-0.03855835068508175,3.3119485206177725e-05
4.046005010604858,-1.0260218723903443,-0.0013411537067985028,-2.8849739107955603,6.369753192386784e-05,-0.03800275585060062,3.269009099024589e-05
4.047003507614136,-1.0518653765477615,-0.0013725692246450982,-2.9552807195638606,6.518918764314592e-05,-0.03875228355750382,3.3452297585659244e-05
4.047999382019043,-1.066394293015348,-0.0013919998646453869,-2.9936959600300685,6.655724426026454e-05,-0.03907594058278414,3.380194195037815e-05
4.049000024795532,-1.0752158535317689,-0.0014020328224414354,-3.016081990756348,6.798461118034699e-05,-0.03918985512819355,3.3937708991062024e-05
4.049995422363281,-1.0811804438174113,-0.0014080069293488377,-3.0304366863236316,6.89681586631393e-05,-0.03919811902263651,3.401788401499666e-05
4.050997257232666,-1.0991893321883468,-0.0014298536168824705,-3.078509421810187,7.108102077443128e-05,-0.03963945039597646,3.4438950117806545e-05
4.0519959926605225,-1.10982770054083,-0.0014424832597908714,-3.1059218120921384,7.152131103401396e-05,-0.03981342863192931,3.471925974360015e-05
4.052996397018433,-1.1593642580432053,-0.001505801029352036,-3.2420318442103104,7.49492679806364e-05,-0.04136862212141769,3.617392925220027e-05
4.054015398025513,-1.21266573048338,-0.001573130281214616,-3.388502763978922,7.844203595781159e-05,-0.0430434360796421,3.77497277727709e-05
4.05500340461731,-1.2409929006369282,-0.001606157589386618,-3.4649820193392964,7.992015064404205e-05,-0.04381357611468556,3.856328634574584e-05
4.056004762649536,-1.2702557270261878,-0.001648419560994916,-3.5440024150694382,8.150763773361496e-05,-0.044610471982163134,3.943073994579369e-05
4.0570008754730225,-1.3427844928858068,-0.001741338977896,-3.7435194695131435,8.702083654308699e-05,-0.046907923611510007,4.152353512551321e-05
4.058001756668091,-1.4099913209086932,-0.0018210833336354116,-3.927847519118352,9.226858902438548e-05,-0.0489884806308327,4.344229548410719e-05
4.058993816375732,-1.458862421376012,-0.0018837346568109825,-4.060843012897304,9.567656936613533e-05,-0.05040960632115645,4.482347640335273e-05
4.059969902038574,-1.4850351076439239,-0.0019176693535688833,-4.130540521092719,9.712731342758286e-05,-0.05103625457712142,4.555249020813483e-05
4.060968399047852,-1.542691406267591,-0.001991398726598437,-4.287633541677678,0.00010146299927838856,-0.052729557737625304,4.719137742110071e-05
4.061971426010132,-1.6004219832388478,-0.0020636835209667547,-4.444725549180883,0.00010490031695114784,-0.05440714439148485,4.889608849216887e-05
4.062976598739624,-1.6875978362571424,-0.0021714233156105655,-4.683271193956081,0.00011070036399382202,-0.05705736723366791,5.145472370035726e-05
4.063978910446167,-1.7895441096191933,-0.0023048073814609864,-4.962472575182198,0.00011768675384157732,-0.06017759670318864,5.4442181464509704e-05
4.064970970153809,-1.8718596934823162,-0.002405653563285222,-5.186822029996283,0.00012449211681800611,-0.06260115383599502,5.6665189453427413e-05
4.066038370132446,-1.998753373769856,-0.0025597645485563596,-5.534259140851905,0.0001339774610268427,-0.06647719761370728,6.0285382239348846e-05
4.066996335983276,-2.120863508626706,-0.002714789874206404,-5.867976216919245,0.00014238047597889134,-0.0701523344219335,6.385655053831271e-05
4.067968368530273,-2.1704913635928853,-0.0027797958844810425,-6.000780824747521,0.00014609913884479776,-0.07139744030325243,6.518943765916131e-05
4.069036483764648,-2.2541169514899755,-0.0028918111927496225,-6.227300891714227,0.00015066569059176132,-0.07373638551568222,6.77125625020626e-05
4.0700364112854,-2.325329757926208,-0.002978612344491185,-6.419333946455958,0.0001557993093134362,-0.0756521241666386,6.968571486023194e-05
4.0710248947143555,-2.3790006164022137,-0.0030396315792323818,-6.5626822674864815,0.00016051319147940353,-0.07697443131644847,7.101677073329729e-05
4.0719969272613525,-2.4489067095028085,-0.0031370807622103725,-6.750584687309342,0.000165589885505048,-0.07880160253645138,7.297323958754072e-05
4.073011636734009,-2.501973635890823,-0.003201945569081532,-6.891822793633984,0.0001703989433724488,-0.08006527716480721,7.431682520964149e-05
4.07404088973999,-2.544399881051659,-0.003250827002422326,-7.003601394173235,0.00017203938161457623,-0.0809753155263625,7.55224056367594e-05
4.075037479400635,-2.5245957001946255,-0.003222751029041495,-6.944084861651142,0.00017235380725151846,-0.07990465880408416,7.465128958580488e-05
4.0759665966033936,-2.530535054108997,-0.0032257902606548654,-6.955403963205682,0.00017170307593279878,-0.07965110067924269,7.47409895720314e-05
4.076997995376587,-2.4787446453913464,-0.0031559444376491248,-6.808082997065883,0.00016800839535808149,-0.07758355588971143,7.309710191910915e-05
4.078033447265625,-2.4549541493367975,-0.003124425288550988,-6.737915875203764,0.00016647941065862416,-0.07641436844337901,7.228130569878141e-05
4.07899284362793,-2.404137748719614,-0.003054723068461551,-6.593660466684902,0.00016197881970714018,-0.074411662552527,7.076686165229242e-05
4.080037593841553,-2.351105877636453,-0.0029949343696024596,-6.443605176238352,0.00015940878267548455,-0.07236469661931307,6.902813800612538e-05
4.081045389175415,-2.2991937995278215,-0.002928693225922232,-6.296882281800422,0.00015763006747156186,-0.07037537890556597,6.721654739311554e-05
4.081993341445923,-2.2615022937442686,-0.0028693473038621914,-6.189321576903758,0.00015588798353775984,-0.0688403303344461,6.588475585498869e-05
4.083011627197266,-2.2011838612484262,-0.002788043953452562,-6.019997159467604,0.0001525957436761342,-0.06663077719232399,6.39184115836871e-05
4.083974123001099,-2.1729749888493703,-0.002751710032556302,-5.938603402304236,0.0001513038629864841,-0.06540327003027396,6.285764275862788e-05
4.085036277770996,-2.103567093790548,-0.002660883350238859,-5.744843115399363,0.00014838389000411395,-0.0629557817472723,6.0552451093420896e-05
4.086036682128906,-2.027250939096874,-0.0025615983418827365,-5.532506488720926,0.00014253625185253212,-0.0603270743276614,5.82846293723962e-05
4.087035179138184,-1.9772172607252763,-0.00249898542213945,-5.392101205191602,0.0001374374927237211,-0.058498492821509214,5.688500410494689e-05
4.088042259216309,-1.896739664987061,-0.002398404915543598,-5.168963463645036,0.000132892410296689,-0.05579485258662284,5.4395591729006225e-05
4.089001893997192,-1.8010130905283517,-0.0022751165586376624,-4.904613327701635,0.0001267404764472023,-0.05267290701720876,5.149328407815382e-05
4.0900280475616455,-1.7411669036787736,-0.002190214165384545,-4.7382908460808855,0.00012201381911892678,-0.05062816631186402,4.972205968502745e-05
4.090993881225586,-1.6969866010816392,-0.0021361797912503107,-4.614791439289014,0.0001188460476183057,-0.04905575083654848,4.837226713399446e-05
4.091968059539795,-1.6766684928395146,-0.002110794605731646,-4.556335055715147,0.00011829256599816717,-0.04818651688691414,4.761593818537669e-05
4.093026399612427,-1.6545721766560524,-0.0020804044597350236,-4.493101750079484,0.00011669912652546032,-0.0472710500796364,4.68908354395332e-05
4.0939648151397705,-1.601645041848017,-0.002009197337706619,-4.3463288216586875,0.00011409706394592575,-0.04549089882582526,4.5158443098351586e-05
4.094998836517334,-1.5769811984384754,-0.0019768738334445617,-4.276369773059154,0.00011205574484181866,-0.04452377441430385,4.441981089900558e-05
4.09596848487854,-1.5250017841627608,-0.0019117676192910793,-4.132484251770634,0.00010951184446338719,-0.04279831386415163,4.278032720708552e-05
4.096967458724976,-1.4708618247264524,-0.0018449283246061569,-3.982927395256657,0.00010585755306196165,-0.041028354704127364,4.118126642083146e-05
4.098033666610718,-1.4178971318341855,-0.0017729853496620436,-3.836770452688142,0.00010248920593449679,-0.03931031356077125,3.9560373690354364e-05
4.099035263061523,-1.335525055849871,-0.0016689909485473962,-3.611318990090071,9.638777763407443e-05,-0.036801665674998825,3.720898106202653e-05
4.099968671798706,-1.2522095193503822,-0.0015677478276474783,-3.3836503176985886,9.053341640563181e-05,-0.03429640541109695,3.478700061769783e-05
4.1010377407073975,-1.1984254119756756,-0.0014991424778153083,-3.2360355886112644,8.679534987649031e-05,-0.032622482593318555,3.3198290311336246e-05
4.102039337158203,-1.1293171179554853,-0.0014064438074592673,-3.047228185735807,8.258843252466268e-05,-0.030547813881078512,3.111732330877894e-05
4.102997064590454,-1.0686750071762208,-0.0013285706031811993,-2.881510171462802,7.879239469384541e-05,-0.028723726494626,2.935895373647833e-05
4.104016065597534,-0.9960152555228039,-0.0012378956471291874,-2.6836467008630294,7.296361487985683e-05,-0.02659934936039615,2.735597590030461e-05
4.1050474643707275,-0.8732477860193485,-0.00108732670456164,-2.351162219201461,6.349170046009255e-05,-0.023170983911347177,2.3992694001609398e-05
4.1060402393341064,-0.7855816836030315,-0.0009766538957530454,-2.113582716258447,5.760372824412151e-05,-0.02070893137890204,2.1496369416901324e-05
4.107037305831909,-0.685319074535549,-0.0008514899188449173,-1.8424624567175079,5.010654007668936e-05,-0.01794559670067573,1.8733242197303268e-05
4.108007907867432,-0.5925888066362119,-0.0007382039100995585,-1.5919635455032923,4.375628048230223e-05,-0.015412135345352702,1.6133382761771317e-05
4.1090407371521,0.0,0.0,0.0,0.0,0.0,0.0
4.110013484954834,0.0,0.0,0.0,0.0,0.0,0.0
4.11103081703186,0.0,0.0,0.0,0.0,0.0,0.0
4.111999034881592,0.0,0.0,0.0,0.0,0.0,0.0
4.113014221191406,0.0,0.0,0.0,0.0,0.0,0.0
4.114037752151489,0.0,0.0,0.0,0.0,0.0,0.0
4.115039110183716,0.0,0.0,0.0,0.0,0.0,0.0
4.116035223007202,0.0,0.0,0.0,0.0,0.0,0.0
4.117037534713745,0.0,0.0,0.0,0.0,0.0,0.0
4.118038892745972,0.0,0.0,0.0,0.0,0.0,0.0
4.118966341018677,0.0,0.0,0.0,0.0,0.0,0.0
4.1199681758880615,0.0,0.0,0.0,0.0,0.0,0.0
4.120969295501709,-0.6661220033854385,-0.0008178294376482542,-1.7713761527356615,5.05977449552388e-05,-0.015729063770670373,1.7451718935335102e-05
4.12204384803772,-1.0600051772031398,-0.0013038879599824354,-2.8165173999946935,8.012266973225944e-05,-0.024828491624894894,2.774850360597251e-05
4.123005628585815,-1.3318984945808017,-0.0016366533257026511,-3.536099761740374,0.00010096970304690786,-0.030945398100384876,3.474922621663409e-05
4.123985528945923,-1.4982366584779618,-0.001838037921761359,-3.974482598345221,0.00011360083892600977,-0.034525546339367635,3.899263428219897e-05
4.125004053115845,-1.6282570052032195,-0.0019964736737096817,-4.315837286845428,0.00012350442361693456,-0.03720848390145177,4.2270970847835786e-05
4.12600040435791,-1.754199361794077,-0.002151483209909849,-4.6458468621871365,0.00013188775972952242,-0.03975106027484234,4.553514934929623e-05
4.126995325088501,-1.8500211563416231,-0.0022681665855786154,-4.895552812308099,0.00013901843497482298,-0.04156428226948224,4.790091662095886e-05
4.127995729446411,-1.928456992356789,-0.0023582781358202553,-5.09890436116727,0.0001464076087079704,-0.04295632328755422,4.9683628146471746e-05
4.128996849060059,-1.9251328685201456,-0.002350106723029883,-5.085955194665,0.000145796067826753,-0.0425161931370393,4.951427581694351e-05
4.130001544952393,-1.9257025436648119,-0.002357586057449055,-5.083244595845155,0.00014451537839684113,-0.04215779871270824,4.955286128591828e-05
4.13100790977478,-1.9588510547518254,-0.002397720575992355,-5.166383425624126,0.0001469512162949363,-0.04249957050201257,5.031351421979313e-05
4.131991624832153,-1.963402403304598,-0.002397624590541755,-5.174077214209118,0.0001473533004159508,-0.042219021313938565,5.02807047507665e-05
4.1330296993255615,-1.9370854642704463,-0.002360550841072377,-5.1005250364971095,0.00014748563429027676,-0.041283512122373425,4.926840560896103e-05
4.134026288986206,-1.8976511990999385,-0.0023113824033581085,-4.992635190867695,0.00014445071113863316,-0.040086172879461875,4.814449335554235e-05
4.135001182556152,-1.8043156646084095,-0.002195949622872161,-4.743128807498734,0.00013854586454309793,-0.03776740244709153,4.5538478461116345e-05
4.136013746261597,-1.7312135983759194,-0.0020965789348273054,-4.547168473949709,0.00013452375279687375,-0.03590356600682119,4.3390267044728496e-05
4.137009382247925,-1.6824255166520485,-0.0020353141480779556,-4.415321239312034,0.00013000815451569305,-0.034566019546499654,4.2104014803497636e-05
4.138000249862671,-1.6433608436098202,-0.0019919407047858514,-4.309195287203395,0.00012550277946699517,-0.03344614012023851,4.11764247963553e-05
4.138998508453369,-1.5972653750327452,-0.0019387240871766708,-4.184902445155611,0.00012197902933575033,-0.03220685324679318,3.99391920427197e-05
4.139979600906372,-1.547660061043611,-0.0018748163080499931,-4.051623069913985,0.0001180110550521954,-0.030915224896134928,3.862119156905068e-05
4.140984058380127,-1.5081689048810203,-0.0018211746125210242,-3.945042015970584,0.00011587409538580434,-0.029845030479620355,3.74487674485254e-05
4.1420698165893555,-1.4617810751877172,-0.001767699829110074,-3.8206357972081517,0.00011310240279539935,-0.02865727882694352,3.614426669055879e-05
4.143029451370239,-1.4404607368260673,-0.0017407886892198843,-3.7619057004265124,0.00011148798849758654,-0.027974828528431833,3.553324564302318e-05
4.1440465450286865,-1.4173059949582405,-0.0017107980406220978,-3.6985731430405577,0.00010938557686841939,-0.027273320706720727,3.492052913489236e-05
4.14504075050354,-1.3908958583651905,-0.001676905556912175,-3.626851318924542,0.00010764632378254378,-0.026518491696836868,3.4153736864967674e-05
4.146004915237427,-1.3652611229984835,-0.0016417456053400457,-3.5572799952051715,0.00010578143386441475,-0.025789763003581018,3.341446717716827e-05
4.147036790847778,-1.3542458351710582,-0.0016274540780350799,-3.5259288306143524,0.00010510135388612538,-0.025348476383158663,3.304981489136627e-05
4.147976636886597,-1.3506032142832354,-0.0016215092114297822,-3.5138571976239663,0.00010442699731396644,-0.02505258003332024,3.291011795161256e-05
4.149008750915527,-1.3649300763643986,-0.0016332633566726793,-3.548569689560835,0.000105972319361183,-0.025092908777139038,3.310225922360097e-05
4.149997711181641,-1.3906651841234214,-0.0016666788664207908,-3.612958147571734,0.00010853957837731331,-0.025344426066046106,3.360229655207857e-05
4.1509997844696045,-1.4197344390441593,-0.0017007737712366933,-3.6859524826807117,0.00011078986587599003,-0.025651757667252615,3.424214338689054e-05
4.152000904083252,-1.4504845440929768,-0.0017332466962661516,-3.7632636960884853,0.00011413781606271344,-0.02598532461285276,3.4831189584020465e-05
4.153006553649902,-1.467722271610128,-0.0017530340315236813,-3.8054706402654115,0.00011560381735057729,-0.026072718406502576,3.5159046787727955e-05
4.153997182846069,-1.4781590456915805,-0.0017676445327897885,-3.830038562355908,0.0001171273073682204,-0.026038797622382637,3.52900020084943e-05
4.1549975872039795,-1.5163784583183724,-0.0018162355171331074,-3.9265692796502014,0.00012067039863737178,-0.02649213684016201,3.610611657725012e-05
4.155976057052612,-1.5661395834055065,-0.0018726829011808728,-4.0528625355724905,0.00012376486969866332,-0.027136205966562948,3.7298577849252214e-05
4.157004356384277,-1.5472993151653964,-0.0018490124049235013,-4.0016481634466405,0.00012163049822136008,-0.026593333124467582,3.6840987264999055e-05
4.15803599357605,-1.5565507598018744,-0.001858540258398218,-4.023153684461608,0.00012288058449268232,-0.026539314801733317,3.691051562566242e-05
4.159044027328491,-1.5461864802088197,-0.0018425463263060573,-3.99402688332639,0.00012230867598693698,-0.026156800752573914,3.65575524741514e-05
4.159974813461304,-1.5283687349898674,-0.001821507580420332,-3.9457383531081254,0.00012125963889449423,-0.025656262488421438,3.6048750652775654e-05
4.16109037399292,-1.5212197657863058,-0.0018102870628766497,-3.925047102423427,0.0001212841465991387,-0.025339575380372934,3.575039146416157e-05
4.162008762359619,-1.5507012441294699,-0.0018481160371971246,-3.998849477913594,0.00012274574330928135,-0.025631281782546398,3.646072852313586e-05
4.163012266159058,-1.5358816749798605,-0.0018326508989450427,-3.958411075559743,0.00012161587044660777,-0.025190738129208433,3.6056093985149946e-05
4.163969993591309,-1.5302377268658598,-0.0018180635694055487,-3.941651016959198,0.00012164894338361191,-0.024903341114106543,3.5787715454364205e-05
4.165035009384155,-1.5292032067158614,-0.0018141760301816445,-3.9367932430138963,0.00012270609300877035,-0.02469352020473817,3.5600502877029296e-05
4.166035175323486,-1.5159776769265603,-0.0018033149131424283,-3.9006136273086094,0.00012150418899952697,-0.024292363386857186,3.5270607076829175e-05
4.167035102844238,-1.556964527293615,-0.0018515698130341584,-4.0039076490795065,0.0001252036718191797,-0.024758605619576598,3.6132030027408076e-05
4.1680262088775635,-1.5333431266736373,-0.0018208255770356496,-3.941034714289365,0.00012319405590513515,-0.024195729984466917,3.555235887486787e-05
4.168997287750244,-1.5691922877308164,-0.0018623090466702151,-4.030969493325822,0.00012606380164587754,-0.024567328672105024,3.631921657771323e-05
4.170025587081909,-1.528502465852799,-0.0018146991015414303,-3.9242824171272566,0.0001233706858643207,-0.023740001513135836,3.524303452523495e-05
4.170994281768799,-1.478468561572808,-0.0017517255396171376,-3.793734608132042,0.00011970972427547978,-0.02277892596553342,3.397338335955252e-05
4.171979904174805,-1.4092160509913558,-0.0016708966950045993,-3.614007788528503,0.00011349684613459891,-0.02153369045100295,3.2377516738164456e-05
4.172997236251831,-1.3763045180784572,-0.0016275177378943019,-3.5276445645635954,0.00011071644138336499,-0.020858312364437383,3.153632141027775e-05
4.174036026000977,-1.271980955513055,-0.0015019552586022819,-3.2584663299577015,0.00010257975414720472,-0.01912030045410813,2.903876558987318e-05
4.175040245056152,-1.2360885956567211,-0.0014586817009823703,-3.164749755813812,0.00010009529562945716,-0.018424992966290122,2.814464298011936e-05
4.1760358810424805,-1.1592316137812575,-0.0013697187856567144,-2.9663269797187173,9.466723335539903e-05,-0.01713449349173761,2.629849562039767e-05
4.17703652381897,-1.0933919862624781,-0.0012917486973874517,-2.7962736495853964,8.916787884891589e-05,-0.016022455297023733,2.4784797705719617e-05
4.178034067153931,-1.0451087660022413,-0.0012331066617923842,-2.6712702106845443,8.480685276411198e-05,-0.015180940562497528,2.368434319952633e-05
4.179041385650635,-0.9619622843951876,-0.0011347167975620817,-2.457329960001572,7.821089578508379e-05,-0.013848214459186261,2.175082295229837e-05
4.179994344711304,-0.8783286935436482,-0.001035540538599646,-2.2423774239214977,7.199486816550265e-05,-0.012528894760691321,1.9763636253580296e-05
4.181028366088867,-0.8065777641283101,-0.0009511206911300532,-2.057977276027483,6.522802016026771e-05,-0.011398074384053804,1.8203602138837806e-05
4.1820385456085205,-0.7723209588180339,-0.0009107382341029722,-1.96939638167464,6.24477590138375e-05,-0.010810585634891874,1.738698072601311e-05
4.183014154434204,-0.6814967320246647,-0.0008032798502152148,-1.7367524318793925,5.53953016145645e-05,-0.009447331212570964,1.5283507666938323e-05
4.184036016464233,-0.666911460708859,-0.0007848101635118352,-1.6985516124692084,5.419750237368618e-05,-0.00915439981272802,1.4926117030183468e-05
4.1849684715271,-0.6320342457525818,-0.0007429719186410102,-1.6087287303434037,5.1133213146091366e-05,-0.008588150688716805,1.4126468784062504e-05
4.185967683792114,-0.6162451368932051,-0.0007231569651344093,-1.5675526524636976,5.026251714799655e-05,-0.008286683699308942,1.3703634718672138e-05
4.187010288238525,0.0,0.0,0.0,0.0,0.0,0.0
4.187971591949463,0.0,0.0,0.0,0.0,0.0,0.0
4.189037084579468,0.0,0.0,0.0,0.0,0.0,0.0
4.189995765686035,0.0,0.0,0.0,0.0,0.0,0.0
4.191012859344482,0.0,0.0,0.0,0.0,0.0,0.0
4.192045450210571,0.0,0.0,0.0,0.0,0.0,0.0
4.193012475967407,0.0,0.0,0.0,0.0,0.0,0.0
4.194034814834595,0.0,0.0,0.0,0.0,0.0,0.0
4.195035696029663,0.0,0.0,0.0,0.0,0.0,0.0
4.195969581604004,0.0,0.0,0.0,0.0,0.0,0.0
4.196999549865723,0.0,0.0,0.0,0.0,0.0,0.0
4.198035955429077,0.0,0.0,0.0,0.0,0.0,0.0
4.1990368366241455,0.0,0.0,0.0,0.0,0.0,0.0
4.199979066848755,0.0,0.0,0.0,0.0,0.0,0.0
4.201009035110474,0.0,0.0,0.0,0.0,0.0,0.0
4.202047348022461,0.0,0.0,0.0,0.0,0.0,0.0
4.203018426895142,0.0,0.0,0.0,0.0,0.0,0.0
4.204043865203857,0.0,0.0,0.0,0.0,0.0,0.0
4.205004930496216,0.0,0.0,0.0,0.0,0.0,0.0
4.206037998199463,0.0,0.0,0.0,0.0,0.0,0.0
4.207034111022949,0.0,0.0,0.0,0.0,0.0,0.0
4.208034992218018,0.0,0.0,0.0,0.0,0.0,0.0
4.209037780761719,0.0,0.0,0.0,0.0,0.0,0.0
4.21003794670105,0.0,0.0,0.0,0.0,0.0,0.0
4.211003065109253,-0.6815408105301523,-0.0007855021630728711,-1.7020037676390356,5.628353584502531e-05,-0.006380174348717795,1.4155216821737393e-05
4.211978435516357,-1.0566367535295214,-0.0012195216938180554,-2.636723215318156,8.711198665514262e-05,-0.009715314764922788,2.190772256276675e-05
4.213054180145264,-1.2610773029693354,-0.0014547287094307908,-3.1445107262472285,0.00010378449452115148,-0.011386332866206534,2.6101668389265948e-05
4.214035272598267,-1.4421234588578444,-0.0016578163807807055,-3.59328375009034,0.00011884233872921915,-0.012786256478772828,2.9731958474742398e-05
4.21503758430481,-1.552048113582672,-0.0017851718726660483,-3.864309693318429,0.00012778118385972856,-0.0135083959379343,3.191452471654672e-05
4.215970993041992,-1.7157763575089364,-0.0019694290743122464,-4.2688113478701695,0.00014215638110215428,-0.01465612651927015,3.510481201904379e-05
4.217000246047974,-1.8146513938719675,-0.0020824671135491364,-4.511492029147875,0.0001488839855974448,-0.01520872342121988,3.7179163175961266e-05
4.218008041381836,-1.9134328837757517,-0.0021988356382481858,-4.753583719507751,0.00015864426585767132,-0.015729168604646137,3.893476782189502e-05
4.218997001647949,-2.012254985764294,-0.0023157433473452657,-4.995463379793589,0.0001669445197502079,-0.01622241113614734,4.084502431352986e-05
4.219976902008057,-2.1111068984749006,-0.002418778583296993,-5.237115160748078,0.0001745525741594952,-0.016689332328777985,4.2775794015696505e-05
4.221003532409668,-2.2075839613213084,-0.0025264033040301604,-5.472548089539326,0.00018225495669324843,-0.01710866070122489,4.4647983827941865e-05
4.221997499465942,-2.3054008324310487,-0.002642288281041072,-5.710951999369637,0.00019075503626821033,-0.017507537344697007,4.647734504661201e-05
4.222993612289429,-2.371488882876475,-0.0027127087624004734,-5.870459817577886,0.00019707536680728862,-0.017639302686229506,4.7582162589099125e-05
4.22401237487793,-2.4391869403556288,-0.0027881627572318084,-6.03377489275659,0.00020116796024200457,-0.017767360833233665,4.8927632307847657e-05
4.225005149841309,-2.4901962560799533,-0.002843084702674375,-6.155598628944506,0.00020586622673415006,-0.017755492048867307,4.977939124980492e-05
4.226019620895386,-2.502900944163821,-0.0028608033286165614,-6.182643510031227,0.00020803310729303358,-0.017462373674088223,4.9804510201633924e-05
4.22703218460083,-2.496448564265359,-0.0028540404592892307,-6.162372203543892,0.00020742135066655645,-0.017036078456495955,4.956392325310806e-05
4.2280027866363525,-2.4953971476288155,-0.0028468015435532787,-6.155441910926082,0.0002063007889138719,-0.016647431919804632,4.9484859103378087e-05
4.228997468948364,-2.4645099195917997,-0.0028112256800220123,-6.0749462644527,0.0002014359935844618,-0.01606248724625509,4.8989656626285633e-05
4.230005979537964,-2.3885513618484056,-0.002727203847255948,-5.883576883541935,0.000196756105680109,-0.015203657321095587,4.7229713757189364e-05
4.23101282119751,-2.3225819354527397,-0.002651070706316478,-5.71703123091999,0.00019218156616928285,-0.014427603497829941,4.570669402542264e-05
4.231999635696411,-2.258970833355072,-0.0025662018532096307,-5.5565965286191945,0.00018717482762957945,-0.013693125348057271,4.426077650179468e-05
4.23300576210022,-2.1663920808357315,-0.002459472288078355,-5.325200096081652,0.00017965995947244784,-0.012808804626282084,4.231197164246169e-05
4.234041452407837,-2.074315531946137,-0.002357295467108072,-5.095360388925411,0.00017197640812271223,-0.011955811199323287,4.0417621546477267e-05
4.235037565231323,-1.9849659307347516,-0.002255328602635384,-4.872603738717762,0.00016450968925740632,-0.01115237771961565,3.856604836255411e-05
4.235968589782715,-1.8642325745931052,-0.002111552769246752,-4.5731366539156015,0.000154170321406455,-0.010201569078607486,3.614855952247415e-05
4.236971855163574,-1.7880800925111606,-0.002019439574279093,-4.383364254863608,0.00014817534277376213,-0.009524078455159514,3.455965399936293e-05
4.23797607421875,-1.706526006553205,-0.0019328390300172307,-4.180646251964409,0.00014124944904557015,-0.008843868754387432,3.294481826500719e-05
4.238970756530762,-1.5869071887009187,-0.0017965415168727779,-3.8850069321016925,0.00013173356895672156,-0.007995402731856595,3.052550898985152e-05
4.2399725914001465,-1.5137231195172458,-0.0017124656797854443,-3.703397347830082,0.00012623992913736448,-0.007411684234704731,2.8987868092418857e-05
4.24097466468811,-1.4007114351890078,-0.0015850814619169597,-3.4246337386573673,0.00011640614307090863,-0.006658140106924735,2.6800331625048637e-05
4.24200963973999,-1.282825555292179,-0.0014515610890379052,-3.134358993221653,0.00010638024255552361,-0.005917146668514482,2.450788264580277e-05
4.243017911911011,-1.2406595525300002,-0.0014031301262344682,-3.0293480858878126,0.00010332515219369922,-0.005547911381065505,2.357465204419014e-05
4.243972063064575,-1.1581491238004658,-0.0013051962728146305,-2.8260439168521123,9.698520324432473e-05,-0.005017336270101634,2.1892176220507248e-05
4.245036840438843,-1.0882441603733055,-0.0012241811598638528,-2.653764819512388,9.085536667867154e-05,-0.004564777712548379,2.054652468054216e-05
4.246034860610962,-1.006936035681337,-0.0011327208911895378,-2.453932572115223,8.43551795242215e-05,-0.004086765536085267,1.893016432803678e-05
4.247035503387451,-0.9350652610354511,-0.001054243958437322,-2.277332114125269,7.792226991298686e-05,-0.003667532527990878,1.7580986873054865e-05
4.247970104217529,-0.8400254203791188,-0.0009450391205795113,-2.0445690734454764,6.97589749908058e-05,-0.0031807640344458468,1.5771348757645547e-05
4.248997926712036,-0.7941175152886175,-0.0008938825601695128,-1.9315987497810736,6.563117888952088e-05,-0.0028983967867675904,1.490900481676658e-05
4.250067710876465,-0.7727881407893624,-0.00087203559135548,-1.8785226324218944,6.394132760248113e-05,-0.0027153971885769145,1.4472349824866774e-05
4.251024007797241,-0.7308143717227202,-0.000823210076155839,-1.7753853848895618,6.0712402097169984e-05,-0.0024705989067493315,1.362581249872035e-05
4.251981019973755,-0.6811077905046423,-0.0007656812709915156,-1.6536125693458223,5.700695160130477e-05,-0.002212853876234934,1.2618125716414599e-05
4.252969264984131,-0.673217728967933,-0.0007556129314526134,-1.6334652845301034,5.6292757504434907e-05,-0.0020999617349952903,1.2449646813454114e-05
4.254032373428345,-0.7014810129574031,-0.0007848547657375824,-1.701004449951229,5.869989016693114e-05,-0.0020968147316636687,1.2917032338645061e-05
4.255005121231079,-0.7351849664142424,-0.0008229254203107405,-1.7816245257120955,6.141361879880216e-05,-0.0021000706078846344,1.3510087237847027e-05
4.255978107452393,-0.7996090296624682,-0.000894296176880519,-1.936573066809416,6.698690191941994e-05,-0.0021807220029164344,1.4648083934642928e-05
4.2570037841796875,-0.8667915080748352,-0.0009695701786174139,-2.098001719421183,7.230218533177568e-05,-0.002251252616876621,1.5876059736480226e-05
4.258007049560547,-0.8845471083568865,-0.0009890450226461979,-2.139701965578251,7.403101359170443e-05,-0.0021850966318334884,1.614545607043068e-05
4.259019374847412,-0.9131647228016755,-0.0010215550734026181,-2.207617268574238,7.686004327639648e-05,-0.0021404979506047758,1.659355292610933e-05
4.259987115859985,-0.959953380603524,-0.0010726412655145989,-2.3193588215475094,8.085511380523238e-05,-0.002129423290101421,1.7412314576111022e-05
4.261014461517334,-1.0821631516933579,-0.0012084722329760047,-2.613044560132078,9.036673157120988e-05,-0.0022608377197997553,1.966526030582934e-05
4.261998891830444,-1.175939279820531,-0.0013145892222551437,-2.8377476852114194,9.843998104375777e-05,-0.002304218370507435,2.12962710101794e-05
4.262997627258301,-1.3039385491878699,-0.001459116628563082,-3.1446949702139553,0.00010932725774693616,-0.0023845374193950655,2.354020435459659e-05
4.263998985290527,-1.3878629772712006,-0.0015500316175980533,-3.3450829054185784,0.0001161675242002719,-0.002360979981544414,2.5011437828913805e-05
4.264998912811279,-1.4625814226142275,-0.0016300802250737688,-3.5230738639874706,0.00012216672039904643,-0.002303426754657884,2.6293478930620355e-05
4.265998363494873,-1.5353154033714138,-0.0017139495686711336,-3.696081811400655,0.00012805963776337317,-0.0022248982092338307,2.7549247475927483e-05
4.267003536224365,-1.6531369802325422,-0.001840749879815102,-3.977300558838091,0.00013790271177058526,-0.002182494130058982,2.9601543105625803e-05
4.2679760456085205,-1.7296286962808773,-0.0019271981918565367,-4.158770251083523,0.0001441502886103273,-0.0020579728609304913,3.094129004371897e-05
4.268999814987183,-1.8493784120324728,-0.0020579558800183626,-4.443910459962235,0.00015506345696319346,-0.0019549763550149608,3.293636554478338e-05
4.270022392272949,-1.8961555267688055,-0.0021156398487909398,-4.5533977109403265,0.00015866772927125586,-0.001747949713687514,3.37409143864714e-05
4.271036386489868,-1.9218107132247617,-0.002146776239039722,-4.61203518413817,0.00016109426553471246,-0.0015101956739144327,3.4076804692907133e-05
4.271977424621582,-1.93689381897627,-0.002153718750036457,-4.645222315218781,0.00016147404284405257,-0.0012571808458496315,3.4313155354339116e-05
4.273017406463623,-1.9620614023913243,-0.0021792958790742066,-4.702505473908833,0.00016409086754239015,-0.0010028401393364769,3.460440742850687e-05
4.274005651473999,-2.0102255304645356,-0.0022304095761162043,-4.814756885439628,0.0001686429634464762,-0.0007472329712565562,3.52621597861395e-05
4.274968862533569,-2.051947151275324,-0.0022756259285583833,-4.911352840742412,0.00017200790629404877,-0.000469449269148674,3.589373481602423e-05
4.275972127914429,-2.0261715322295997,-0.002241228292836859,-4.846335520555262,0.00016935963283309024,-0.00017111599688565763,3.540073314305317e-05
4.27698826789856,-2.0000563176542347,-0.0022073345894445128,-4.780545130873528,0.00016781193558125393,0.0001237975094767683,3.4773795802834736e-05
4.278029441833496,-1.9403213401483084,-0.0021445696144488974,-4.634508263289153,0.00016347064788594854,0.0004068070096417068,3.3556473909385945e-05
4.279038429260254,-1.8662706331360477,-0.0020693294406335778,-4.454507393547135,0.00015687221383050198,0.0006666198190727715,3.223536808064748e-05
4.279976844787598,-1.7669774681491592,-0.00195385311384323,-4.214489207812222,0.00014795077738372116,0.0008969402736149341,3.050374337158269e-05
4.281018972396851,-1.6550100525179867,-0.0018304638392966288,-3.944520305452323,0.00013876503956485137,0.0010962640981941798,2.8484344185135163e-05
4.281996488571167,-1.5830158771833578,-0.0017515130172635672,-3.770138077297888,0.00013277653448612686,0.0012943290808617193,2.7160198523308016e-05
4.283021926879883,-1.5490533613893673,-0.0017131683241164981,-3.68648158933806,0.00012957946079738777,0.0015103879053569543,2.653791876051215e-05
4.283967733383179,-1.5031174384567854,-0.0016602996568192319,-3.5744757580273263,0.0001261142083346615,0.0017019849356104029,2.5611305569594492e-05
4.285034656524658,-1.4485903133080047,-0.001595269547374103,-3.4421887388221015,0.00012160623672717795,0.0018707370409947327,2.456700989692725e-05
4.286036491394043,-1.407822108753297,-0.0015505327889843868,-3.3427408622108787,0.00011754430798349506,0.0020445219951770416,2.384765816147319e-05
4.287037372589111,-1.4049832866376366,-0.001548558052378941,-3.333423741434615,0.00011746547043359568,0.0022671416093959437,2.3693771158004686e-05
4.2880353927612305,-1.4056542379502799,-0.0015454100538297984,-3.3324051818928417,0.00011793173987684524,0.002497942496019361,2.357615999844478e-05
4.289054870605469,-1.426215062736927,-0.001564075277360535,-3.378504815823425,0.00011990781434417552,0.002767170685518687,2.3819782281359686e-05
4.290004014968872,-1.4386564072535082,-0.0015841974015677412,-3.405268063639216,0.00012019919169969665,0.0030296650661677696,2.4043439328026564e-05
4.2910308837890625,-1.4626214933292256,-0.0016071016692250262,-3.4592155141170804,0.0001219120195177826,0.003324542141732116,2.4375210728328087e-05
4.291998624801636,-1.4767922197493246,-0.0016162625732869613,-3.4899462875837712,0.00012370694714564952,0.0036017528547006078,2.447725440824614e-05
4.293038845062256,-1.4523375600490769,-0.0015871772706885176,-3.429417514872668,0.00012192630162670567,0.0037830252170496558,2.39618487757229e-05
4.294039011001587,-1.5072407101837546,-0.0016507749900542472,-3.5562713116963267,0.00012543600890859233,0.004171512668318109,2.4907969425039765e-05
4.295038461685181,-1.5551558757012034,-0.0017010822175499017,-3.666393946189248,0.00013003923836692004,0.004562070106571917,2.5535291369147873e-05
4.296059608459473,-1.5813908342691223,-0.0017289681647783754,-3.725225732225583,0.00013178362956052059,0.004904707696476776,2.589731855199751e-05
4.297042369842529,-1.6124100421679366,-0.001759032594667907,-3.795205953575333,0.00013381287115106326,0.005272887388622067,2.637387401493417e-05
4.298016548156738,-1.6614613236173388,-0.0018117909988002803,-3.907487037989941,0.000138465349275328,0.005712540419366828,2.700874057832987e-05
4.2990288734436035,-1.6570634611198785,-0.001806601233141667,-3.893990831466503,0.00013826294572846562,0.005974897116526581,2.6814895240273238e-05
4.299978017807007,-1.6728782976983563,-0.0018196484179703585,-3.928030137073635,0.0001397407073448644,0.006306878537421952,2.695896039443182e-05
4.300980567932129,-1.6988758532098855,-0.0018461815512885774,-3.985843316886296,0.0001419263896682139,0.00668920332615841,2.7282519854677715e-05
4.301992654800415,-1.7143020333817494,-0.0018617901184496263,-4.018842997525318,0.0001428135366670112,0.007030899045295504,2.7480770403966287e-05
4.302981376647949,-1.7426725401529024,-0.001894762977965394,-4.08215231570219,0.00014471434640494924,0.007428833412927699,2.7895752448925175e-05
4.303972959518433,-1.790621365317555,-0.0019441561636686045,-4.191198967824602,0.00014940427374302866,0.007921159255145286,2.8477324073209608e-05
4.304974555969238,-1.8012835768025075,-0.0019492644292248916,-4.212882472705498,0.0001505462725582498,0.008256338784253858,2.8498581996519605e-05
4.305974245071411,-1.7932827875390271,-0.0019453366826080387,-4.1908829689764655,0.00014880487055848917,0.008508931171098954,2.8367711443867514e-05
4.306973218917847,-1.773247212306966,-0.0019244322238972658,-4.1408740756463285,0.00014679594861557725,0.00869423022237006,2.7983974296190034e-05
4.307988166809082,-1.7655700007259834,-0.0019145541928373795,-4.119835264376845,0.00014600840698388218,0.008930360259554309,2.779994026214205e-05
4.309024095535278,-1.764005367661676,-0.0019124771544953222,-4.113153086908313,0.00014614666012937208,0.0091891934986101,2.766177817627232e-05
4.310065507888794,-1.7654651328270958,-0.0019096737362923734,-4.113613463742354,0.00014578410897199813,0.009455813961321483,2.7637753718585954e-05
4.311006784439087,-1.786774403536472,-0.001932918903091525,-4.160333520251797,0.00014701271293708667,0.009827918745370071,2.7955888429289445e-05
4.311978816986084,-1.8154675535987739,-0.001960610988711955,-4.224187143398439,0.0001494843146303819,0.010245837543829978,2.8280224841342932e-05
4.313003063201904,-1.8320162857618563,-0.0019734129868054138,-4.259766468723338,0.00015103757451449218,0.010596708347499668,2.844150997232026e-05
4.314042806625366,-1.8925247500602418,-0.0020399851772477337,-4.397485256906067,0.00015612913672333873,0.011208434479488145,2.9282732471189173e-05
4.315016984939575,-0.347560349480625,0.0008211825048129893,-4.030826078585818,-0.00018331941730468488,-0.28158597552913545,-1.7631094080119367e-06
4.3159754276275635,0.4973257866128389,0.0024474470371036593,-3.9917048434319797,-0.0003811487625668336,-0.45590729635329447,-1.894603570887295e-05
4.317031621932983,0.8867403688256528,0.0032520128245899886,-4.118111937602561,-0.00048175678793333697,-0.5489639234825717,-2.7070540202304692e-05
4.31800389289856,1.1971434483735406,0.0038698949351567975,-4.1481114749470755,-0.0005550910790763971,-0.616912673535927,-3.34454789237815e-05
4.319040298461914,1.2679806830484117,0.004055597335317162,-4.2619545818305715,-0.000578437974362995,-0.6418350168355762,-3.510462290595199e-05
4.3200461864471436,1.3148612691430657,0.004219260080602416,-4.450520800116698,-0.000601971637538759,-0.6682925134464448,-3.6420129947184707e-05
4.321022272109985,1.262916861825163,0.004192033901943556,-4.635295130468868,-0.0006009517317422503,-0.6736235536302753,-3.57358136885683e-05
4.3220391273498535,1.2185908375363383,0.004122405383125505,-4.6733900926127,-0.0005932057491489061,-0.6676497171702781,-3.481650365167396e-05
4.323019742965698,1.2700407325946905,0.004196496288184103,-4.603785255693838,-0.0006001224946712777,-0.6723495459678709,-3.568265158492052e-05
4.323975086212158,1.1851134157458736,0.004022483424495283,-4.575496240522832,-0.0005794970051795008,-0.6519914101650883,-3.374686793128311e-05
4.324970960617065,1.1756322299062507,0.003998584267898965,-4.553993653365105,-0.0005748086510031808,-0.6481043438633639,-3.3414668631102046e-05
4.326005697250366,1.1265107810861337,0.0038449521520816255,-4.396761882576422,-0.000553875159669243,-0.6239327987991761,-3.197317802855227e-05
4.327035188674927,1.0826495542967676,0.0036564958422333786,-4.126796733334964,-0.0005260097325575114,-0.5909474671710662,-3.0464528488995965e-05
4.328059673309326,0.978329136352436,0.0033558789493339184,-3.857192500152978,-0.00048391959102313346,-0.5452732894912923,-2.7681549505149474e-05
4.329017877578735,0.8112535279456268,0.002898159597606654,-3.4977218075543166,-0.00042113477614925217,-0.47848717426186577,-2.355808297804311e-05
4.330014944076538,0.6295920096087122,0.002443140350611735,-3.219785362069392,-0.0003594762629444043,-0.41580719779921016,-1.9395916160903973e-05
4.3310041427612305,0.35131316781280275,0.001801113124382037,-2.947326410137687,-0.00027577685190043196,-0.3332809627125811,-1.327388538304519e-05
4.331973314285278,-1.3183686453546761,-0.0014131610398782802,-3.0316701326203472,0.00010780533022489185,0.010597743904949905,1.957368050259065e-05
4.333000659942627,-1.0603868873540094,-0.0011339182865387517,-2.437154064645316,8.697602628561752e-05,0.008635804750890206,1.5678547702651412e-05
4.334015846252441,-0.8318543714538823,-0.0008910424141859642,-1.9109107931795357,6.83409327869201e-05,0.006861980405175496,1.2250137782046273e-05
4.335001707077026,0.0,0.0,0.0,0.0,0.0,0.0
4.336041688919067,0.0,0.0,0.0,0.0,0.0,0.0
4.337038040161133,0.0,0.0,0.0,0.0,0.0,0.0
4.338049650192261,0.0,0.0,0.0,0.0,0.0,0.0
4.339002370834351,0.0,0.0,0.0,0.0,0.0,0.0
4.339972972869873,0.0,0.0,0.0,0.0,0.0,0.0
4.341033220291138,0.0,0.0,0.0,0.0,0.0,0.0
4.342002630233765,0.0,0.0,0.0,0.0,0.0,0.0
4.343007326126099,0.0,0.0,0.0,0.0,0.0,0.0
4.3439741134643555,0.0,0.0,0.0,0.0,0.0,0.0
4.3450071811676025,0.0,0.0,0.0,0.0,0.0,0.0
4.346041440963745,-1.6118817310398121,-0.002935458706991416,-0.502460916712645,0.0003403927907560631,0.2949232642155733,2.9704389558543815e-05
4.347041130065918,-2.459298196483511,-0.0044836118742298805,-0.7660937550014122,0.0005184608525332362,0.45001995311581894,4.5228472562833416e-05
4.347973823547363,-2.924478993791874,-0.005330236789003112,-0.9103670674930155,0.0006164227994356949,0.5351979147830744,5.365828083931161e-05
4.349048614501953,-3.1985622341264506,-0.005832064099533617,-0.99498524248723,0.0006738756619593494,0.5854186142492637,5.8566432747103486e-05
4.350031137466431,-3.3003770834668393,-0.006022067046069122,-1.0259220912444704,0.0006941744735929767,0.6041180127884985,6.0290390392691814e-05
4.350999116897583,-3.277608968960011,-0.005978993626075234,-1.0181008503544804,0.0006899787038402893,0.6000158695661296,5.9756963294782254e-05
4.352029323577881,-3.2245163075738663,-0.0058867427988599005,-1.0008635637080205,0.0006774513828163274,0.5903620608831553,5.864235812461205e-05
4.353006839752197,-3.200967250486687,-0.005849559909398921,-0.9927958660443809,0.000670934894182041,0.586117301608348,5.8071948629511546e-05
4.354001522064209,-2.9939992383189895,-0.005457164722717553,-0.92788192405706,0.0006290893603944908,0.5482836629190591,5.4162334740278804e-05
4.35499906539917,-2.7719933342968432,-0.005053049055547925,-0.8584070368609366,0.0005817765781620565,0.5076874239792811,5.0016759270294325e-05
4.356003761291504,-2.504031136682865,-0.004574653659604689,-0.7748185432763264,0.0005235870614150615,0.4586639854569195,4.507819582863953e-05
4.356999635696411,-2.1363002817551786,-0.003899585826317273,-0.6604996357656685,0.0004471225043549845,0.3913534948908823,3.8367266983061514e-05
4.35800576210022,-1.8721024174028775,-0.0034159647517080604,-0.5783481545185473,0.00039214092562578134,0.34299560745790025,3.354936804412762e-05
4.359023094177246,-1.6213146641924598,-0.0029582932693635196,-0.5004552153225614,0.0003392797790098179,0.29708445686713664,2.897853693578551e-05
4.359979152679443,0.0,0.0,0.0,0.0,0.0,0.0
4.360971212387085,0.0,0.0,0.0,0.0,0.0,0.0
4.361969470977783,0.0,0.0,0.0,0.0,0.0,0.0
4.362969875335693,0.0,0.0,0.0,0.0,0.0,0.0
4.363969802856445,-0.741418036082352,-0.0007817326750599833,-1.6742709932713442,6.054623582808745e-05,0.008658481941831133,1.0067368315134793e-05
4.364972114562988,-1.1631391965841686,-0.00122528430205578,-2.6248216236688617,9.46808113777067e-05,0.013740144051546803,1.576961739165543e-05
4.366046905517578,-1.4951267583879133,-0.001571324089929637,-3.3717406443398548,0.00012206437643106715,0.017861441055954986,2.017356094522547e-05
4.36699652671814,-1.7148571961138936,-0.0018024483455036065,-3.864609935920334,0.00013979177967008192,0.02072022031003331,2.307415031503842e-05
4.368046283721924,-1.8946447724917537,-0.0019930065798927483,-4.266865147021166,0.00015389867353703498,0.023149062319041878,2.546029628250852e-05
4.369044065475464,-2.0194520403679226,-0.0021217717971801636,-4.5447967976948505,0.00016428588046006037,0.02495052199875311,2.700413644440319e-05
4.370030879974365,-2.119479876729468,-0.002225683393441603,-4.766543447227629,0.0001724169436018752,0.0264826704083415,2.8237215070342667e-05
4.371027231216431,-2.223415115240903,-0.002331020494606022,-4.996732493792073,0.00018066911698213286,0.02809400391474764,2.955893719679571e-05
4.371972322463989,-2.345574848779346,-0.0024659311184778696,-5.26752634090295,0.00018957871314807925,0.029966550928154964,3.11933910714922e-05
4.373014211654663,-2.4416633166327126,-0.002567007119862024,-5.479413091289543,0.0001974929084884259,0.03153752813575718,3.232585270307383e-05
4.374032974243164,-0.8511037178454139,0.0004116634155952089,-5.152285761988572,-0.0001414023256138912,-0.2743289178250747,4.479936413536941e-06
4.375008821487427,-0.13456753319727355,0.0017806165345084454,-5.084365226914533,-0.0002988222964187263,-0.41911108258927265,-8.112801399619117e-06
4.376001834869385,0.3239014711415056,0.0026658085694507496,-5.054725366577969,-0.0003991977316893029,-0.5129646280105862,-1.621132500475231e-05
4.377065896987915,0.5895341240970793,0.0032045589416758785,-5.100415192715835,-0.0004635018335943693,-0.5728744240949041,-2.0957205988580234e-05
4.378013849258423,0.7009276355444873,0.0034540565579012665,-5.164397471312533,-0.0004913523256741126,-0.6019420539179571,-2.3065665463033525e-05
4.379007816314697,0.7130381515959932,0.003500198179365543,-5.21259764679512,-0.0004980401323704544,-0.6087317191572743,-2.330223477165355e-05
4.379976987838745,0.7138933463410635,0.003517747564986994,-5.2412899265338195,-0.0005003616386646442,-0.611436572071307,-2.3304692878162823e-05
4.381019592285156,0.7224259330287133,0.0035011085730919872,-5.156296851999536,-0.0004964139516930048,-0.6057524403112855,-2.3087480257899283e-05
4.382038593292236,0.759938160827355,0.003556560829451616,-5.10677838476196,-0.0005024112516611269,-0.6092873841708926,-2.3588747904640676e-05
4.3830084800720215,0.6354510762063303,0.003338929696250038,-5.159688690710621,-0.0004776133298739952,-0.587751415241046,-2.1479835733313075e-05
4.383976459503174,0.5459464193884598,0.0031717010340385527,-5.165672052996813,-0.00045449347290453117,-0.5694461816235792,-1.992986571939372e-05
4.385047674179077,0.41275860604844405,0.0029287304676079225,-5.198068481115222,-0.00042567629351202864,-0.5442743570539201,-1.7821660419319144e-05
4.3860414028167725,0.39284521559948793,0.002852093857239831,-5.103228677208495,-0.00041508058199675116,-0.5317386781957593,-1.7245064117856873e-05
4.387059211730957,0.2624334663075274,0.0025984174744610147,-5.094833635772526,-0.00038483795748521185,-0.5035612890371826,-1.505744027615544e-05
4.387986183166504,0.15793808835072198,0.002362881919443671,-5.010671773229509,-0.00035632712751306936,-0.47416922454824617,-1.3028749658409986e-05
4.389005661010742,0.05918507464903877,0.002136265352877907,-4.917017671828976,-0.00032676372790950317,-0.44515003845180673,-1.1160681404684374e-05
4.390036344528198,-0.08422442827331666,0.0018254318631346872,-4.838097961278763,-0.0002903825965424871,-0.4080317536253192,-8.453251232319543e-06
4.391036033630371,-0.14461799020058264,0.0016820766271820236,-4.7664674800355895,-0.0002719250321946726,-0.389021469461809,-7.350520633837646e-06
4.3920440673828125,-0.17554719756179438,0.0015425032268516431,-4.565652845789966,-0.00025114386128965077,-0.3648422819798143,-6.426563182077043e-06
4.39300274848938,-0.22365082247604606,0.001377041648497281,-4.38329791457583,-0.00023096984833348978,-0.33867404787318445,-5.169473738287383e-06
4.39404559135437,-0.3388609241790732,0.0010994360972753107,-4.25385464017819,-0.0001971532495350362,-0.3030428427812656,-2.909971154398353e-06
4.395076036453247,-0.37136242443227596,0.0009550211220619082,-4.053165997073811,-0.00017643797202965072,-0.27854393113416887,-1.9862035361159205e-06
4.395984888076782,-1.9580156778436066,-0.0020278590670876322,-4.3242339890196,0.0001547530896563712,0.03143384413134333,2.4109636487493298e-05
4.397028923034668,-1.8390696041400898,-0.001902912694684415,-4.058865826385888,0.0001449291699974755,0.02975999243785762,2.2593928088589723e-05
4.398003339767456,-1.7650538177639263,-0.001823826835881693,-3.8929619849911847,0.00013897518447776334,0.028786611495027124,2.1597011875994047e-05
4.399043083190918,-1.64470285612495,-0.0016941092332420687,-3.625157684123425,0.00012981546011670133,0.027031550335225984,2.0030051309316743e-05
4.40000319480896,-1.5864690747207366,-0.001638601269814024,-3.4945629362666892,0.0001250397325625371,0.026271503964713346,1.9270759406046216e-05
4.401020288467407,-1.5069949480504818,-0.0015564013615225404,-3.317404440180529,0.00011911156925456092,0.02514009820392635,1.8211298128409447e-05
4.401996850967407,-1.419607575043547,-0.0014641073427640132,-3.123109605032186,0.00011194727964978188,0.023851742662192765,1.7135176377669497e-05
4.40299654006958,-1.3944131306453023,-0.0014373093991330796,-3.0657914977380107,0.00010983006879477181,0.02359482569999864,1.6795020327206167e-05
4.404005289077759,-1.3313802408484432,-0.0013694755283244547,-2.9254257937336625,0.00010458711060670971,0.022684888973672646,1.6017890515932793e-05
4.404999732971191,-1.2686390303793706,-0.0013067569701605583,-2.7858679585338355,9.948172586955838e-05,0.021765230612775688,1.522600798546849e-05
4.4059953689575195,-1.2722393088060833,-0.0013124582838935142,-2.7921135704582536,0.00010001200579878202,0.02197311613181031,1.5189306269766904e-05
4.406998634338379,-1.2924800389653779,-0.001331994111080276,-2.834895859934533,0.00010153884052903864,0.022466923492055174,1.538853727507243e-05
4.407989740371704,-1.2713715836871282,-0.0013056762190570114,-2.7869968351816325,9.991048457279436e-05,0.02224081874806342,1.5064389912424366e-05
4.408976316452026,-1.246118688646834,-0.0012783115318778498,-2.7300785297192234,9.77542976292955e-05,0.02193642119094349,1.4732134302921573e-05
4.409976482391357,-1.2160110995674527,-0.0012490391082048936,-2.6626349125476567,9.531184594290997e-05,0.02153682424120981,1.434602981046313e-05
4.410975694656372,-1.1696076847101093,-0.001202510527895896,-2.559611593094351,9.142914765428039e-05,0.02083959975809772,1.378308752843461e-05
4.411972999572754,-1.1482232693009657,-0.0011802877322787321,-2.5114026279643373,8.950744546019473e-05,0.02058270811685673,1.3532413495864778e-05
4.41297173500061,-1.1919669155088983,-0.0012237400440050588,-2.6056575433825415,9.269306847044321e-05,0.021491936950845725,1.403544006191444e-05
4.413969993591309,-1.2655582513657284,-0.0013007427910749108,-2.76503551618718,9.826977450609038e-05,0.02295029063921096,1.4870179600208203e-05
4.415040731430054,-1.3403318749968254,-0.0013795815664733467,-2.926829436241309,0.00010376159341966445,0.024444794350591614,1.573625853983441e-05
4.416001081466675,-1.4129666949054518,-0.0014498042421213012,-3.0838099688858422,0.00010965596802983474,0.02591287035418253,1.6515270776214463e-05
4.417022466659546,-1.5039734257671835,-0.001541222466198501,-3.2807174663547265,0.00011611873922283284,0.027732823529052077,1.7584294257369633e-05
4.418001890182495,-1.584854800506537,-0.001624910541849372,-3.4553264179143404,0.00012263216382025577,0.029384675097976258,1.8440136757938768e-05
4.419040203094482,-1.6467933377606363,-0.0016851490886591223,-3.5884903982104013,0.00012719151738141234,0.030698110019646414,1.9153186783809368e-05
4.419973611831665,-1.7132096265901813,-0.0017587928797372738,-3.731248030541733,0.00013206377998794373,0.0321094251399273,1.989107279762312e-05
4.421036720275879,-1.7846581531670132,-0.001837614804583921,-3.884793981056184,0.00013787606680839925,0.03363015154941773,2.0598729981031522e-05
4.422016143798828,-1.7697016989932333,-0.001813647256309499,-3.8501910851332655,0.00013631192722442795,0.03352836644136473,2.0428061087331233e-05
4.423019170761108,-1.817177132806486,-0.001859374209185867,-3.9513932233142297,0.0001396312536843397,0.03461140727814206,2.0961443450387344e-05
4.423974275588989,-1.8068461500785313,-0.001851717822820319,-3.92685783104923,0.0001383645064675514,0.0345968849821792,2.079082490544757e-05
4.425047397613525,-1.8037189798804631,-0.0018438957811594448,-3.917984323078975,0.00013853392787501503,0.03471979654022418,2.0638987144200706e-05
4.425995349884033,-1.7707569439438673,-0.0018089690982293167,-3.8443336804258874,0.00013580117354627564,0.034265841139503164,2.025134664664447e-05
4.427001237869263,-1.686610982791352,-0.0017245661217552466,-3.6596584037998037,0.0001287830220480691,0.032812957978289065,1.9315319700875864e-05
4.42798113822937,-1.576820264557921,-0.0016138818475933637,-3.4195800594949795,0.00012042653945994739,0.03083988931629062,1.799853070386362e-05
4.42898416519165,-1.4374027958324342,-0.0014726783395953636,-3.115554399170335,0.00010956228259664836,0.028260716833524976,1.6383848799201717e-05
4.430044889450073,-1.280266543832739,-0.0013092648132415786,-2.7734434603611495,9.74842011659989e-05,0.02530501635031774,1.4561832184617539e-05
4.4310142993927,-1.170009862168958,-0.0011935988514110971,-2.5332194012458196,8.92057196795399e-05,0.0232467305435889,1.325926478882911e-05
4.432007551193237,-1.0300358197462545,-0.0010523869279285827,-2.2289291725241385,7.874053096503548e-05,0.020573737486682436,1.1599164826178475e-05
4.433003187179565,-0.8919059797756964,-0.0009103942182836877,-1.928939484637996,6.804224649182509e-05,0.017910315795551746,1.0028560007578209e-05
4.43400502204895,-0.7546526018128512,-0.0007687341002980461,-1.6311850417565368,5.7463828969903066e-05,0.015234600097072504,8.463969665268358e-06
4.43500280380249,0.0,0.0,0.0,0.0,0.0,0.0
4.43600606918335,0.0,0.0,0.0,0.0,0.0,0.0
4.437002420425415,0.0,0.0,0.0,0.0,0.0,0.0
4.438020706176758,0.0,0.0,0.0,0.0,0.0,0.0
4.4390130043029785,0.0,0.0,0.0,0.0,0.0,0.0
4.440002679824829,0.0,0.0,0.0,0.0,0.0,0.0
4.4409990310668945,0.0,0.0,0.0,0.0,0.0,0.0
4.442002773284912,0.0,0.0,0.0,0.0,0.0,0.0
4.443000793457031,0.0,0.0,0.0,0.0,0.0,0.0
4.443983554840088,0.0,0.0,0.0,0.0,0.0,0.0
4.444977045059204,0.0,0.0,0.0,0.0,0.0,0.0
4.446026802062988,0.0,0.0,0.0,0.0,0.0,0.0
4.447028398513794,0.0,0.0,0.0,0.0,0.0,0.0
4.447984933853149,0.0,0.0,0.0,0.0,0.0,0.0
4.449032545089722,0.0,0.0,0.0,0.0,0.0,0.0
4.45003604888916,0.0,0.0,0.0,0.0,0.0,0.0
4.4510252475738525,0.0,0.0,0.0,0.0,0.0,0.0
4.451967716217041,0.0,0.0,0.0,0.0,0.0,0.0
4.452992916107178,0.0,0.0,0.0,0.0,0.0,0.0
4.454009056091309,-0.7683319743852819,-0.0007739097960750306,-1.640321992552262,5.745327117260484e-05,0.01730868873890829,8.08942397736986e-06
4.454999208450317,-1.1889820806851774,-0.0011993217323521517,-2.536729449099565,8.899296246302855e-05,0.026929603013101915,1.2449082306213396e-05
4.456002473831177,-1.506397132324705,-0.0015169375327705153,-3.211817670422287,0.00011231275629918986,0.03430595626062911,1.5771038347804338e-05
4.457003593444824,-1.6874834491537074,-0.001695834270496799,-3.5955357199141926,0.0001258706308501206,0.03863932298060266,1.7589553075222726e-05
4.458000183105469,-1.902296438402101,-0.001915436431585444,-4.050552650942332,0.00014163196101261378,0.04379448020690793,1.9801982011425745e-05
4.458993911743164,-2.0661450502749026,-0.0020803149664458836,-4.39653186057457,0.00015358696339126172,0.04782205303963417,2.1448701293938118e-05
4.45999813079834,-2.221514014322251,-0.0022337502098588127,-4.724072594523815,0.00016520915434866537,0.05168809382510388,2.294464246637483e-05
4.460999250411987,-2.338712279710689,-0.002347418618313048,-4.970021160820827,0.0001736591178038685,0.05470313144009784,2.4052939916303262e-05
4.462035894393921,-2.4170054743249825,-0.0024265457094444216,-5.133033436818621,0.00017911721179279577,0.05683093719523078,2.4809591392856255e-05
4.463012933731079,-2.4758826733765837,-0.002480108136493243,-5.254590915842535,0.0001832336254381149,0.058521638597339144,2.5358969331274478e-05
4.464001893997192,-2.5960519381071308,-0.002603776944892692,-5.505991249084763,0.00019173554155107374,0.06168202004580754,2.6526650181397657e-05
4.465038537979126,-2.6787690360910186,-0.002692901748760084,-5.67765406795217,0.000197783391462601,0.06397936909548428,2.7255062914175723e-05
4.46603798866272,-2.7939267863653687,-0.0028030574350998974,-5.917756508651646,0.0002060694953029187,0.06707953991949492,2.837533932335416e-05
4.467038631439209,-2.888449894084683,-0.00290698345523342,-6.113806522802575,0.00021256990075325778,0.06971480029807849,2.926617021185756e-05
4.467966556549072,-1.3362003472742074,3.969320058792424e-05,-5.86558728703838,-8.912944204841365e-05,-0.23503513411982313,8.01134871895896e-06
4.46903395652771,-0.42161125343900396,0.0017840940072868954,-5.737774841230378,-0.00026765144649203436,-0.41621713784318726,-4.486846740068988e-06
4.469967842102051,-0.09683263666546038,0.0024894892557904757,-5.876384848120828,-0.00034390316853471874,-0.49674821770700106,-9.226092742819971e-06
4.470964193344116,0.13724998798454147,0.0029760921380008807,-5.928984181114438,-0.00039590717803635706,-0.5506279274287142,-1.2534077774962332e-05
4.471967458724976,0.21159953358294903,0.003175194912797493,-6.038360547994382,-0.00041591465825073113,-0.575896191160593,-1.363652704839406e-05
4.4729673862457275,0.3097194800255494,0.003404583331795287,-6.110654033771332,-0.00043858150201071333,-0.6029024501615726,-1.5121261911234162e-05
4.473963737487793,0.41334597897768655,0.003636822960405419,-6.166193894761427,-0.00046451787223583235,-0.6295929630607262,-1.6631969888830616e-05
4.474984169006348,0.45953461091097614,0.0037454179764843487,-6.1988045254575,-0.00047515331844873854,-0.6421807849159038,-1.724376514468208e-05
4.476033449172974,0.5499459292229552,0.003900159749646776,-6.137016149741254,-0.00048820505272717253,-0.6557659466071486,-1.8360377029502644e-05
4.4770519733428955,0.5336886767850344,0.00388320076972586,-6.157722976766534,-0.0004862302434022673,-0.6541676201079445,-1.8217742903139944e-05
4.478037357330322,0.5184409354072073,0.0038335912984094078,-6.10533418565429,-0.0004782153922842692,-0.6463492859526061,-1.7858054249017826e-05
4.4790358543396,0.5009171706425337,0.0037651397101680314,-6.022390635171108,-0.0004698858662515742,-0.6353632523496989,-1.7530274557833435e-05
4.479971647262573,0.4958139930706258,0.0036961845618950135,-5.88388148079709,-0.00045916793883842645,-0.6221007417486009,-1.7180731276625485e-05
4.4809653759002686,0.4274877767991794,0.0035282373154833127,-5.804648792645012,-0.00043947218268915736,-0.600752435106675,-1.6080463109433325e-05
4.482032060623169,0.502358899438812,0.003615957620643082,-5.670284486644315,-0.00044598524383259797,-0.604681257643201,-1.6802657379642047e-05
4.483012676239014,0.4181363482809175,0.0034394585210718825,-5.639817139529187,-0.0004274032129085801,-0.5842797101261712,-1.5592974944604936e-05
4.483966588973999,0.39417951492321635,0.0033293946902406895,-5.497406106402275,-0.0004125580419587478,-0.566707025339842,-1.5031597279160835e-05
4.484962463378906,0.3580455627932482,0.0032147595374984175,-5.399488143263415,-0.0003995254487883873,-0.5504876631170388,-1.4335402242157531e-05
4.486038446426392,0.44493722572440086,0.0032941340929115914,-5.194424581047702,-0.0004037277901970771,-0.5507240731551298,-1.5138556640328994e-05
4.487038612365723,0.34021915566422,0.0030818716155063845,-5.172271391196793,-0.00038064151550200656,-0.5267419170414943,-1.3717333351080847e-05
4.48803973197937,0.37434098633350743,0.0030580173532133628,-4.9736270778787075,-0.00037728984427056573,-0.5164404481718144,-1.3713708928602138e-05
4.489039897918701,0.30854793434307437,0.002896183941644134,-4.900144003715483,-0.00035927190184971213,-0.49613108497153247,-1.2639522554838856e-05
4.490030527114868,0.29281550062005923,0.0027641577273278452,-4.668811294593615,-0.0003388371618400788,-0.47246371001746346,-1.2136074703130885e-05
4.490993976593018,0.31278651879751607,0.002687589819655526,-4.418274220905124,-0.0003279337849813541,-0.4546183510653943,-1.1888703126551064e-05
4.491968393325806,0.2668573273984971,0.00248802226021105,-4.180982762759049,-0.0003047408413454594,-0.4240732043911592,-1.0885469039256356e-05
4.493014812469482,0.32791297975535194,0.002467185178400762,-3.880796923353532,-0.0002979968132697709,-0.41050296034914124,-1.1120664406173364e-05
4.494032621383667,0.3477740680859407,0.0023782609674763092,-3.606396245342875,-0.0002858229554704861,-0.39053447475725633,-1.0845359868549276e-05
4.494993686676025,0.30077300221065584,0.002139459339177436,-3.2896638198988275,-0.0002570927159687536,-0.35277300328928507,-9.678127848992133e-06
4.496039867401123,0.42165706954932247,0.002226563225697962,-2.9647205913646046,-0.0002607175109095517,-0.34961200505037004,-1.0648404852205166e-05
4.497036933898926,0.4051583842559263,0.00205368945169533,-2.6647153814026936,-0.0002400557869348422,-0.31974022567409416,-9.897069940277941e-06
4.498033761978149,0.4027199721073804,0.0018717288308983233,-2.2868229483049376,-0.00021659888508044652,-0.28597265490305257,-9.141537919266589e-06
4.4989914894104,0.45246903001096905,0.0018610224406169276,-2.055886733936572,-0.00021261525227145344,-0.27611746949571886,-9.33338520592154e-06
4.4999682903289795,-1.0235180973328963,-0.0010066849465501882,-2.1226248183079655,7.28110686074434e-05,0.02855719447585647,9.28365543411081e-06
4.501009702682495,-0.8603024616797668,-0.000847446169560107,-1.7832461278181932,6.128113772600246e-05,0.024081954647770538,7.763779127677999e-06
4.502035140991211,0.0,0.0,0.0,0.0,0.0,0.0
4.503019332885742,0.0,0.0,0.0,0.0,0.0,0.0
4.503973007202148,0.0,0.0,0.0,0.0,0.0,0.0
4.505003213882446,0.0,0.0,0.0,0.0,0.0,0.0
4.505996227264404,0.0,0.0,0.0,0.0,0.0,0.0
4.507025957107544,0.0,0.0,0.0,0.0,0.0,0.0
4.508036136627197,0.0,0.0,0.0,0.0,0.0,0.0
4.5090391635894775,0.0,0.0,0.0,0.0,0.0,0.0
4.509993314743042,0.0,0.0,0.0,0.0,0.0,0.0
4.511033058166504,0.0,0.0,0.0,0.0,0.0,0.0
4.511995077133179,0.0,0.0,0.0,0.0,0.0,0.0
4.513012170791626,0.0,0.0,0.0,0.0,0.0,0.0
4.514034748077393,0.0,0.0,0.0,0.0,0.0,0.0
4.5150370597839355,0.0,0.0,0.0,0.0,0.0,0.0
4.516030788421631,0.0,0.0,0.0,0.0,0.0,0.0
4.517037868499756,0.0,0.0,0.0,0.0,0.0,0.0
4.51796817779541,0.0,0.0,0.0,0.0,0.0,0.0
4.51896595954895,0.0,0.0,0.0,0.0,0.0,0.0
4.5199668407440186,0.0,0.0,0.0,0.0,0.0,0.0
4.520968198776245,0.0,0.0,0.0,0.0,0.0,0.0
4.5219643115997314,0.0,0.0,0.0,0.0,0.0,0.0
4.523000955581665,0.0,0.0,0.0,0.0,0.0,0.0
4.523975133895874,0.0,0.0,0.0,0.0,0.0,0.0
4.525028705596924,0.0,0.0,0.0,0.0,0.0,0.0
4.526041746139526,0.0,0.0,0.0,0.0,0.0,0.0
4.527034759521484,0.0,0.0,0.0,0.0,0.0,0.0
4.527968883514404,0.0,0.0,0.0,0.0,0.0,0.0
4.529037952423096,0.0,0.0,0.0,0.0,0.0,0.0
4.529996871948242,0.0,0.0,0.0,0.0,0.0,0.0
4.531003713607788,0.0,0.0,0.0,0.0,0.0,0.0
4.531973123550415,0.0,0.0,0.0,0.0,0.0,0.0
4.532966136932373,0.0,0.0,0.0,0.0,0.0,0.0
4.534032583236694,0.0,0.0,0.0,0.0,0.0,0.0
4.535006999969482,0.0,0.0,0.0,0.0,0.0,0.0
4.536022901535034,0.0,0.0,0.0,0.0,0.0,0.0
4.537004232406616,0.0,0.0,0.0,0.0,0.0,0.0
4.537972927093506,0.0,0.0,0.0,0.0,0.0,0.0
4.539018869400024,0.0,0.0,0.0,0.0,0.0,0.0
4.539984941482544,0.0,0.0,0.0,0.0,0.0,0.0
4.541001081466675,0.0,0.0,0.0,0.0,0.0,0.0
4.541991710662842,0.0,0.0,0.0,0.0,0.0,0.0
4.542997598648071,0.0,0.0,0.0,0.0,0.0,0.0
4.544072389602661,0.0,0.0,0.0,0.0,0.0,0.0
4.545011758804321,0.0,0.0,0.0,0.0,0.0,0.0
4.546013116836548,0.0,0.0,0.0,0.0,0.0,0.0
4.547009468078613,-0.826434252754014,-0.0007971567754679374,-1.6694483041875448,5.5372006740496044e-05,0.02697029374235927,6.549617139800573e-06
4.547972917556763,-1.2953827187658509,-0.001250242495686699,-2.6151237618537646,8.664055346086988e-05,0.042417598468095515,1.0231033206581886e-05
4.549036264419556,-1.662447042578746,-0.0016069539090366929,-3.354085659215354,0.00011110179293509513,0.054619276295399276,1.3072869619496404e-05
4.550037145614624,-1.9401794984727554,-0.0018732599198648487,-3.912072489229489,0.00012951124904783768,0.06395133612551766,1.5225704689127232e-05
4.551028251647949,-2.1201131725707945,-0.002046821520285682,-4.272313339951454,0.00014101588980462102,0.07010818168663953,1.6619517150037777e-05
4.5519890785217285,-2.2866851237850043,-0.0022110930492102512,-4.605235329957992,0.0001516752361247207,0.07585778164929208,1.7892790578617725e-05
4.5530102252960205,-2.446643998867414,-0.0023649596132878856,-4.924458396332372,0.00016208781229869244,0.08142149534798193,1.9066189974734186e-05
4.554004192352295,-2.603277073805104,-0.002509063243859111,-5.236636879334893,0.00017282196860535814,0.0869053825488077,2.0161597443683707e-05
4.555003643035889,-2.7375613954140707,-0.0026360008411471882,-5.503598582620838,0.00018105126986287995,0.09166617000856168,2.1191390587728093e-05
4.556009769439697,-2.8280795879421663,-0.002722709531146442,-5.682310386180587,0.00018687818839754504,0.09498455679929042,2.1817178560773665e-05
4.557008743286133,-1.1670753937762284,0.0003987615980210772,-5.364606283668713,-9.663073257656433e-05,-0.22653268648422165,4.190799882723078e-06
4.558011054992676,-0.2542604021978647,0.0021489987464649585,-5.2503315767201,-0.00025618217218134495,-0.4085327422043338,-5.546265213965038e-06
4.559000730514526,0.31367081042559475,0.003233673242693036,-5.167739174681989,-0.00035430781241880724,-0.5207573104917875,-1.1571531456844581e-05
4.560003757476807,0.6379311965708658,0.0038559198059666907,-5.11926442181107,-0.00040803808188818514,-0.5847159060160235,-1.4972917037220803e-05
4.560997247695923,0.749618116526801,0.00407699870072443,-5.11109788982318,-0.0004268219698708297,-0.6074961750208181,-1.6128134419395193e-05
4.561996698379517,0.9768658650428415,0.004421001289928942,-4.905012169451966,-0.00045686715888621296,-0.637173546841596,-1.8153534673702493e-05
4.563002347946167,1.121193135920334,0.004622404077683058,-4.7348465556574535,-0.0004724470438210937,-0.6525654248277636,-1.943946692228071e-05
4.564035415649414,1.0862979099250816,0.0045437166913287206,-4.711364885338454,-0.00046635963446328753,-0.6431570807445977,-1.896529443804252e-05
4.565042018890381,1.0913124372054352,0.00456663478199603,-4.727988255886137,-0.0004665475866179236,-0.6456749969890272,-1.894334142242407e-05
4.566052198410034,1.1000076016315257,0.004542083659722073,-4.6390604230907595,-0.00046085032586193266,-0.639678813749274,-1.8873486320736127e-05
4.567042589187622,0.9260318432757484,0.004251744504745945,-4.741803219177005,-0.00043586082933269235,-0.612115685569243,-1.715934689964017e-05
4.567972421646118,0.8244061657305402,0.004051398256876388,-4.737502122882055,-0.00041722689667020654,-0.5903551512461535,-1.6032198123908635e-05
4.569039344787598,0.7116030485718019,0.0038182511550857506,-4.7177281009147665,-0.0003966336619097326,-0.5648812660121638,-1.4696420689300883e-05
4.569995880126953,0.5448778950922932,0.0034868558557880915,-4.707675903676937,-0.00036570177553417373,-0.5289177088515093,-1.2917109577108717e-05
4.57096791267395,0.45334211633752686,0.0032782605918226164,-4.645325385381894,-0.000343600859544197,-0.5041717435253542,-1.1884834751382319e-05
4.571971893310547,0.1561478055946086,0.0027097203335686693,-4.6809213915184795,-0.00029368798373301643,-0.4447745204046895,-8.81881567613978e-06
4.572970390319824,0.023362208402609497,0.0024406524132339876,-4.661111458541512,-0.0002693228157320352,-0.4150931613114063,-7.45177113852864e-06
4.573970079421997,-0.24911930873195232,0.0019612994103998843,-4.773808053827876,-0.00022696175883301828,-0.3676803643687322,-4.692183732702794e-06
4.574971675872803,-0.5914931994466328,0.001308555131223362,-4.817602166631185,-0.00016925527544349808,-0.29949879462072526,-1.2105302085383326e-06
4.575972557067871,-0.8551024657312323,0.0007827073331567415,-4.803244170982941,-0.00012148060315318889,-0.24277191419621386,1.484647521636985e-06
4.5770041942596436,-2.5692057563245507,-0.002459007993114969,-5.101574715213407,0.00016372175354714962,0.09162225190778456,1.8681473894490323e-05
4.57804799079895,-2.4757544666304923,-0.00236852169505296,-4.913274896839903,0.00015791222674190074,0.08853048717859825,1.7896307008354624e-05
4.579030275344849,-2.431215532425799,-0.002329670183300752,-4.822184448498788,0.00015469626562110067,0.08717545708313992,1.7531106460588438e-05
4.579972505569458,-2.411091108055986,-0.0023126700311901596,-4.7796111770486425,0.0001531088530341283,0.08668772730385661,1.7340834844571146e-05
4.5810301303863525,-2.3102260542384996,-0.0022087986200017605,-4.577073593041566,0.00014658710246002877,0.08328902793748993,1.659345249559914e-05
4.582038164138794,-2.2079725430470902,-0.0021156220076151856,-4.372015895689811,0.0001395343660263226,0.07981997010697357,1.5855433764683016e-05
4.583012342453003,-2.138060564737564,-0.0020478131183795036,-4.231174215246237,0.00013481420283617218,0.0775045597455129,1.530353859195551e-05
4.584040403366089,-2.087303716400422,-0.001987147764861,-4.128427862023818,0.00013182433441975486,0.07586699689680405,1.48589632823181e-05
4.585045337677002,-2.0460904205194232,-0.0019517584172631679,-4.044632514085493,0.00012888553856299145,0.07456971266599247,1.450232000408223e-05
4.58600115776062,-1.970555266025556,-0.0018804034972596342,-3.89313369396633,0.00012342190416909463,0.07200901456181737,1.3977130452603628e-05
4.5870442390441895,-1.9350353169019805,-0.0018456359705468213,-3.8208042502244877,0.00012083797790331974,0.07090060949220421,1.3685490409201828e-05
4.587971925735474,-1.8623334621708123,-0.001773188996790236,-3.6752004270334573,0.00011628062015978989,0.068417276981365,1.3118778943196801e-05
4.589001893997192,-1.8282401416915846,-0.0017353099077378723,-3.605914396683353,0.00011442106655388063,0.06734121266285811,1.2812237608653062e-05
4.590012073516846,-1.7200993539621436,-0.0016361122848423109,-3.390759355286042,0.00010766188948329848,0.06352203845418912,1.1982868596703724e-05
4.591032266616821,-1.650234938692141,-0.0015738879430696987,-3.2512255886961365,0.00010281270781898575,0.06110153969809442,1.1492058210480848e-05
4.591975450515747,-1.5602436163805076,-0.0014879788439207285,-3.0722407294289473,9.74147157111856e-05,0.057918035660598506,1.0780393070820293e-05
4.592978000640869,-1.4994167213910126,-0.001429309573388614,-2.950854204759331,9.320749713293419e-05,0.05580207246480328,1.0364277329937794e-05
4.594039440155029,-1.4531302684944327,-0.0013819991667784457,-2.858209941917372,8.999116842841606e-05,0.05421609825939866,1.0051369057011968e-05
4.59503960609436,-1.4110840879421835,-0.0013378006646529077,-2.774004092695127,8.769210984547928e-05,0.05277969687596087,9.689913464408218e-06
4.596038341522217,-1.3168020100517746,-0.0012517402767417418,-2.5872829773220207,8.145814154762438e-05,0.04937420900991207,9.039553421832559e-06
4.597045660018921,-1.2174495232977223,-0.0011575261901699057,-2.39080953406624,7.512795681195626e-05,0.04576011132769742,8.343444165670775e-06
4.598038196563721,-1.130621530526626,-0.0010733640434281671,-2.2191086027406444,6.959469083532623e-05,0.04260118531845427,7.743467075428497e-06
4.59903883934021,-1.0530144328702424,-0.0009988058018470718,-2.0656931040564674,6.490968362171635e-05,0.039773217753536746,7.167230730301411e-06
4.599997520446777,-0.9951510830557925,-0.0009446445350539013,-1.9511555143459551,6.127003718235714e-05,0.03767807856361436,6.747959905756416e-06
4.6010284423828125,-0.989509766886329,-0.0009375924903580509,-1.9390835280499443,6.087385406664645e-05,0.037553480312814365,6.6876368095096955e-06
4.602004766464233,-0.9313109504010013,-0.0008809632582968557,-1.8240930164629499,5.736506758118025e-05,0.035427615682408126,6.253384925954752e-06
4.603005647659302,-0.9800362657149481,-0.0009243819803907197,-1.9185346103410548,6.040754541495888e-05,0.03736856000258797,6.556501423524351e-06
4.604039192199707,-0.9489091297841019,-0.0008974235698697686,-1.8566552933645712,5.828120060678075e-05,0.03626479191369385,6.338058944294601e-06
4.6050403118133545,-0.9536166122505979,-0.0009028387093874436,-1.8648926461904622,5.855898070089556e-05,0.036530359411229084,6.3385109281962095e-06
4.6059980392456055,-0.9397815864507136,-0.0008869638176849683,-1.8368805736461238,5.777654054804301e-05,0.03608453207714308,6.222774240472799e-06
4.607037782669067,-0.9742814701477208,-0.0009199100910920689,-1.9033217648546275,5.970610733374753e-05,0.037496482020205744,6.447430422178973e-06
4.6079795360565186,-0.9935379144298772,-0.0009388235185662944,-1.93992719165904,6.0764586948695637e-05,0.03832676014344039,6.556151007916083e-06
4.609038352966309,-1.0051578803940955,-0.0009493302886287277,-1.9615940063214699,6.132150508502069e-05,0.038864920944668396,6.6240370288134274e-06
4.6100122928619385,-0.9917409393683307,-0.0009371852616889877,-1.9344050912655861,6.035436269956809e-05,0.03843462182375261,6.509679711644069e-06
4.611025333404541,-1.0082520556298975,-0.000950151416472612,-1.9655928111548602,6.1342315063307e-05,0.03916404045819901,6.595411430076866e-06
4.6119704246521,-1.0549447691967972,-0.0009936923969272391,-2.0555479539745094,6.414864287099206e-05,0.0410721338244803,6.866464435937824e-06
4.613008499145508,-1.080187180513849,-0.001019832416695011,-2.1036201860126016,6.548166360561506e-05,0.042152780733800466,7.0172738061762995e-06
4.614037990570068,-1.1342601191601225,-0.0010687507887544646,-2.207748803057627,6.850160112611961e-05,0.04436640674919943,7.385618245338718e-06
4.615045070648193,-1.163287512052307,-0.0010962213686235673,-2.2630290721010047,7.014335551298926e-05,0.0456091060108757,7.549077749873052e-06
4.61604118347168,-1.2741977935452053,-0.0012048605635296681,-2.4774395521967505,7.659027700541012e-05,0.05007650533214126,8.247975071698069e-06
4.617040395736694,-1.3134030461188952,-0.001240498643550681,-2.5522743864691257,7.888319741089463e-05,0.05173982392484695,8.473169883179733e-06
4.618033409118652,-1.4295900802649728,-0.0013460019475466567,-2.776509627386641,8.589659396685498e-05,0.05645287132113449,9.175103802189622e-06
4.619039297103882,-1.5264313465643145,-0.0014364779885203704,-2.9629187619439095,9.154212950244582e-05,0.060424267524687686,9.77212334440086e-06
4.620040416717529,-1.6166961480192228,-0.0015230415613892954,-3.1363607114225647,9.69366051405709e-05,0.06415308871316217,1.0288354324876203e-05
4.621032476425171,-1.6823875138916748,-0.001582060764970908,-3.2619396359793487,0.00010083551037624773,0.0669236048751511,1.0654422786706225e-05
4.622034072875977,-1.7174981654410584,-0.0016160775995219707,-3.3281073013691813,0.00010242882785118176,0.06848813113184468,1.0865412452761044e-05
4.623010635375977,-1.7374021694853443,-0.0016354448652034026,-3.3647076169811108,0.00010335021731696808,0.06945510592492556,1.0947073332468982e-05
4.62401819229126,-1.8260216932428883,-0.0017131340477746987,-3.534266700740787,0.00010873730937879507,0.07317945134288437,1.143980341295924e-05
4.625040054321289,-1.8727043096735119,-0.001753033226423041,-3.622491632137934,0.00011117929359056024,0.07523767803005163,1.1721010170759271e-05
4.626033544540405,-1.9167653804353368,-0.0017975651247177985,-3.7055046585491924,0.00011320707372988194,0.07720298072595781,1.1997285000118712e-05
4.626965284347534,-1.92279748746361,-0.0018022486925083074,-3.714933805630725,0.00011343646225885949,0.07764237102329719,1.1982913651241375e-05
4.628034830093384,-1.8700304741826537,-0.0017527643616413132,-3.6107990697057515,0.00011025441925798647,0.07570404946472602,1.1608888882266032e-05
4.629035234451294,-1.8276061485174255,-0.0017146366747863863,-3.5267313092988752,0.00010742246274052354,0.07417593575161517,1.1319982166148819e-05
4.62996506690979,-1.8087599729864479,-0.0016987349027246695,-3.4882149417615333,0.00010603846020749527,0.0736001416848065,1.1173788739083452e-05
4.63097071647644,-1.7832460953992975,-0.0016692634379136782,-3.436886965084084,0.00010460128965860141,0.07274888330619332,1.0965035630588196e-05
4.632000684738159,-1.6961160688915216,-0.00158935975982466,-3.2669584067398687,9.908170963460823e-05,0.0693704416713373,1.0401025207108106e-05
4.632989168167114,-1.673301070206701,-0.0015651016903185184,-3.2210141316038046,9.763245526112382e-05,0.06861326241807962,1.021313519001145e-05
4.634001970291138,-1.66419054322073,-0.001558057176182055,-3.2014703247030067,9.694572317323768e-05,0.06841626350567191,1.0099746810005468e-05
4.634997606277466,-1.6435208696102275,-0.0015433408134867526,-3.1597140414146265,9.510336148927464e-05,0.06774191886842512,9.970365563809934e-06
4.635986089706421,-1.6171048409505313,-0.0015107376488616168,-3.10695265618476,9.365758893400485e-05,0.06682698708588448,9.781368730681361e-06
4.63701605796814,-1.6831483432411098,-0.0015687405439173995,-3.2317548530527045,9.773577824392555e-05,0.06973994452544759,1.0100409642841768e-05
4.638000249862671,-1.6969900878233768,-0.00158718081072518,-3.2562316194261545,9.79495588962572e-05,0.07049829325997109,1.017178046138528e-05
4.639046907424927,-1.6877309833781933,-0.0015777361592494979,-3.2363935147511587,9.719428738650755e-05,0.07029593114447456,1.0081842836856408e-05
4.639983892440796,-1.6854591297364807,-0.0015713199780815557,-3.2299826894939194,9.692502180012392e-05,0.07038208497985049,1.0040055723178503e-05
4.64104962348938,-1.6497053031015465,-0.0015357163598899166,-3.1594592534667654,9.473492788106028e-05,0.06906554268049968,9.793915867311633e-06
4.642035722732544,-1.689654831315577,-0.001575747917073287,-3.233917975579303,9.670624663913645e-05,0.07091855604718876,9.982575184185734e-06
4.643095016479492,-1.7335167555983058,-0.001622373390820679,-3.3157607529057542,9.867947990470919e-05,0.07294494115090658,1.0213884910013789e-05
4.6439924240112305,-1.7763684693204311,-0.0016565260191411298,-3.3955470070581955,0.00010094094512415923,0.0749397491131205,1.0450298871170835e-05
4.645018577575684,-1.8588294501735523,-0.001725924479036282,-3.550908157115663,0.00010529689466010261,0.07861775506222166,1.0921813719075017e-05
4.646047830581665,-1.902424282793892,-0.001769937911684618,-3.6319368567440207,0.00010748201410160533,0.08065958254324401,1.1117547208985612e-05
4.647037982940674,-1.9266853305590887,-0.0017929690360498362,-3.6759724862265513,0.00010875402278516088,0.08188897149742314,1.1195491865872497e-05
4.648052453994751,-1.9783874383549318,-0.0018409370712622417,-3.7722997796571867,0.00011180438452178532,0.08429029234103518,1.1405907436496526e-05
4.649048089981079,-2.0469246951156155,-0.001903523310525254,-3.90061949091182,0.00011535246364605333,0.08741839467159811,1.1791536830779272e-05
4.650025367736816,-2.10231140127746,-0.0019551436854552164,-4.0037890898101,0.00011814529575130748,0.08999283144459798,1.2107395222677579e-05
4.651033878326416,-2.209936942208301,-0.002059561988724421,-4.206301535106558,0.00012364643529167986,0.09481614885033848,1.2702621840033103e-05
4.652003049850464,-2.303470951141882,-0.0021392198134974638,-4.381827648802711,0.00012885237809866985,0.09904940306229253,1.3180150992273923e-05
4.653017044067383,-2.3528728751428143,-0.0021755674022791755,-4.473288590329946,0.00013156276422104804,0.10139500238837852,1.3404126161407914e-05
4.654047250747681,-2.4390903144229803,-0.002261941798007503,-4.634600802003865,0.0001358295492988754,0.10533967696079795,1.384615558243079e-05
4.655011415481567,-2.522089777717084,-0.002339119827931054,-4.789633996764783,0.00014019507132694071,0.10915984130071867,1.4270108279003741e-05
4.6559836864471436,-2.606558202498209,-0.0024101024933049528,-4.947364492260814,0.0001449908259891577,0.11305171068390774,1.470164227643506e-05
4.657010793685913,-2.6701269066318956,-0.002469172696347664,-5.065346721661833,0.0001484859980864323,0.11604412869228978,1.498757979553747e-05
4.658021688461304,-2.7045900799248157,-0.0025053388508987817,-5.128074867888405,0.00014959526454392508,0.11777510360046561,1.5197936326674418e-05
4.659012079238892,-1.074472137743243,0.0005846970464876721,-4.844935280293672,-8.554500975348512e-05,-0.200285359236392,2.368314135052233e-06
4.659983158111572,-0.13968056608173285,0.002319650457889899,-4.61195288782105,-0.00021667133426874873,-0.37646301594235426,-4.893198195951481e-06
4.661006689071655,0.3818973504511445,0.003306963625947887,-4.517390836123019,-0.0002919096411759805,-0.4778815257335273,-8.935458567702028e-06
4.662003040313721,0.6356191393904154,0.0037559204962352806,-4.413204503428473,-0.0003246174520958089,-0.5220961838362042,-1.078140193642687e-05
4.6630635261535645,0.8149407700315949,0.004067638001608021,-4.321337318714941,-0.00034526125427386637,-0.5517411392178486,-1.2081468014071997e-05
4.663985729217529,0.9006901287654632,0.004178975747322126,-4.2125100521972865,-0.0003528392607097392,-0.5602060003125227,-1.2645983178387511e-05
4.665025234222412,1.043403247384803,0.0044405185573382164,-4.169272275949463,-0.0003723433584181796,-0.5864279100747092,-1.365060350102277e-05
4.665993690490723,1.1672424278247369,0.004652626583271725,-4.107893531396457,-0.00038830353546879436,-0.6070823378987841,-1.4497405669740147e-05
4.667006969451904,1.2238073714559738,0.004754434996956028,-4.08185300704368,-0.000394017730080184,-0.6166920363236605,-1.4856963502024324e-05
4.667983531951904,1.1229268666803267,0.004568777412869327,-4.102063843230439,-0.00037892295840878567,-0.5972453367382963,-1.4068668611090297e-05
4.669006586074829,1.0076353164449494,0.004338207204199133,-4.099508551697169,-0.0003619229524398954,-0.5727631317627018,-1.3133116875644838e-05
4.670006513595581,0.8020962164832421,0.003969390770807292,-4.16659345378742,-0.00033355763189339444,-0.535421185111989,-1.160814676373727e-05
4.671003580093384,0.6719466941070911,0.003683871562458914,-4.116733915803645,-0.0003103349436314173,-0.5036500945413238,-1.0467317679668516e-05
4.672008752822876,0.6420702519586459,0.003569656474518507,-4.019893876164787,-0.00030112506666778605,-0.4888421686659886,-1.0087468546027488e-05
4.673017501831055,0.5370924047115255,0.003347535910392816,-3.9955313006539557,-0.00028410643194282635,-0.4646109273883466,-9.19980300595768e-06
4.674063444137573,0.27724683924088733,0.0028528518102784103,-4.0341909177829365,-0.00024601582533281347,-0.4133414792818908,-7.2098696259363945e-06
4.675046443939209,0.016502032616158235,0.0023297811036418845,-4.024706464159784,-0.00020610055104473886,-0.357646151164131,-5.21597974269831e-06
4.675981283187866,-0.2023744626427706,0.0018663540524168289,-3.976201140726607,-0.00017084884095099528,-0.30732607815729984,-3.441750420045727e-06
4.677053213119507,-0.45976817090890787,0.0013052895729037672,-3.8907817632264496,-0.0001276681158479787,-0.24565354911797993,-1.3706965443304526e-06
4.678044557571411,-2.175894616178321,-0.001999854591225768,-4.086433174690807,0.00011742039644704965,0.09820205990041855,1.1430216597853948e-05
4.6790008544921875,-2.0808291645595927,-0.0019132757156120775,-3.9060166817804,0.00011204266570051698,0.09407694277200741,1.0897542370360015e-05
4.680050611495972,-1.938336176898915,-0.0017856845379512828,-3.636781409410724,0.00010404125759615448,0.0877891262375201,1.0121514843825951e-05
4.680967092514038,-1.7689772391453142,-0.0016294523728190313,-3.317427563528111,9.480943356636093e-05,0.08025914789869341,9.207025349021378e-06
4.681993722915649,-1.6488670013471178,-0.0015171203874198948,-3.090688997013752,8.816849400657504e-05,0.07494094999605587,8.570155975102455e-06
4.68300986289978,-1.5125469826522653,-0.0013875412114812034,-2.8337913387690175,8.075907160750925e-05,0.0688662140290375,7.855779944397048e-06
4.684038162231445,-1.4652020454774848,-0.0013460002678300632,-2.743770422944148,7.809149934732764e-05,0.06682668154266695,7.573715306841629e-06
4.685033559799194,-1.3651486631997944,-0.0012547113546945877,-2.555151927697001,7.254661639019822e-05,0.06237387997186277,7.038037894085249e-06
4.68603253364563,-1.2983648235669782,-0.001189887864657002,-2.4289730228435493,6.90533406792454e-05,0.05942630455242913,6.663805809126453e-06
4.6869659423828125,-1.2073791186293883,-0.0011075818220836013,-2.2576508204840433,6.412966398555166e-05,0.055359268516233344,6.161694336934866e-06
4.688033580780029,-1.1074479619450663,-0.0010167388656934292,-2.0697589180882714,5.844247610545319e-05,0.05086824302496331,5.6587865960991215e-06
4.6889684200286865,-0.9998717805261091,-0.000917013202119968,-1.8677610353597651,5.27753659971585e-05,0.046010030155225506,5.091727781360238e-06
4.689964294433594,-0.9293269183944096,-0.0008537499134633643,-1.7351123316819979,4.8998411933183955e-05,0.042840478963813156,4.709671442702661e-06
4.690967559814453,-0.8741035823823088,-0.0008008832184874657,-1.6311724131674143,4.609211553245374e-05,0.04036820273203296,4.408851658047002e-06
4.691981792449951,-0.8706014360318394,-0.0007963122503323404,-1.6238046926592402,4.589446738474975e-05,0.04027971037731647,4.374883606917909e-06
4.693018198013306,-0.8300690499615782,-0.0007611746702875305,-1.5474024474802177,4.361427701292634e-05,0.0384750954592189,4.147637944983476e-06
4.694017648696899,0.0,0.0,0.0,0.0,0.0,0.0
4.695032596588135,0.0,0.0,0.0,0.0,0.0,0.0
4.696032524108887,0.0,0.0,0.0,0.0,0.0,0.0
4.697033405303955,0.0,0.0,0.0,0.0,0.0,0.0
4.6980321407318115,0.0,0.0,0.0,0.0,0.0,0.0
4.699032306671143,0.0,0.0,0.0,0.0,0.0,0.0
4.699972152709961,0.0,0.0,0.0,0.0,0.0,0.0
4.7010204792022705,0.0,0.0,0.0,0.0,0.0,0.0
4.702029705047607,0.0,0.0,0.0,0.0,0.0,0.0
4.703007698059082,0.0,0.0,0.0,0.0,0.0,0.0
4.704000949859619,0.0,0.0,0.0,0.0,0.0,0.0
4.70499587059021,0.0,0.0,0.0,0.0,0.0,0.0
4.70599102973938,0.0,0.0,0.0,0.0,0.0,0.0
4.706992149353027,0.0,0.0,0.0,0.0,0.0,0.0
4.7079737186431885,0.0,0.0,0.0,0.0,0.0,0.0
4.708996772766113,0.0,0.0,0.0,0.0,0.0,0.0
4.71000075340271,0.0,0.0,0.0,0.0,0.0,0.0
4.7110044956207275,0.0,0.0,0.0,0.0,0.0,0.0
4.712003707885742,0.0,0.0,0.0,0.0,0.0,0.0
4.713007211685181,0.0,0.0,0.0,0.0,0.0,0.0
4.713996410369873,0.0,0.0,0.0,0.0,0.0,0.0
4.714999198913574,0.0,0.0,0.0,0.0,0.0,0.0
4.715971946716309,0.0,0.0,0.0,0.0,0.0,0.0
4.716996431350708,-0.8838857877880655,-0.0008060528468451297,-1.6252605317969189,4.386882832963135e-05,0.04294662554385476,4.0845238989614736e-06
4.717999696731567,-1.4304768735587412,-0.0013045967186049107,-2.628791490009095,7.076933882617899e-05,0.06963865516819437,6.5857249854607595e-06
4.718993663787842,-1.8051616112812021,-0.0016442129373957853,-3.315413330509062,8.898508975412072e-05,0.08804959428255012,8.309259181928243e-06
4.719971418380737,-2.1353873328970407,-0.0019401483061401556,-3.9196168962560836,0.00010518651069236422,0.10435916513300585,9.782073510132743e-06
4.720996141433716,-2.4020219877848703,-0.002175987789946798,-4.406439168272639,0.00011815552211456004,0.11761872985081145,1.098849765102486e-05
4.722007751464844,-2.598706355413932,-0.0023584408013399734,-4.764427913711004,0.00012744924439096116,0.12749810850043883,1.182225528131038e-05
4.723013401031494,-2.7571911040246886,-0.002514083761875371,-5.052072372162039,0.0001341448157990308,0.13553058703858448,1.2524635632970453e-05
4.724047660827637,-2.8806977315834077,-0.002612902228165069,-5.275302155776473,0.00014074237385918709,0.14187215545608514,1.2988256886031009e-05
4.7250471115112305,-2.983546249995559,-0.0026974453046364256,-5.460471873350002,0.00014566657576465996,0.14721654444378784,1.3438586918309447e-05
4.726039886474609,-3.0984464536892222,-0.0028104470557651457,-5.667506723703144,0.00015057680231173525,0.15317248061769734,1.3888368747550227e-05
4.727047920227051,-3.1586562303365646,-0.002865103551220427,-5.774296787139229,0.00015322509596395903,0.15644309098522657,1.4104080765586965e-05
4.727980852127075,-3.130668346276142,-0.0028321204999934863,-5.71989675558472,0.00015182100953251297,0.15534164212929022,1.3926345498414773e-05
4.729006052017212,-3.11930018801479,-0.0028227133562518675,-5.695905106104281,0.00015067785605871038,0.15506104791504044,1.3822756878364878e-05
4.730045557022095,-2.978583880875207,-0.0027021432132868883,-5.435871560683106,0.0001429091512053116,0.1483372933418775,1.3198887344320592e-05
4.731003999710083,-2.86911045230478,-0.0026035953849299653,-5.233090639628875,0.00013740661686913468,0.14314880747784398,1.2659471725205083e-05
4.731978893280029,-2.77838221606563,-0.002526328419555015,-5.064714125898481,0.00013247864047135317,0.13887672313749183,1.2205963282020282e-05
4.733012676239014,-2.6328415225498647,-0.002380267382433561,-4.796665674986355,0.0001259363558954189,0.13184322460153597,1.1521084884380493e-05
4.73402738571167,-2.5239410090296235,-0.0022790213133501835,-4.595627400412905,0.00012048809225738568,0.1266219266373218,1.1001958789506021e-05
4.7350194454193115,-2.3499008771116086,-0.0021185905726632615,-4.276297869713435,0.00011198213526327042,0.11810488467185491,1.020515953280514e-05
4.736016750335693,-2.1463837510520536,-0.001934620315561564,-3.903752415008471,0.00010197752788167899,0.10806888570292301,9.287350416991262e-06
4.7370054721832275,-2.005058425465893,-0.0018066116876477869,-3.644652506492389,9.476354967603833e-05,0.1011348320971342,8.67353102195232e-06
4.738003253936768,-1.8562067317979012,-0.0016701576361665318,-3.3722084994172263,8.760126817305385e-05,0.09379151086762462,8.00992072453e-06
4.739007472991943,-1.7453495083914536,-0.0015697958613279817,-3.169020327426644,8.219015043741156e-05,0.08834771237338647,7.50953834276261e-06
4.7399985790252686,-1.6309068343098825,-0.0014701557107079126,-2.9595619727220845,7.66610637670634e-05,0.08270131235508227,6.957329503110413e-06
4.741010427474976,-1.4953330621024923,-0.0013461429204410333,-2.712036619794468,7.022225344146651e-05,0.07595882418947426,6.349227689305686e-06
4.741999387741089,-1.4102565310811355,-0.0012669977131768843,-2.5563228467806183,6.608303447960065e-05,0.07176153520351207,5.9845823075308564e-06
4.743034839630127,-1.269936327458134,-0.0011415744872439262,-2.3007044398659864,5.927362773365918e-05,0.06473258739185357,5.368562008593665e-06
4.744002819061279,-1.2210779659471167,-0.0010992682167749108,-2.211009059772375,5.681429906317908e-05,0.06234598310442709,5.135141596433557e-06
4.745011329650879,-1.159987682006545,-0.0010443977485246744,-2.099266030968041,5.382841916062629e-05,0.05932597529326323,4.857025555019173e-06
4.746011734008789,-1.131372352673808,-0.0010160565393096458,-2.046397841469897,5.239776099758404e-05,0.057957710689192525,4.735201275080224e-06
4.747006416320801,-1.096452534937857,-0.0009834123736248176,-1.9822055972357926,5.071262327573549e-05,0.05625949903520409,4.5734569115455955e-06
4.748001575469971,-1.0616521850955423,-0.0009541248028641679,-1.9182993506484993,4.892476260785397e-05,0.054561256416880574,4.405652317073487e-06
4.748968601226807,-1.0462965827710482,-0.000943354063832281,-1.8895911555144358,4.79138009705804e-05,0.05385675995308447,4.331609995274755e-06
4.749972820281982,-1.06003739119894,-0.0009521453710259925,-1.9134562716466699,4.862374875083127e-05,0.05464769474950505,4.377090607602673e-06
4.751153469085693,-1.110944358018096,-0.0009976043647052673,-2.0043481827133554,5.082466728706202e-05,0.057360031485415706,4.57311821681149e-06
4.75197696685791,-1.1578767960481287,-0.001039546479132735,-2.0879899676798557,5.281226110144666e-05,0.059874138616878445,4.75028692081646e-06
4.7529683113098145,-1.2448433894902338,-0.001118830269831979,-2.243719477474019,5.6583104189118464e-05,0.06446771173030898,5.091458062838866e-06
4.753965377807617,-1.351860486944469,-0.0012128434851302323,-2.4354239511008444,6.137469792088599e-05,0.07011411281549142,5.524380941800241e-06
4.75502347946167,-1.4463616178581518,-0.0012942932797457445,-2.6044357221917886,6.563848283576587e-05,0.07512411226530015,5.907874244021571e-06
4.755971670150757,-1.5152344516488234,-0.0013575379074269322,-2.7271820265851527,6.850397464632195e-05,0.07881328074438501,6.1790072060806245e-06
4.757038593292236,-1.6522660269168505,-0.0014816273412873932,-2.972438145780197,7.440959075258307e-05,0.08606218377602308,6.704691860389621e-06
4.758032321929932,-1.745765782120298,-0.0015599653346951797,-3.1391835760538576,7.876172928605635e-05,0.09106093153033602,7.0557436045208755e-06
4.759026288986206,-1.8758441787888305,-0.0016751203070864014,-3.3715289556707497,8.46198955041726e-05,0.0979830304110811,7.5266350617407135e-06
4.76000189781189,-1.920562435821731,-0.0017158461474315527,-3.4502811053598235,8.647747148191619e-05,0.10046156192063238,7.676523793555213e-06
4.761000156402588,-2.0067880628924266,-0.0017922963733158685,-3.6035174702750123,9.050302161510148e-05,0.10511863186141315,7.973130978178573e-06
4.761997699737549,-2.0522953124256182,-0.0018344278549898604,-3.6835618184520706,9.198517607738467e-05,0.10764945408467315,8.166825328141646e-06
4.762991189956665,-2.0969271727315983,-0.001874641820630056,-3.76198054543272,9.380369979106942e-05,0.11013914892406584,8.312853988835839e-06
4.763971567153931,-2.121639289831364,-0.0018982326744994167,-3.804618825184651,9.457856712716775e-05,0.11158640966889156,8.39786178008577e-06
4.764983654022217,-2.19805342613296,-0.0019699079215242756,-3.9398578491315726,9.73715426028818e-05,0.11576290912873145,8.712128838160627e-06
4.7659995555877686,-2.258126292149172,-0.002020608942237051,-4.04568688765955,0.00010010094242989621,0.11908928268860056,8.930969538219344e-06
4.766993045806885,-2.3328751003120014,-0.00208475118835533,-4.1776570175585475,0.00010329494154886222,0.12320305874759363,9.193230469110372e-06
4.767993450164795,-2.353265351213693,-0.0021062181137493576,-4.2121913197713985,0.00010387035691307168,0.12445414964579547,9.225171686188141e-06
4.768996477127075,-2.3854833592576776,-0.002138481998974731,-4.267842005478632,0.00010493947447783351,0.12633555860100662,9.3117409414377e-06
4.76999568939209,-2.4040944529029065,-0.0021549967923929353,-4.299124157083928,0.0001055953431053569,0.12749850282936184,9.3666656727846e-06
4.77100682258606,-2.3736025445474196,-0.002124728089182117,-4.242603297780263,0.00010409639327198642,0.12605684110693102,9.220584287077486e-06
4.77198338508606,-2.403114836460983,-0.0021450948498434744,-4.293313478166995,0.00010515636562579377,0.1278037297468742,9.338615858301858e-06
4.773017644882202,-2.4203245344712254,-0.002155227945505189,-4.321965361934771,0.00010605925061500471,0.12890328327660106,9.34899657930565e-06
4.774033069610596,-2.450877846543321,-0.0021830951839361848,-4.3743967366396745,0.00010726906557291981,0.13071773911710272,9.404616394504018e-06
4.775033235549927,-2.3872011985879285,-0.002131952480539551,-4.2586652398274865,0.00010377277155236079,0.1275045466466444,9.158759828089588e-06
4.775966644287109,-2.2959066940478077,-0.0020452117522273524,-4.093770566011274,9.961515928338452e-05,0.12280691488730082,8.804308748779451e-06
4.777036905288696,-2.1940069714491828,-0.001951646282912965,-3.910135647281843,9.50755336243728e-05,0.11752708765648429,8.384457805435328e-06
4.778034210205078,-2.145378466817318,-0.001911251740886436,-3.8215595501742388,9.267583562942156e-05,0.11509034856002003,8.162134813536715e-06
4.779025316238403,-2.061474952007787,-0.0018418895843778482,-3.6702285444614358,8.860421380931313e-05,0.11075418046959079,7.811910432117263e-06
4.7799718379974365,-1.9794136045133826,-0.001764924048183689,-3.5223245880096976,8.529282094073265e-05,0.10650402208179069,7.437882713967496e-06
4.780966520309448,-1.8590808512918056,-0.0016553829090190447,-3.306489728392267,7.993773540329732e-05,0.10017948023902509,6.975409548135782e-06
4.782042741775513,-1.8240294852801695,-0.0016297895958467218,-3.2424603928722595,7.783037542284657e-05,0.09843925655111722,6.825026369443507e-06
4.783010005950928,-1.7466970523284064,-0.0015613493066637433,-3.1033776255888483,7.425090776865816e-05,0.09440779791242257,6.51482343674522e-06
4.783973932266235,-1.6906605941087312,-0.0015053365905548814,-3.002240161832966,7.202555637520462e-05,0.09151782376311421,6.274860906259204e-06
4.785037279129028,-1.645311667107719,-0.0014630640796053451,-2.9201539579763107,7.006874728471681e-05,0.08919999608984738,6.071276537609994e-06
4.786035776138306,-1.6445738110987427,-0.0014625344037535568,-2.91724815149556,6.976422076689422e-05,0.08930046239585607,6.051103788913188e-06
4.787035703659058,-1.705388522973189,-0.001516522720428198,-3.023452153592494,7.218572736848458e-05,0.09274992456943486,6.248242226185438e-06
4.787965774536133,-1.738158516503812,-0.001551053157943999,-3.079853272356839,7.321516346098282e-05,0.09468143349980009,6.32992443095047e-06
4.789032459259033,-1.737336927375981,-0.0015483288984493233,-3.076696064764043,7.280361058113849e-05,0.09478640519316778,6.331831429928978e-06
4.789991617202759,-1.8015942732380952,-0.0015952940147928273,-3.1887643056934403,7.574437730993906e-05,0.0984441425291722,6.535521480771692e-06
4.79096531867981,-1.8558653386476671,-0.0016463539135587754,-3.2829978317450452,7.74492624113509e-05,0.10157022424372103,6.728822048060782e-06
4.791967868804932,-1.9052397605864206,-0.0016914627014317132,-3.3684241368197663,7.928727354638392e-05,0.1044410872122882,6.87864848402436e-06
4.793015241622925,-1.932465986651691,-0.0017183195309017694,-3.414594807893035,7.998174934231932e-05,0.1061064663597753,6.958902955646801e-06
4.794034242630005,-1.991259359919777,-0.0017686472047230464,-3.5164489805674655,8.236655072738231e-05,0.10951342374838063,7.121559596139737e-06
4.795032739639282,-2.0429426507576838,-0.0018070794960609602,-3.6057019200430003,8.474320059220571e-05,0.11253332730254596,7.25233548090113e-06
4.796038627624512,-2.0517121314620432,-0.001819054869787731,-3.619151694588516,8.428718980309657e-05,0.1131948471649283,7.277490068616851e-06
4.797034025192261,-2.01604079263652,-0.0017910867181031346,-3.554188163036581,8.228159442636285e-05,0.11140638974985852,7.141748506213058e-06
4.798030853271484,-2.043548010731038,-0.0018072266504266792,-3.6005935266222706,8.363515992129315e-05,0.11311023442905334,7.196659706249314e-06
4.798963785171509,-2.059874599400102,-0.0018189082443127048,-3.62722821363978,8.421007951433466e-05,0.11420149540238553,7.228326448118374e-06
4.800028324127197,-2.0509552352538414,-0.0018150756649756876,-3.60944364856294,8.33599118691789e-05,0.11388990412551112,7.171839744784401e-06
4.800975561141968,-2.0491279699140286,-0.0018115174360942403,-3.604173037162583,8.320901448203721e-05,0.11396926103333223,7.131131165530267e-06
4.801969051361084,-1.988344413597048,-0.0017551660490549128,-3.4952630091801944,8.065273157823148e-05,0.11076448398216536,6.88629534191604e-06
4.802971601486206,-1.8782449987639858,-0.0016539410881912262,-3.2998329521687166,7.620403004476356e-05,0.10479741333928816,6.476879827902341e-06
4.803972959518433,-1.7433854619616245,-0.001537245878318622,-3.0611468460121736,7.046795782665461e-05,0.09742734708851848,5.9888682512559866e-06
4.804964780807495,-1.7411297915974846,-0.001542539955268609,-3.0554336537671065,6.985767898383893e-05,0.09745551673600635,5.9483562596957845e-06
4.805967092514038,-1.7424910134226135,-0.0015424099284693962,-3.056096612040541,6.959620589773512e-05,0.09768357702862057,5.9675658906759255e-06
4.8069658279418945,-1.7027913062187092,-0.0015025946709533772,-2.984785819740276,6.797892878883328e-05,0.09560610829510477,5.80932002307536e-06
4.8079681396484375,-1.6854235388600325,-0.001488233666822231,-2.952687310790627,6.69878022443115e-05,0.09477659959925948,5.726207177692246e-06
4.809003829956055,-1.6594234937142804,-0.0014627825059497564,-2.9054734497894996,6.595387540101158e-05,0.09346101010378913,5.5952873648483695e-06
4.810024976730347,-1.6488575441842939,-0.0014488782626648812,-2.885321424411804,6.566985213697617e-05,0.09301131181273802,5.5296931897907175e-06
4.811011552810669,-1.665822613477611,-0.0014647243711165764,-2.9133473142404243,6.606546546037266e-05,0.09411448388168493,5.581872601921271e-06
4.811971187591553,-1.6998102648306248,-0.0014959681677114748,-2.9711143299027807,6.715805706687959e-05,0.09618198810140188,5.6742409656392855e-06
4.813011646270752,-1.7192319259064384,-0.0015176720665085587,-3.003393443777389,6.736509985279861e-05,0.09742774443149502,5.725877217430376e-06
4.814032793045044,-1.7909306819964834,-0.0015806846234840443,-3.1269122294058778,6.979377102814507e-05,0.10164350856075224,5.954921643403071e-06
4.815032005310059,-1.892153148958816,-0.0016620921874836367,-3.301798005612348,7.385338637316542e-05,0.10755076380591966,6.288095486427848e-06
4.815968751907349,-2.0081923765065097,-0.0017612401679608111,-3.5023170679547317,7.817314211943125e-05,0.11431973753330651,6.64459052772786e-06
4.817002296447754,-2.1912479839352383,-0.0019201513019492383,-3.819432841890008,8.509930927740586e-05,0.12492844550144586,7.238395480252347e-06
4.818034410476685,-2.348266026292155,-0.0020579139639980014,-4.090869547882386,9.07949939137282e-05,0.13407860884867953,7.739859688136845e-06
4.819039583206177,-2.512308108352922,-0.002212815893370638,-4.374248289582394,9.64833505443184e-05,0.1436557333438556,8.214052424151066e-06
4.819972515106201,-2.597043456001057,-0.0022813708381437033,-4.519277190183359,9.98188774733609e-05,0.14872150437331252,8.46795279305833e-06
4.82096529006958,-2.7250524777040717,-0.0023864577648922995,-4.739438060345206,0.00010490927676946158,0.15628044232091828,8.83915492408826e-06
4.822033643722534,-2.8747146035490725,-0.0025222562860737654,-4.996985233122858,0.00011008883260343575,0.16510520134047293,9.260522763802757e-06
4.823023796081543,-3.035281593945418,-0.0026671097890479663,-5.273220132578455,0.00011549907568455228,0.1745798232467626,9.759288779826042e-06
4.824033737182617,-3.2013213754706547,-0.002808845488671794,-5.558713211932985,0.00012151883618028277,0.18439119882100558,1.0270030506697276e-05
4.82503604888916,-3.326973564731669,-0.0029166863008997066,-5.773810802932151,0.00012592079043232326,0.19189982939305641,1.0620963877151673e-05
4.825962543487549,-3.3327002094585545,-0.002922466168258716,-5.780750253288949,0.00012569804729275566,0.1924940446749662,1.0569051156819229e-05
4.827042818069458,-3.3150937743805144,-0.002903821468800271,-5.747236752585358,0.00012467764375306037,0.19173883894456237,1.0476026432047986e-05
4.828033685684204,-3.2491780133734394,-0.00284649013833302,-5.630062710029418,0.0001218466673935568,0.18818147979934693,1.024013934254748e-05
4.828993082046509,-3.2787940965964126,-0.0028650995349321505,-5.678513117007898,0.00012321447554688463,0.19014906541118612,1.0308553071419199e-05
4.830029726028442,-3.236293062917836,-0.0028350747904322573,-5.602057577401532,0.00012087511973529569,0.1879349375269666,1.0162016031479482e-05
4.831028699874878,-3.1344066599717455,-0.0027515085688898868,-5.4229410588119675,0.00011650732487804939,0.1822602947746177,9.820673036659864e-06
4.831995248794556,-2.9794172540289923,-0.002607530878292604,-5.152253393119393,0.00011075123218656523,0.1734710396290959,9.307207209918993e-06
4.833012819290161,-2.8211629912973364,-0.0024699413542873076,-4.876223194533483,0.00010449053049470646,0.164465003853905,8.756942300165682e-06
4.834031820297241,-2.6844872988071966,-0.0023471030371148205,-4.63780037700202,9.910401119766475e-05,0.15668964820945996,8.315619003402398e-06
4.834994077682495,-2.5118379527138526,-0.002192553111426339,-4.337475862930378,9.265645229255378e-05,0.1467927855237608,7.748817822891998e-06
4.8359880447387695,-2.367765575243979,-0.0020663314478687844,-4.086788134926358,8.704390416998286e-05,0.13854047977672923,7.300225412943262e-06
4.836983919143677,-2.2145907015961597,-0.0019287586500700293,-3.820643276703894,8.138312107278524e-05,0.12973323571523843,6.817982489773695e-06
4.838006258010864,-2.03671111359089,-0.0017765861959305863,-3.5121438055148455,7.460615440917179e-05,0.11945532776550799,6.23487751237456e-06
4.8390092849731445,-1.8230474741192544,-0.001596095434438054,-3.14226612578552,6.634672696654278e-05,0.10704973896337379,5.552558232896183e-06
4.840078115463257,-1.6549153881089396,-0.0014452997931410807,-2.851185690817095,6.023641659926056e-05,0.09728982853405442,5.025261862872066e-06
4.840989828109741,-1.4894275000800925,-0.0012958627834162102,-2.5649417277458166,5.438662724257709e-05,0.08766064768428757,4.492858767305633e-06
4.841998815536499,-1.3686821487807683,-0.0011948750215557997,-2.3559711373601298,4.961767014863221e-05,0.0806452409324049,4.108124376118618e-06
4.8429930210113525,-1.2267574829564918,-0.001071159936883462,-2.110732628770889,4.4330137453630926e-05,0.07236528245262201,3.6753209262562792e-06
4.843973159790039,-1.0942560868622166,-0.0009523657711632547,-1.8819452714671931,3.963348498326136e-05,0.06462027785288234,3.2616813267000247e-06
4.84501576423645,-0.966422293311908,-0.0008454212718571524,-1.6613793739332425,3.467012953797538e-05,0.057133849939461086,2.867094099328496e-06
4.846033096313477,-0.8643139285099731,-0.0007526681433706408,-1.4852081062411604,3.1061264287760154e-05,0.051153322526980044,2.5626544960488765e-06
4.847031593322754,0.0,0.0,0.0,0.0,0.0,0.0
4.848034620285034,0.0,0.0,0.0,0.0,0.0,0.0
4.848993301391602,0.0,0.0,0.0,0.0,0.0,0.0
4.850021123886108,0.0,0.0,0.0,0.0,0.0,0.0
4.85103178024292,0.0,0.0,0.0,0.0,0.0,0.0
4.852036476135254,0.0,0.0,0.0,0.0,0.0,0.0
4.853038549423218,0.0,0.0,0.0,0.0,0.0,0.0
4.854011535644531,0.0,0.0,0.0,0.0,0.0,0.0
4.854968309402466,0.0,0.0,0.0,0.0,0.0,0.0
4.856000185012817,0.0,0.0,0.0,0.0,0.0,0.0
4.856977224349976,0.0,0.0,0.0,0.0,0.0,0.0
4.8579840660095215,0.0,0.0,0.0,0.0,0.0,0.0
4.858980894088745,0.0,0.0,0.0,0.0,0.0,0.0
4.859976291656494,0.0,0.0,0.0,0.0,0.0,0.0
4.860984802246094,0.0,0.0,0.0,0.0,0.0,0.0
4.861984968185425,0.0,0.0,0.0,0.0,0.0,0.0
4.862978935241699,0.0,0.0,0.0,0.0,0.0,0.0
4.864013433456421,0.0,0.0,0.0,0.0,0.0,0.0
4.865018367767334,0.0,0.0,0.0,0.0,0.0,0.0
4.866001129150391,0.0,0.0,0.0,0.0,0.0,0.0
4.866995573043823,-0.8677398479085476,-0.0007527344576904818,-1.4785676204355693,2.9801191858178797e-05,0.05245849919781341,2.4018768806048504e-06
4.867971181869507,-1.348162059892078,-0.0011689493633430558,-2.2962184752796406,4.6138751453026274e-05,0.08158604947041939,3.728924629711742e-06
4.869006633758545,-1.6112598100018443,-0.0013966365276397155,-2.7431680034604295,5.504424906955897e-05,0.09761025330078357,4.439160842479354e-06
4.870007276535034,-1.7454640671055892,-0.0015106711535870997,-2.9703838449464013,5.9724292236776295e-05,0.10585183225431613,4.784335476329057e-06
4.870996713638306,-1.8792624159472837,-0.0016305534325244382,-3.1966865524908252,6.389208047530347e-05,0.11408836541840683,5.127828096953891e-06
4.872005224227905,-1.9487567565453658,-0.0016907624455112704,-3.313437924525838,6.591814453800713e-05,0.1184358526773764,5.334023513696854e-06
4.873000383377075,-2.0468977023650248,-0.0017795403997089446,-3.4787290580966155,6.885283686204251e-05,0.12453908731383764,5.574404714645867e-06
4.874041318893433,-2.0985994171019082,-0.0018255954020788983,-3.5649530227465704,7.028054120638156e-05,0.12782941877000578,5.698848005911089e-06
4.875036001205444,-2.147291454864284,-0.0018675245062476525,-3.645955253433575,7.171118687311212e-05,0.13094602662238342,5.803450926873083e-06
4.876038551330566,-2.1741715012970664,-0.0018863873991820039,-3.6898230146644106,7.265196686963956e-05,0.1327412240641893,5.860575072409251e-06
4.8770387172698975,-2.190088060750686,-0.0018956240451129631,-3.715026580802447,7.323239316929482e-05,0.13387215340665765,5.872036146816134e-06
4.87803840637207,-2.2005548159408206,-0.0019061601991289037,-3.730933751057993,7.337997285285654e-05,0.13467452795503362,5.865364810539828e-06
4.879037857055664,-2.147359659396916,-0.0018660139680516284,-3.6388953765143026,7.097706817257027e-05,0.13158164626122099,5.704344532618429e-06
4.879980087280273,-2.1232809295371338,-0.0018407329116180606,-3.596241073913719,7.01598000459513e-05,0.1302690597728001,5.620013161959233e-06
4.881028652191162,-2.0934008051843596,-0.0018102522786098767,-3.543774176433397,6.911900788712505e-05,0.12859936821275914,5.5308536956025395e-06
4.882023096084595,-2.0571670061422584,-0.0017823289172595323,-3.4805774241679774,6.749959204807856e-05,0.1265370926402916,5.404223380401201e-06
4.883019924163818,-2.0414769726922533,-0.0017675142874728766,-3.4521734413949132,6.67994639159892e-05,0.12573546002366745,5.355233111494515e-06
4.884040594100952,-2.0598054092742575,-0.001774033454185723,-3.4812417573371293,6.776652200259584e-05,0.127033749389621,5.3594214105618e-06
4.885037899017334,-2.0917646326183954,-0.0018002716819796672,-3.5332943720841716,6.841781127427616e-05,0.1291773392422834,5.447493023960842e-06
4.886001348495483,-2.089842173239883,-0.0018035880015071558,-3.5280750786651236,6.777457629939817e-05,0.12923215308012095,5.407687038547543e-06
4.887037515640259,-2.1321116286543598,-0.0018455093023225183,-3.597406216061473,6.850874225530682e-05,0.13202450709286498,5.495670887564319e-06
4.8879969120025635,-2.1150380719110875,-0.0018357162322547003,-3.5665854238994963,6.740216267482722e-05,0.1311444618579232,5.432019459524077e-06
4.888995409011841,-2.149880809819768,-0.0018645894800283815,-3.623272540491937,6.840564334851181e-05,0.13348690704987443,5.4846334005961155e-06
4.889974594116211,-2.1698489325716683,-0.0018783160468402748,-3.654840148526736,6.903834508716387e-05,0.13491024972060006,5.501904781024892e-06
4.890969276428223,-2.223264465270541,-0.001917550761139036,-3.7426517135411825,7.077483150208837e-05,0.13842145796762997,5.625729372842255e-06
4.892037391662598,-2.2968921999845966,-0.001981826721927892,-3.864344546152838,7.270134589884449e-05,0.14320376337777238,5.788717456161297e-06
4.893012762069702,-2.4011387314874013,-0.0020697645562308266,-4.037349464941982,7.564543711972719e-05,0.1499127990535278,6.035875114350304e-06
4.894035339355469,-2.476491299265399,-0.002130680379308198,-4.161631996939163,7.792892279634219e-05,0.15483011490950957,6.185214941709566e-06
4.895036697387695,-2.5374461427194195,-0.0021737000100182256,-4.261597313054997,8.004323911409667e-05,0.15885806349788276,6.311549333465865e-06
4.895973205566406,-2.6355682149702906,-0.0022636456781417623,-4.423854317435151,8.250540982917252e-05,0.1652243309468046,6.518518769079991e-06
4.897039413452148,-2.6671288899046277,-0.0022928728181573254,-4.474263183473425,8.289479409567559e-05,0.16742871666066933,6.598150560139766e-06
4.89799427986145,-2.7063060803391035,-0.002316704428715705,-4.537403799975588,8.443839345798179e-05,0.17011522079098051,6.659006620477334e-06
4.899021148681641,-2.749329011019219,-0.0023539752445289838,-4.606887723907137,8.560383155049624e-05,0.1730526596801742,6.710327398755332e-06
4.899978876113892,-2.818118437456145,-0.0024232607480628053,-4.719460385368558,8.685052560336892e-05,0.17761956201787218,6.837238485352669e-06
4.901026725769043,-2.875992484194922,-0.0024712189200160567,-4.813653121335832,8.832619743801609e-05,0.18150729961537462,6.955277068537263e-06
4.902013301849365,-2.9283471600643245,-0.002516715698849362,-4.898541661810744,8.942397442752557e-05,0.18505253153924012,7.055060262286547e-06
4.903018236160278,-2.872023829516334,-0.002464117457770566,-4.801658405380205,8.751066018454557e-05,0.18172782972169974,6.891402057997075e-06
4.9040398597717285,-2.8057468177973175,-0.002402542580924772,-4.688285654340162,8.526522403371049e-05,0.17775994897090813,6.715062901006458e-06
4.905038833618164,-2.710447419327475,-0.002321098503118095,-4.526582359706011,8.19607090997065e-05,0.17193884721505343,6.466263053453633e-06
4.906039714813232,-2.6210799174660298,-0.0022422285401717664,-4.3749884934575825,7.925510211605178e-05,0.16647618585984117,6.22348643436523e-06
4.907029628753662,-2.517568024016191,-0.0021504184602548376,-4.199958728706693,7.591614410369294e-05,0.1600999038070435,5.9735077246081766e-06
4.907998323440552,-2.4445376343517964,-0.0020934775572816304,-4.075957938447554,7.31079318919175e-05,0.1556463814351851,5.798190783699365e-06
4.909041166305542,-2.3901071502810014,-0.0020434203775620465,-3.9830764311858973,7.139768927774435e-05,0.15236778064644488,5.639968699343456e-06
4.910013437271118,-2.3449417579308087,-0.0020079477673556048,-3.905733844614512,6.955353762610233e-05,0.1496711314849204,5.497938875199277e-06
4.910998821258545,-2.259733108791315,-0.0019288700203135432,-3.7618142521802453,6.709381969193045e-05,0.14440815613928323,5.276189431396177e-06
4.912001609802246,-2.2195821699551725,-0.0018939441060746214,-3.693060132294614,6.564516132050689e-05,0.14201076187508935,5.162548028628761e-06
4.912980318069458,-2.181423553217579,-0.0018684820468151688,-3.627679661393813,6.369661165759756e-05,0.13973567248239824,5.074212221134612e-06
4.9139769077301025,-2.1853741688791226,-0.001868147273288349,-3.6323659647791597,6.382324714178481e-05,0.14015448666934693,5.056902764386161e-06
4.914978504180908,-2.1040159984300124,-0.0017948274521323465,-3.4953353063298276,6.1376405814228e-05,0.1350954261127909,4.860646230097964e-06
4.915972948074341,-2.175685439729724,-0.001859234631195263,-3.6125466751083013,6.31667534110014e-05,0.13986007590076993,4.9799988302690125e-06
4.9169721603393555,-2.2346732833481315,-0.0019064906438945334,-3.7085719059795896,6.480249026818126e-05,0.14382089653197971,5.093223307642968e-06
4.917984485626221,-2.352551668953147,-0.0020143601733782664,-3.902187708058552,6.753462145184714e-05,0.15158431815461965,5.331914390094366e-06
4.919003963470459,-2.4140440213091683,-0.002067820498732462,-4.002111160668117,6.890895774560475e-05,0.15572904490936543,5.442227511286277e-06
4.920001029968262,-2.53337722015967,-0.002161669338608202,-4.197780033198945,7.249776187436603e-05,0.16361788567134175,5.707993420777661e-06
4.921050071716309,-2.6162940896812574,-0.0022317462090980698,-4.3329437268043245,7.466845533798391e-05,0.1691691887598464,5.863271041391846e-06
4.922038316726685,-2.61565025020116,-0.0022378251793629057,-4.329683929966299,7.375198078678533e-05,0.16932058835933242,5.876778419324592e-06
4.923023223876953,-2.6179705191607194,-0.0022398848194367317,-4.331347306998843,7.353714444557223e-05,0.16966239599993438,5.851065201647261e-06
4.924036502838135,-2.707827433733047,-0.002310674192860967,-4.477793623048013,7.59500232880423e-05,0.17568101278101497,6.0439448035825e-06
4.925039529800415,-2.8208454269640213,-0.002400474187865893,-4.662360620264128,7.925535400652941e-05,0.18321810014444667,6.254580077069631e-06
4.926032066345215,-2.9006959072996916,-0.0024753291933306406,-4.791990355158929,8.059004167151029e-05,0.18861122502601754,6.4189870521947845e-06
4.927034854888916,-2.8570228130564383,-0.0024319920933251176,-4.717536744628001,7.935341220528549e-05,0.18597432342742215,6.302763679629715e-06
4.92797064781189,-2.861893889094794,-0.0024285688955050983,-4.723288789733772,7.988431881612767e-05,0.18649301633880924,6.265164497809309e-06
4.92897367477417,-2.8669458965240846,-0.002441147539434028,-4.7293272806357525,7.935695788872128e-05,0.18702457297089262,6.249742679287491e-06
4.930041790008545,-2.8272568732563834,-0.002404839840589489,-4.661595992066422,7.797191495605903e-05,0.18463435613500942,6.157150378632534e-06
4.931033134460449,-2.7686028233246947,-0.0023606704780939343,-4.562672014020454,7.580305635898778e-05,0.18099885626248813,5.9946637177334085e-06
4.931971549987793,-2.6969183102537944,-0.0023018731200901157,-4.442410206521249,7.359042714133506e-05,0.17649947547986986,5.7912721137563054e-06
4.933029890060425,-2.5772603684204016,-0.0021932037086224462,-4.243286871493829,7.028372129252803e-05,0.16884629834301673,5.550233650326349e-06
4.934035778045654,-2.49915367196617,-0.0021276889691395967,-4.112734526391684,6.754919760374657e-05,0.163901257411597,5.390021535521297e-06
4.9350035190582275,-2.396877173562476,-0.0020442745765794183,-3.9425553066740897,6.424287573625178e-05,0.15735805621625304,5.135354201580211e-06
4.936034440994263,-2.3066906833981795,-0.001958731080181615,-3.792398261710067,6.198997967301728e-05,0.15159663833674725,4.940571236194969e-06
4.936995983123779,-2.156733577363942,-0.0018269156918433182,-3.5441861668626813,5.811234957140058e-05,0.14188832920303493,4.579304191957813e-06
4.938021898269653,-2.018377955142301,-0.001715265263571652,-3.315279407737184,5.392376695531944e-05,0.1329221044007943,4.257707372219291e-06
4.939043045043945,-1.885772575742181,-0.00160516682209342,-3.0960253644770894,5.005527086953121e-05,0.12431629086481796,3.9637066460245254e-06
4.939990758895874,-1.6936336238976537,-0.0014417165534963356,-2.779276389893151,4.485760369181176e-05,0.11176416793523651,3.5411472266965e-06
4.941006898880005,-1.575593219709944,-0.0013408035106470203,-2.5843779735772756,4.164308696429477e-05,0.10407952896228165,3.292340659544227e-06
4.941995620727539,-1.4980617146602007,-0.0012785962934185168,-2.456088411326519,3.9131713403342526e-05,0.09905638382527389,3.122518247997333e-06
4.942992687225342,-1.3748266822914006,-0.0011717908416024843,-2.252996442397524,3.590099374413679e-05,0.09099982786570424,2.843252039030149e-06
4.943993806838989,-1.2494479203892053,-0.001061746992727946,-2.046604535916113,3.2706344692311865e-05,0.08278262541291702,2.567625792210361e-06
4.945000171661377,-1.1472744127827759,-0.000972292088915208,-1.8784076432572117,3.00429174631427e-05,0.07608664705780581,2.348899303996338e-06
4.946005821228027,-1.0324347614095513,-0.0008725809584548011,-1.6896318360502531,2.704142427415097e-05,0.06853665686816753,2.101546529705172e-06
4.9470226764678955,-0.9772112551837011,-0.0008252480332352701,-1.5985504619142963,2.550079567750807e-05,0.06493279289464245,1.982894800916996e-06
4.947972536087036,-0.9309923126136014,-0.0007875337428986956,-1.5222837791097268,2.4092237333462456e-05,0.0619197965726137,1.8792029244287176e-06
4.949043273925781,-0.9309396968278473,-0.0007873427977212509,-1.5215335833624968,2.40220125505999e-05,0.0619747433469024,1.8778554154266916e-06
4.95001220703125,-0.8913470844195986,-0.0007543298519891044,-1.4561949971477532,2.2906559611473518e-05,0.05939425391153031,1.7943097830696769e-06
4.951025009155273,0.0,0.0,0.0,0.0,0.0,0.0
4.951972723007202,0.0,0.0,0.0,0.0,0.0,0.0
4.953030586242676,0.0,0.0,0.0,0.0,0.0,0.0
4.954032897949219,0.0,0.0,0.0,0.0,0.0,0.0
4.9550323486328125,0.0,0.0,0.0,0.0,0.0,0.0
4.955966949462891,0.0,0.0,0.0,0.0,0.0,0.0
4.95699405670166,0.0,0.0,0.0,0.0,0.0,0.0
4.958037853240967,0.0,0.0,0.0,0.0,0.0,0.0
4.959034204483032,0.0,0.0,0.0,0.0,0.0,0.0
4.959970951080322,0.0,0.0,0.0,0.0,0.0,0.0
4.961024522781372,0.0,0.0,0.0,0.0,0.0,0.0
4.9619903564453125,0.0,0.0,0.0,0.0,0.0,0.0
4.963019847869873,0.0,0.0,0.0,0.0,0.0,0.0
4.963973045349121,0.0,0.0,0.0,0.0,0.0,0.0
4.965001583099365,0.0,0.0,0.0,0.0,0.0,0.0
4.965991258621216,0.0,0.0,0.0,0.0,0.0,0.0
4.966999292373657,0.0,0.0,0.0,0.0,0.0,0.0
4.967998027801514,0.0,0.0,0.0,0.0,0.0,0.0
4.9690024852752686,0.0,0.0,0.0,0.0,0.0,0.0
4.970005512237549,-0.8830656339524505,-0.000743330535133314,-1.4302102738590505,2.122786584491901e-05,0.059938492717354803,1.6515246387661544e-06
4.971027135848999,-1.39383488209802,-0.0011735620206510435,-2.2563838447809474,3.3452857320848825e-05,0.09470106100606637,2.590830194539877e-06
4.972034454345703,-1.7849865987592748,-0.0015056754461848132,-2.88820766433051,4.250523424592648e-05,0.1213988810752679,3.304163905384023e-06
4.973042726516724,-1.9588040656124652,-0.0016534068178557628,-3.167904138638994,4.632949433257681e-05,0.13335678433015088,3.6110937828780137e-06
4.974031925201416,-2.1360553988055786,-0.0017972430109654714,-3.452848568111356,5.065521843284135e-05,0.14557535162717683,3.9208984680359065e-06
4.974964141845703,-2.2940135709626452,-0.0019252377421181254,-3.7063146925152863,5.435056599387553e-05,0.15650472920097183,4.197996613607855e-06
4.976033687591553,-2.4212943859697065,-0.002042397776083623,-3.9099823613834888,5.631167191114943e-05,0.16536185812792503,4.426423285516345e-06
4.976975679397583,-2.4631725149068666,-0.0020786088905679102,-3.9755434842654274,5.695597963200562e-05,0.1684036373608915,4.483662686990917e-06
4.977965593338013,-2.5114205674752093,-0.002111372377424187,-4.051292260208058,5.8329104706170224e-05,0.17188913306576584,4.562088521341772e-06
4.9789719581604,-2.5137227659503236,-0.0021153841894772617,-4.052843651785474,5.787879947618049e-05,0.17223699375341694,4.551051543686474e-06
4.979973077774048,-2.4965958288003107,-0.002103570460695916,-4.023076618567151,5.7076818958564206e-05,0.1712529860610929,4.487408034306724e-06
4.981029748916626,-2.4907575166040123,-0.002097257147339429,-4.011513811583503,5.6678801381709224e-05,0.17104213237291768,4.4501756819219254e-06
4.982033729553223,-2.557370301934059,-0.002148906874348742,-4.116571914899959,5.8214499725189806e-05,0.17581234778233254,4.538988113916362e-06
4.983038425445557,-2.572395559777027,-0.002161848755897479,-4.138502251295596,5.815359831381292e-05,0.17704379253801653,4.547886809788684e-06
4.983978271484375,-2.6459679949481427,-0.0022250585588511765,-4.254535224299102,5.931046482931328e-05,0.1823125307286083,4.666834090520405e-06
4.985042095184326,-2.7066854846453703,-0.0022773088556257413,-4.349771809318624,6.017105224809285e-05,0.18670667075255332,4.757776479852569e-06
4.986036062240601,-2.739820725304208,-0.0022970499859859047,-4.400599763134179,6.121717272411129e-05,0.18920546356149207,4.782436010581855e-06
4.9870641231536865,-2.7592453444847354,-0.0023090864462774357,-4.429343259088844,6.162399660172183e-05,0.19076297447046228,4.815802350259063e-06
4.987983465194702,-2.7964786325891065,-0.002343616570614288,-4.486596502636746,6.181125898575115e-05,0.1935585731228856,4.8692328677696275e-06
4.989006757736206,-2.8391306719139657,-0.0023843426900070253,-4.552450151357318,6.205977478981868e-05,0.19673744183862216,4.9088552741103556e-06
4.990034341812134,-2.930318808100776,-0.0024523789726451505,-4.6960171004305895,6.436726131936459e-05,0.20328953132236535,5.037664588973348e-06
4.99102520942688,-2.9541725741054985,-0.0024740624035248498,-4.7315754939915005,6.430559146413794e-05,0.20517922539102587,5.058128526172106e-06
4.992033243179321,-3.014827153384337,-0.002528800886507353,-4.826019146153213,6.492899388623595e-05,0.20962990781905325,5.130515448741279e-06
4.993009805679321,-3.0692256705435734,-0.0025702059864757413,-4.91031955432157,6.580720739886784e-05,0.21365691849437787,5.227883712212362e-06
4.993996620178223,-3.1205430020081764,-0.0026130286885227825,-4.989616065118601,6.644150474301192e-05,0.2174759915734239,5.300173376644159e-06
4.995063781738281,-3.1950807094680127,-0.0026708965308918373,-5.105907412035049,6.790693308468704e-05,0.22292508516218248,5.394373944688363e-06
4.996000528335571,-3.1893814793191537,-0.0026644709792708592,-5.093939711253539,6.758210824243051e-05,0.2227791246209618,5.357347054085004e-06
4.997046709060669,-3.1895020685760285,-0.0026703448656029065,-5.091262060163685,6.686003231351252e-05,0.22304013123528812,5.320998214666308e-06
4.9980363845825195,-3.2173207679273603,-0.002679535362752192,-5.13279307549387,6.800035804493283e-05,0.22523845313689317,5.355125228277053e-06
4.999032497406006,-3.234269227334484,-0.0026957485449954394,-5.156963158363031,6.770413433095143e-05,0.22667744216721988,5.3664266639325196e-06
5.000006437301636,-3.2882164820055952,-0.002746990980868377,-5.240077250699198,6.788267263441804e-05,0.2307139052384224,5.435694201494289e-06
5.001022100448608,-3.318211650326128,-0.0027710580385371933,-5.284927167306268,6.805200317337938e-05,0.23307809623558567,5.432251255420136e-06
5.002032518386841,-3.3822299306825645,-0.0028182125011702074,-5.383972934868989,6.933763465099005e-05,0.23783151301576685,5.518161027733985e-06
5.003031492233276,-3.392459396478219,-0.0028187121557850217,-5.397355092548063,6.97062482301023e-05,0.23880616131791219,5.50412826109946e-06
5.003966569900513,-3.3793288374848336,-0.0028153339343297114,-5.373621269128313,6.837289502726949e-05,0.23813207004130085,5.4749844268302415e-06
5.004965305328369,-3.3332095417051164,-0.0027795105752071348,-5.297500417005309,6.692841068510275e-05,0.2351272065519342,5.365533308147959e-06
5.00602912902832,-1.6307095114537988,0.00046817474904687836,-5.003020178850304,-2.585210464561319e-05,-0.09716449051476708,1.321486848285543e-06
5.007032871246338,-0.784977106397009,0.0020815788348231196,-4.860102935354651,-7.150046289798615e-05,-0.26252984717788663,-6.665844607244127e-07
5.007970571517944,-0.2354796902371583,0.003084799290494009,-4.706409741543582,-9.871341214348067e-05,-0.36461908908820084,-1.9026203026581695e-06
5.009035348892212,0.18356185728076246,0.0037491479074536686,-4.453107724351028,-0.00011712127644218367,-0.4304948419565855,-2.768450481394941e-06
5.010004281997681,0.38765263441719755,0.00407456520890544,-4.33067119009746,-0.00012546959631584698,-0.46266112155058053,-3.190089720708527e-06
5.011022090911865,0.5518466125215444,0.004286252081245369,-4.166540739877135,-0.0001308936238779829,-0.4827640508846617,-3.4823822404749634e-06
5.011965751647949,0.6712268599636615,0.004422622822340204,-4.021008464492934,-0.000132649538972069,-0.49507481479232,-3.6949802151384807e-06
5.012989282608032,0.7930876104979085,0.004540226373086856,-3.845378269313898,-0.0001343941252977912,-0.5052588590037291,-3.871133317319758e-06
5.0140321254730225,0.7841161640015333,0.004441646905015329,-3.740873350533366,-0.00013275873702699582,-0.49417483115571736,-3.7870155639736713e-06
5.015031814575195,0.756011854822046,0.004329437603777768,-3.6648493313006614,-0.00012827511120176707,-0.4815715739313399,-3.66284917421204e-06
5.015992879867554,0.7550025652804488,0.004323980503287949,-3.6585518322400654,-0.00012714250859855613,-0.4808050405463984,-3.6445968140167106e-06
5.017013072967529,0.7094846606841756,0.004236905735097671,-3.6654402078620976,-0.000125884356318273,-0.47183424874819446,-3.5083736713606743e-06
5.01802921295166,0.6630641637030767,0.0041260948415056155,-3.6451861662839904,-0.00012281031440842204,-0.46028502100810076,-3.3864461033613743e-06
5.019039154052734,0.5271804228224797,0.0038840150315359173,-3.685841125591108,-0.00011597378199651847,-0.4352727215521646,-3.0896686310690565e-06
5.019970655441284,0.3348619332044729,0.0035303615283644296,-3.728088337592376,-0.00010514109387722917,-0.3985266730385603,-2.6634691309489975e-06
5.021019697189331,0.06807526283439502,0.0029780377100305875,-3.7118711382893115,-8.884375815482756e-05,-0.34096765422570263,-2.0290531173792436e-06
5.022031784057617,0.036806484788239224,0.002878585637459061,-3.6608881203333077,-8.660688225210823e-05,-0.32990219731672876,-1.9249309148271888e-06
5.023008346557617,-0.12802137002204184,0.00251992626628554,-3.6303522931401866,-7.701886598927499e-05,-0.2925352683147747,-1.5239498772723875e-06
5.024043321609497,-0.19414763337037888,0.002299514158821851,-3.5189641181529265,-7.004068770450357e-05,-0.26882014730976267,-1.3224717536213135e-06
5.025035381317139,-0.44413219790120984,0.001827162451254988,-3.56487960886177,-5.739382841693302e-05,-0.22026396497567333,-7.73691746022937e-07
5.025990724563599,-0.5644624118569277,0.0015065010250934424,-3.46286863930361,-4.850839710134165e-05,-0.1859695271014264,-4.5491098351818364e-07
5.027031421661377,-2.307458784246376,-0.0018988700108120002,-3.631924368079082,4.311859286014685e-05,0.16587995130385502,3.379756404108422e-06
5.028036594390869,-2.1454315485513717,-0.001771469709560611,-3.3755516351639128,3.9495681571842144e-05,0.1543502247540235,3.1396192963988353e-06
5.02896785736084,-1.955980094221628,-0.0016234898681906295,-3.0762214724027803,3.5335076816524644e-05,0.14083069707410467,2.8561465188702718e-06
5.029965400695801,-1.795538696834128,-0.0014891280590317991,-2.8227504328231006,3.2357143381964554e-05,0.12937928040023747,2.616913731436722e-06
5.030965805053711,-1.6281347010509029,-0.0013504563885991623,-2.558554068701411,2.918448378381836e-05,0.11740676199015739,2.3654673520161777e-06
5.0320281982421875,-1.4357715033399414,-0.0011939383379062887,-2.25536612668783,2.5427922985089364e-05,0.10361408726455537,2.070763741228693e-06
5.033013582229614,-1.3417430176124567,-0.0011148787271700726,-2.1068242308437797,2.364815415550752e-05,0.09690218184621495,1.930821695940329e-06
5.0340375900268555,-1.1859754949386536,-0.0009800125688135227,-1.8614927853990955,2.106587117588712e-05,0.08571786349451722,1.700053024586565e-06
5.03501033782959,-1.0852389717667106,-0.0008961407773571366,-1.7026811740376304,1.9222604661902156e-05,0.07849832215372991,1.544239933372365e-06
5.0359721183776855,-0.9940827289187837,-0.0008195171929529021,-1.5590219217997086,1.7621992309092127e-05,0.0719610638229948,1.4090119165581886e-06
5.0370423793792725,-0.9506455325878053,-0.0007858211310632467,-1.490286927372942,1.6635762773843707e-05,0.06887055815801163,1.3451501167991476e-06
5.03803277015686,0.0,0.0,0.0,0.0,0.0,0.0
5.039029598236084,0.0,0.0,0.0,0.0,0.0,0.0
5.040017366409302,0.0,0.0,0.0,0.0,0.0,0.0
5.041003465652466,0.0,0.0,0.0,0.0,0.0,0.0
5.041994333267212,0.0,0.0,0.0,0.0,0.0,0.0
5.042992115020752,0.0,0.0,0.0,0.0,0.0,0.0
5.043975114822388,0.0,0.0,0.0,0.0,0.0,0.0
5.044996023178101,0.0,0.0,0.0,0.0,0.0,0.0
5.046004295349121,0.0,0.0,0.0,0.0,0.0,0.0
5.047011852264404,0.0,0.0,0.0,0.0,0.0,0.0
5.048003196716309,0.0,0.0,0.0,0.0,0.0,0.0
5.049017429351807,0.0,0.0,0.0,0.0,0.0,0.0
5.0500147342681885,0.0,0.0,0.0,0.0,0.0,0.0
5.051001310348511,0.0,0.0,0.0,0.0,0.0,0.0
5.051975250244141,0.0,0.0,0.0,0.0,0.0,0.0
5.052998781204224,0.0,0.0,0.0,0.0,0.0,0.0
5.05399751663208,0.0,0.0,0.0,0.0,0.0,0.0
5.05496883392334,0.0,0.0,0.0,0.0,0.0,0.0
5.056011438369751,0.0,0.0,0.0,0.0,0.0,0.0
5.057049036026001,0.0,0.0,0.0,0.0,0.0,0.0
5.0580456256866455,0.0,0.0,0.0,0.0,0.0,0.0
5.059043884277344,0.0,0.0,0.0,0.0,0.0,0.0
5.059968709945679,0.0,0.0,0.0,0.0,0.0,0.0
5.060966968536377,0.0,0.0,0.0,0.0,0.0,0.0
5.062035322189331,0.0,0.0,0.0,0.0,0.0,0.0
5.06301474571228,0.0,0.0,0.0,0.0,0.0,0.0
5.063974142074585,0.0,0.0,0.0,0.0,0.0,0.0
5.065025329589844,0.0,0.0,0.0,0.0,0.0,0.0
5.066004514694214,0.0,0.0,0.0,0.0,0.0,0.0
5.067005157470703,0.0,0.0,0.0,0.0,0.0,0.0
5.067973375320435,0.0,0.0,0.0,0.0,0.0,0.0
5.0689966678619385,0.0,0.0,0.0,0.0,0.0,0.0
5.069996118545532,-0.9147379743896972,-0.000750524840015569,-1.413796526069034,1.3550455232586708e-05,0.068046764161733,1.123636564356495e-06
5.070993661880493,-1.4436961413859524,-0.0011845753461342907,-2.230268625129274,2.121115683046628e-05,0.10749001137480006,1.7624826024541546e-06
5.072001695632935,-1.8448908662282608,-0.0015130287573651496,-2.8486781245598314,2.6953854146754384e-05,0.1374813405513073,2.2433184505652166e-06
5.073013544082642,-2.1171518262330467,-0.0017407347841606174,-3.2675039189876527,3.041168924492411e-05,0.15790837411753378,2.563394361070609e-06
5.073999643325806,-2.368461782783983,-0.0019454745355069424,-3.653619652381534,3.39017495416951e-05,0.17680580122324763,2.854706623594677e-06
5.075002193450928,-2.6094526498686093,-0.0021354091519673888,-4.023423515640797,3.7658116230478426e-05,0.19496753553338117,3.1252018857079846e-06
5.076002359390259,-2.823501362905085,-0.0023144777825272623,-4.35134342911041,4.022100449147068e-05,0.21114643024746102,3.3772089514334094e-06
5.077019214630127,-3.00239329557117,-0.002462789099313176,-4.624778203928701,4.2204807700841856e-05,0.22472303090491202,3.5940385062269484e-06
5.078001022338867,-3.1384342434568953,-0.0025734974878188596,-4.831932684855965,4.400285474559273e-05,0.23511645016112517,3.7291596418571455e-06
5.079000473022461,-3.3001773836235335,-0.002706854455741069,-5.078431899097278,4.589850015462681e-05,0.24745527431510403,3.897011729878792e-06
5.079991340637207,-3.3841594797402275,-0.0027815727060969842,-5.205079388049571,4.6240524357127615e-05,0.25398012850959933,3.982065749504448e-06
5.080975532531738,-3.454682000989401,-0.002841054671873353,-5.310858114924865,4.676826936327472e-05,0.2595095382983551,4.059105650029334e-06
5.081965208053589,-3.4458391972874995,-0.002829294965597928,-5.294634987332455,4.6497742242782365e-05,0.25907664720616025,4.035667903466606e-06
5.082964658737183,-3.4661898995514,-0.00283430563722316,-5.323243345361509,4.71374544550042e-05,0.260840897682403,4.027527100460087e-06
5.08397102355957,-3.5265941423348184,-0.002891865414138242,-5.413278137839304,4.6809284429885e-05,0.26562688990340966,4.07608624172585e-06
5.085002899169922,-3.49065561104896,-0.002869395892562861,-5.355407763173599,4.551086539741844e-05,0.26315801758685575,4.015166542274716e-06
5.086042165756226,-3.522853508852367,-0.0028760613970956685,-5.402050990522929,4.692143072117627e-05,0.2658278476511504,4.031648722804717e-06
5.087037801742554,-3.4945395099170544,-0.002852260737218189,-5.355918334163719,4.6247665445789034e-05,0.2639302562093897,3.988850872353226e-06
5.087971448898315,-3.483230370939583,-0.0028547049598929095,-5.3358875036968465,4.484076578906494e-05,0.2633135289070869,3.956066169777784e-06
5.089035987854004,-3.411302491114706,-0.002792416477154669,-5.223054736746413,4.372979868403305e-05,0.25810918703404767,3.8530767680988166e-06
5.0900373458862305,-3.356394153979323,-0.002743387261290432,-5.136370492775293,4.2943655347186205e-05,0.25418468636387737,3.7791416819656174e-06
5.091039180755615,-3.3099548756360386,-0.0027059529369030146,-5.062695915471757,4.191444305411268e-05,0.2508972258129085,3.712019752720507e-06
5.09197473526001,-3.2458131157021857,-0.002651006563930246,-4.9620531175405365,4.080161875856742e-05,0.2462583664187297,3.6257288982335777e-06
5.093001365661621,-3.190944554547992,-0.0026078421819305613,-4.875675856713436,3.958728690173728e-05,0.2423152212626348,3.549969536552113e-06
5.094023942947388,-3.10062364993628,-0.0025242561715557786,-4.735254485312658,3.870961867906864e-05,0.23566878345756184,3.4259789412043552e-06
5.09502911567688,-2.9889375118939707,-0.0024337575376208063,-4.562379054653577,3.690261316137006e-05,0.22738305957669605,3.2880603074249505e-06
5.0960373878479,-3.0052472224721054,-0.002454153347127623,-4.584897013536606,3.6328512859542197e-05,0.2288330434880377,3.2791250163990734e-06
5.097041606903076,-2.9687148773751315,-0.002423747439282471,-4.526804439981444,3.567847632656158e-05,0.2262587848195636,3.223992014378407e-06
5.09803581237793,-2.909392981688014,-0.0023723484193789775,-4.434053639283566,3.479573926495582e-05,0.2219395287678573,3.1498693209442755e-06
5.099035024642944,-2.8825199378593327,-0.0023484939216861307,-4.390821740873812,3.42562911474553e-05,0.2200898475402457,3.108600255761791e-06
5.099971055984497,-2.802409123833332,-0.0022866539272898318,-4.2666221934356185,3.271169140710745e-05,0.21416409422186908,3.005666582001925e-06
5.100965261459351,-2.7652113325339585,-0.002261187278826993,-4.2078456190337565,3.157809077983136e-05,0.21151001899113556,2.9500691029503145e-06
5.102033853530884,-2.771407297899067,-0.0022602201664357335,-4.21513849713795,3.187311103827201e-05,0.21217187564699783,2.9416246026214956e-06
5.103020668029785,-2.7553911391856323,-0.00224381034566011,-4.188634502278145,3.175312391287015e-05,0.21113442684473993,2.911107083752309e-06
5.104043483734131,-2.750271977702883,-0.0022441672285655827,-4.178686065463446,3.096295380291049e-05,0.21093281889808324,2.8900969000607478e-06
5.104977130889893,-2.7286240362470355,-0.0022303981718421796,-4.143671952456319,3.0069148408423584e-05,0.20945933496948138,2.864919545796121e-06
5.106042861938477,-2.7206781572244894,-0.002224474146066163,-4.129512358543884,2.9676621723733187e-05,0.20903356658140088,2.8385308694131116e-06
5.107035398483276,-2.741610297660457,-0.002238163001937565,-4.159203338691473,2.978393577577295e-05,0.21082488216656853,2.843547067201174e-06
5.1079840660095215,-2.7330009941936964,-0.0022218721002771934,-4.144104122368681,3.0055445292712764e-05,0.2103422145157954,2.813227862988219e-06
5.1090381145477295,-2.7756692939411387,-0.0022518425268479437,-4.206737276651293,3.046083379314349e-05,0.2138079060245352,2.8587056298813838e-06
5.110011339187622,-2.73025883091423,-0.0022269598814401805,-4.135916456097039,2.8773562959971575e-05,0.2104857797232162,2.7909301924459866e-06
5.111011266708374,-2.7104947000834216,-0.00220433333215325,-4.103973775405883,2.8784106605240543e-05,0.20913836170913958,2.752926149834555e-06
5.111975431442261,-2.7035684054274967,-0.002195130154203681,-4.091503912289787,2.8700566433084132e-05,0.20877841676444694,2.7365157979742747e-06
5.112991809844971,-2.7030020251561124,-0.0021957727797651716,-4.088689694393094,2.83987703432361e-05,0.2089069018513689,2.7132222514448135e-06
5.114036560058594,-2.7056170680164904,-0.00219901292205616,-4.090705972104417,2.8036397462749335e-05,0.20927967484956442,2.697899782102913e-06
5.1150031089782715,-2.7576345595683094,-0.002242183571765538,-4.167391127774116,2.821220462385466e-05,0.21347586104751393,2.739623160143501e-06
5.116048574447632,-2.7387580680884187,-0.002225713442360508,-4.1369265222862115,2.7844480499910212e-05,0.21218513269050782,2.7029007381667443e-06
5.117007255554199,-2.8242588512418525,-0.002291109440532186,-4.264085980202414,2.8684435535545907e-05,0.21898446353903026,2.7859749344172476e-06
5.1179728507995605,-2.825808319031741,-0.002300969642075503,-4.264461691619224,2.7720077928498085e-05,0.2192774105185807,2.7854856124972365e-06
5.1189916133880615,-2.8737079152682803,-0.002341117034180517,-4.334744044618487,2.7862871955247472e-05,0.22317063816220126,2.822112065576748e-06
5.119994878768921,-2.8785725077358713,-0.002332027921139458,-4.340080184049576,2.8649756198236773e-05,0.223724565895355,2.809232450950592e-06
5.120995759963989,-2.8839250389671314,-0.0023368364684435198,-4.346142547059048,2.837760592232346e-05,0.22431725079063383,2.793017337113473e-06
5.12199068069458,-2.845326798411116,-0.002306054352088426,-4.285994901125772,2.7579424950502817e-05,0.2214891746286303,2.7460195456872776e-06
5.122997283935547,-2.873050022213582,-0.0023335041460265235,-4.325788398082776,2.7147835265618928e-05,0.22382031400655247,2.7560370199197487e-06
5.123998403549194,-2.8454584765597732,-0.0023048490901825037,-4.282286080198264,2.711042917428953e-05,0.22184325619505493,2.7059216195968516e-06
5.125027418136597,-2.8345014206031087,-0.002287446957923678,-4.2638416082707575,2.732470407394018e-05,0.22116100404179434,2.6801315159755025e-06
5.1260085105896,-2.7838802938580653,-0.0022549434469423075,-4.185798459968827,2.589733816562154e-05,0.21737811806716556,2.6335711390715502e-06
5.127034902572632,-2.6691082954624283,-0.0021654184341382767,-4.011410306154693,2.4344404706054523e-05,0.20857624916491233,2.5063541951233295e-06
5.1280505657196045,-2.544365924050569,-0.002059633263457029,-3.8222254489519196,2.3459848269806065e-05,0.1989787220478406,2.375103454241033e-06
5.129037618637085,-2.418266689930455,-0.0019595000849238486,-3.6311801295328565,2.1928353830441117e-05,0.18925943297114756,2.258557333968023e-06
5.13001823425293,-2.2877127773398933,-0.0018559202303237128,-3.433618567952127,2.0287591190262344e-05,0.17917630932381926,2.123492540531276e-06
5.131021738052368,-2.225075350275057,-0.0018050049198341906,-3.3381286381815025,1.9477536473565797e-05,0.17440050933469387,2.0570260985536313e-06
5.131964445114136,-2.0596555486417416,-0.0016684132884778639,-3.0885837337396187,1.79938087368577e-05,0.16155613626849988,1.8885230376379384e-06
5.1330108642578125,-1.9092461254375304,-0.0015421353668603741,-2.8617603473875413,1.679010826904329e-05,0.14987045278813946,1.7347563569020098e-06
5.133994102478027,-1.766332361058633,-0.0014228122701767912,-2.646381351553962,1.566661142328056e-05,0.1387547494024499,1.5964097050443164e-06
5.134965181350708,-1.6270730221204468,-0.0013128914767191247,-2.436660234094445,1.4096984322518886e-05,0.12791004487502208,1.4660481570504867e-06
5.135975360870361,-1.515490632481494,-0.0012264662732413552,-2.2685615286639313,1.2715417777659189e-05,0.11922579809665626,1.360217693274567e-06
5.136967658996582,-1.3918129388417086,-0.0011263221537701341,-2.082506043611819,1.1536761457957192e-05,0.10957689549019023,1.2410019325227088e-06
5.138010740280151,-1.3545239701630474,-0.0010952043195305045,-2.0258265412172367,1.119175713110348e-05,0.1067190929553481,1.2011934142712651e-06
5.139033079147339,-1.293884395136441,-0.0010440295479319428,-1.9342859505572725,1.0734431955429576e-05,0.10201609865842466,1.1437847464570296e-06
5.139971017837524,-1.1956671661977423,-0.000966766631011373,-1.7866782823734906,9.609746782702517e-06,0.09434067005868602,1.0530669820089976e-06
5.1409752368927,-1.2416173851110732,-0.001004517953408443,-1.8545304592219043,9.793842487528076e-06,0.09803760421645628,1.0915034215882556e-06
5.142058849334717,-1.2670070675487404,-0.0010211336279082658,-1.891635078569731,1.0194654717754925e-05,0.10011438597273194,1.107987230941929e-06
5.143038272857666,-1.282112228460301,-0.0010350155370360617,-1.9133463894579017,1.00753724041147e-05,0.101381916628645,1.1156173544580394e-06
5.144016981124878,-1.292210406437045,-0.001043671740984851,-1.9275710171381641,1.0022274875521336e-05,0.10225480600957942,1.1189897086916553e-06
5.145010232925415,-1.370129981132149,-0.0011055240173211587,-2.042901227314774,1.0634562324328969e-05,0.10850002493378834,1.1810744183358055e-06
5.145991563796997,-1.4116148562176762,-0.0011391019997355914,-2.1038200419854887,1.0770796778924506e-05,0.11186758660803559,1.2151933116151094e-06
5.1470043659210205,-1.45709753980386,-0.0011725125413551932,-2.1706395992640335,1.1248538865551698e-05,0.11555702118844967,1.2459086474793035e-06
5.147979259490967,-1.4118278748452775,-0.0011386052731555592,-2.1022574386602075,1.0525971406066376e-05,0.11204991489484965,1.202252500556684e-06
5.148970127105713,-1.3917101774214553,-0.0011251833376937045,-2.0713873156432583,1.0028556665032284e-05,0.11053372303354965,1.172987158193393e-06
5.1500537395477295,-1.4547002704790313,-0.001170071936426651,-2.164153808159613,1.07756674668908e-05,0.1156233856940202,1.2203638540763386e-06
5.150972843170166,-1.4886290302854621,-0.0011992205063866943,-2.213595021247546,1.0743522505176238e-05,0.1184111700249603,1.2402542675860081e-06
5.15204119682312,-1.4634533696426193,-0.00117995754929977,-2.175144299109096,1.0347030152038235e-05,0.11649787510742304,1.2098332753417278e-06
5.1530139446258545,-1.4272700008531387,-0.0011511636617736285,-2.1203691798428843,9.891390303196976e-06,0.11370510529686023,1.1792247469196913e-06
5.154036283493042,-1.2740970414614223,-0.001025598317619909,-1.8919269662681806,8.85899988863335e-06,0.10158043080235142,1.0441275379506125e-06
5.155029296875,-1.1292464057180784,-0.0009087331855649539,-1.6760602809220446,7.755811479606441e-06,0.09010012689406115,9.224701811292819e-07
5.155975580215454,-1.059201923874051,-0.0008531276865752533,-1.5713599001393834,7.065351880334327e-06,0.08457640241287268,8.629312588964792e-07
5.157040119171143,-0.9558043190507312,-0.0007725496019727857,-1.4172862582263115,6.090572286289804e-06,0.07638002839045559,7.746071103638484e-07
5.158033609390259,0.0,0.0,0.0,0.0,0.0,0.0
5.1590399742126465,0.0,0.0,0.0,0.0,0.0,0.0
5.159967422485352,0.0,0.0,0.0,0.0,0.0,0.0
5.161027193069458,0.0,0.0,0.0,0.0,0.0,0.0
5.16203498840332,0.0,0.0,0.0,0.0,0.0,0.0
5.163009405136108,0.0,0.0,0.0,0.0,0.0,0.0
5.163973093032837,0.0,0.0,0.0,0.0,0.0,0.0
5.165038108825684,0.0,0.0,0.0,0.0,0.0,0.0
5.165971755981445,0.0,0.0,0.0,0.0,0.0,0.0
5.167006254196167,0.0,0.0,0.0,0.0,0.0,0.0
5.167999982833862,0.0,0.0,0.0,0.0,0.0,0.0
5.1689958572387695,0.0,0.0,0.0,0.0,0.0,0.0
5.169994115829468,0.0,0.0,0.0,0.0,0.0,0.0
5.170991659164429,-1.0201652943810626,-0.0008192621117064935,-1.5022022662554273,5.353955575220131e-06,0.08244896792109493,7.732933478674645e-07
5.171993732452393,-1.6040903374730646,-0.0012875084409184779,-2.360836296552419,8.285836103323715e-06,0.12974699625343708,1.2083462760190948e-06
5.172993421554565,-1.898860072394456,-0.001522251512134502,-2.7932264613902267,9.742926767024721e-06,0.15371621064949542,1.42507134283275e-06
5.174007892608643,-2.1650315516180796,-0.0017349313323652288,-3.1831586236654292,1.0900827545187977e-05,0.1754046568099939,1.6176091571965693e-06
5.175020456314087,-2.3008600938919215,-0.0018412699515275544,-3.3811444738611507,1.1433067564850411e-05,0.18656022574074707,1.710081304623983e-06
5.1760358810424805,-2.44257746451835,-0.0019463085808188586,-3.5875225403671918,1.2463513277426884e-05,0.19821628810085312,1.7982661832769553e-06
5.177017450332642,-2.632372415935318,-0.002105078144877644,-3.864243899035027,1.2582298503791649e-05,0.21379766551734877,1.927291014284076e-06
5.17801308631897,-2.8462116582370154,-0.0022830879475404116,-4.1759680290916945,1.281404976217126e-05,0.23135771750419282,2.0741129762942853e-06
5.179035425186157,-2.9821675754266894,-0.0023929886059921505,-4.373167136104699,1.3084792386042757e-05,0.24260931987496678,2.158232629245379e-06
5.180038213729858,-3.0042262018662043,-0.0024062949651367763,-4.4032594657074,1.3251731707162302e-05,0.2446023289040736,2.163864316227051e-06
5.1809680461883545,-2.99562323140953,-0.0023932112988106595,-4.388388081011423,1.3384030530342595e-05,0.2441009448574396,2.1506148377757273e-06
5.181967496871948,-3.016741582861902,-0.002413042706671622,-4.41700608906354,1.2826827309636058e-05,0.24602586187532105,2.1528411193980463e-06
5.182971000671387,-3.124053578832537,-0.002505406345198095,-4.571705602603835,1.2279966954755238e-05,0.2549907490878921,2.2129539490222134e-06
5.184056758880615,-3.251939490406163,-0.002597189226701002,-4.756326185929663,1.3185949275560458e-05,0.2656513308231043,2.288778314916346e-06
5.18504786491394,-3.318745655900708,-0.002644743807340131,-4.851476997041116,1.3474660667266957e-05,0.27133407524786407,2.3259889764591622e-06
5.1860291957855225,-3.306261140994121,-0.0026465830721598372,-4.830755608235683,1.2172761815381621e-05,0.27053081763686626,2.3064442188099314e-06
5.187039613723755,-3.351960543441791,-0.002676369577699948,-4.8949927296250895,1.2462721435335384e-05,0.2744931039562197,2.3203520702013146e-06
5.1879661083221436,-3.3289360434798447,-0.002651466610257847,-4.858860400550514,1.2507922927603464e-05,0.27282839347945304,2.290108632459473e-06
5.189040660858154,-3.369228565060258,-0.0026832547522735333,-4.9151577367126285,1.2416645948373811e-05,0.2763517738221378,2.309891247043528e-06
5.1900317668914795,-3.392232189326149,-0.0027040010911211342,-4.946192608252505,1.2001824168499844e-05,0.27846066780155293,2.315572209341007e-06
5.191041469573975,-3.3840212174907376,-0.0026990231715457516,-4.931748328169676,1.1490810303547327e-05,0.2780041763633851,2.303376889984029e-06
5.192046880722046,-3.382823563331819,-0.002704238849237399,-4.927565557071537,1.0562793370222962e-05,0.27812027520869087,2.2839900615523683e-06
5.193005800247192,-3.290949839346909,-0.002621533199909935,-4.791365975787069,1.0580844363975567e-05,0.27077560652618377,2.2100645086841936e-06
5.194041728973389,-3.2215323799196307,-0.0025613819135747633,-4.688013344643594,1.0307631155272553e-05,0.26526520498317224,2.143594282023113e-06
5.195035696029663,-3.1897115284842505,-0.0025335413178579334,-4.639470498577477,9.997415946429714e-06,0.262841868468565,2.1142274615690744e-06
5.195998191833496,-3.2257614842621942,-0.0025622519785674443,-4.689700942575461,9.760120095058872e-06,0.26600649988271274,2.128321988190302e-06
5.196993350982666,-3.1523838766082517,-0.0025068877840862163,-4.5808885910708765,8.98088480896228e-06,0.2601433396869988,2.059877263238229e-06
5.1980650424957275,-3.16389059198751,-0.0025087241412444774,-4.595505742217204,9.259075472557475e-06,0.2612780420758749,2.0634168395482207e-06
5.199007034301758,-3.1046273409202705,-0.0024622703468733425,-4.507360816119226,8.852925767620798e-06,0.25656580818927116,2.0106852265562966e-06
5.200001001358032,-3.0061511668652163,-0.002384260995256006,-4.362440711771962,8.252806301539292e-06,0.2485993916239107,1.9331389061073564e-06
5.201027154922485,-2.9824746648535023,-0.0023647544056169044,-4.326181182757104,7.98217977163481e-06,0.24680869429082966,1.9132050486241556e-06
5.201995134353638,-2.9281068409117843,-0.0023201148846193663,-4.245486117587753,7.672062155213248e-06,0.24247087040518361,1.8640502282479722e-06
5.203004837036133,-2.926392742237816,-0.0023228875859051443,-4.241205966252051,7.047327459747719e-06,0.24248687825190576,1.851477017336012e-06
5.203975677490234,-2.856572137284626,-0.0022675533260922793,-4.13828062763348,6.675233183992539e-06,0.23685405354168526,1.7935709315135112e-06
5.205003261566162,-2.7526420489528256,-0.002180386783994203,-3.986030219221717,6.548376041168265e-06,0.22838519925273298,1.7237503525164663e-06
5.2059924602508545,-2.6580637344209976,-0.002104588625861243,-3.847503764316582,6.11590983744515e-06,0.22067625087348908,1.6612783377540945e-06
5.20699667930603,-2.590827503494169,-0.0020434778000424604,-3.748662598646609,6.509015313757089e-06,0.21522776973004407,1.607927386225905e-06
5.2080018520355225,-2.4880314732259206,-0.001966254631354273,-3.598505377770451,5.68503053840056e-06,0.20681332242138312,1.5311023768868579e-06
5.209001541137695,-2.439398605278738,-0.0019336743122827587,-3.526783883474013,4.903962189583668e-06,0.20289246006155914,1.4931258821742334e-06
5.209995269775391,-2.345809678521141,-0.001854613347909333,-3.390177409715184,4.8747513548626106e-06,0.19522271991883589,1.4271341194193265e-06
5.211010456085205,-2.278962100417675,-0.0018039974897734977,-3.292310588442138,4.396323571576989e-06,0.1897702708543442,1.379033341745747e-06
5.211966514587402,-2.2482506842798244,-0.0017839340229179573,-3.2467066514742338,3.81974635837054e-06,0.18732173636116867,1.358177456537678e-06
5.213037967681885,-2.140847330697602,-0.0017003174309414082,-3.090446682585003,3.320185787685888e-06,0.1784749494389408,1.2891027180618474e-06
5.214037656784058,-2.1845543947683823,-0.0017324548428360356,-3.152378149428569,3.3958220499847495e-06,0.1822209459588072,1.3071532698519146e-06
5.215036869049072,-2.163652987712763,-0.0017134860599015702,-3.1210620112128487,3.426614214271533e-06,0.18057910986339454,1.2899629227180935e-06
5.215970277786255,-2.1559755372687675,-0.0017114660439008307,-3.1088502284154598,2.962854194419478e-06,0.1800384119587364,1.2748044954931804e-06
5.216993808746338,-2.200456857654589,-0.0017496413567570036,-3.171840808801436,2.627730620566822e-06,0.1838541107682416,1.2966289809822443e-06
5.2180328369140625,-2.179998250659443,-0.0017276165856779224,-3.1412152367436694,2.9454841493638138e-06,0.18224466943886528,1.2783819533749808e-06
5.219008207321167,-2.21813651355903,-0.0017590021637841715,-3.194989592062602,2.7306602440528093e-06,0.18553681660689145,1.291806633453329e-06
5.219972848892212,-2.240056433922163,-0.0017736055253994446,-3.22538206604165,2.7826526846178855e-06,0.18747422964906843,1.295502308032122e-06
5.221002578735352,-2.231050013351877,-0.0017645180973696164,-3.211227298872593,2.7780425573180164e-06,0.1868248980697695,1.2842928373267757e-06
5.221997499465942,-2.2065569990198415,-0.0017466076285554961,-3.174803884020739,2.443290986590861e-06,0.1848768289516676,1.2639068687005818e-06
5.223001956939697,-2.2199516295279405,-0.0017531921602597833,-3.192891769386753,2.5828445331190455e-06,0.18610332468384894,1.2630631771439318e-06
5.224005699157715,-2.134361818327957,-0.0016834610612617984,-3.0686765247718593,2.5091133427795225e-06,0.1790261705491316,1.204586137886265e-06
5.224997520446777,-2.071493129889867,-0.0016354905472138292,-2.9772031699232997,2.1486500164372374e-06,0.17384825473728094,1.1604748564749991e-06
5.225996971130371,-1.9933324560410768,-0.0015729671555157099,-2.863822270592941,1.9793029191240424e-06,0.16738076882121536,1.1114975686214104e-06
5.2269978523254395,-1.8846452573552288,-0.0014882482570069923,-2.706679978866027,1.7128298730207428e-06,0.15834150503301794,1.0479812362581776e-06
5.227998495101929,-1.6921864895627954,-0.0013377501419654242,-2.4293637947439946,1.2971753920355048e-06,0.14225200668017804,9.374992310264932e-07
5.2289955615997314,-1.598511234138608,-0.0012628058682476325,-2.294005441515191,1.214126201843896e-06,0.13445426878295488,8.800955157610004e-07
5.2300050258636475,-1.4589897452130576,-0.0011518096056485404,-2.092983318759701,1.0515685696762144e-06,0.1227888956644704,7.979131154947714e-07
5.230995416641235,-1.3688381276152302,-0.0010826901960152699,-1.962906917225964,6.828063635322379e-07,0.1152677199895334,7.454112686262083e-07
5.232011795043945,-1.2766691141456994,-0.001004914091433679,-1.8300521316830844,9.07510152448952e-07,0.10756658091268706,6.906738660270409e-07
5.2330002784729,-1.1378295562515688,-0.0008947138477109005,-1.6304044789597991,7.71897140770934e-07,0.0959237327244498,6.129837733846991e-07
5.2340028285980225,-1.0708128729289252,-0.0008427470831525764,-1.533782071748753,5.368967774491793e-07,0.09032619528298008,5.770031987707375e-07
5.234993934631348,-1.016838894696113,-0.000801794622798197,-1.455893589109395,3.2816063714175687e-07,0.08582425750623146,5.448786266321992e-07
5.23600172996521,0.0,0.0,0.0,0.0,0.0,0.0
5.236995220184326,0.0,0.0,0.0,0.0,0.0,0.0
5.237971067428589,0.0,0.0,0.0,0.0,0.0,0.0
5.238963842391968,0.0,0.0,0.0,0.0,0.0,0.0
5.239964485168457,0.0,0.0,0.0,0.0,0.0,0.0
5.241024732589722,0.0,0.0,0.0,0.0,0.0,0.0
5.24199652671814,0.0,0.0,0.0,0.0,0.0,0.0
5.243028163909912,0.0,0.0,0.0,0.0,0.0,0.0
5.2440266609191895,0.0,0.0,0.0,0.0,0.0,0.0
5.245025157928467,0.0,0.0,0.0,0.0,0.0,0.0
5.246004819869995,0.0,0.0,0.0,0.0,0.0,0.0
5.246994972229004,0.0,0.0,0.0,0.0,0.0,0.0
5.24799656867981,0.0,0.0,0.0,0.0,0.0,0.0
5.248995065689087,0.0,0.0,0.0,0.0,0.0,0.0
5.24999213218689,0.0,0.0,0.0,0.0,0.0,0.0
5.250995874404907,0.0,0.0,0.0,0.0,0.0,0.0
5.25198221206665,0.0,0.0,0.0,0.0,0.0,0.0
5.253018140792847,0.0,0.0,0.0,0.0,0.0,0.0
5.2540013790130615,0.0,0.0,0.0,0.0,0.0,0.0
5.255029201507568,0.0,0.0,0.0,0.0,0.0,0.0
5.2560038566589355,0.0,0.0,0.0,0.0,0.0,0.0
5.256993532180786,0.0,0.0,0.0,0.0,0.0,0.0
5.257995843887329,0.0,0.0,0.0,0.0,0.0,0.0
5.258997917175293,0.0,0.0,0.0,0.0,0.0,0.0
5.259970188140869,-0.9724938083949451,-0.0007651058528757083,-1.3769501876309138,-1.8646336812335884e-06,0.08344107190193861,4.4704505977301745e-07
5.260993719100952,-1.5115517602367037,-0.0011886982325114135,-2.139185461645774,-2.9970996728719037e-06,0.12978215586609151,6.927076834765863e-07
5.2620038986206055,-1.8069240661899613,-0.001417275255034943,-2.5559961436271035,-3.4393717100119984e-06,0.1552491458184358,8.196579331558739e-07
5.263019800186157,-2.0303829304669727,-0.0015961068219822088,-2.8707394957121664,-4.3387319490236e-06,0.17456747430184855,9.193316531558197e-07
5.263973712921143,-2.144868781855634,-0.0016821878972089045,-3.0311926506570215,-4.45695301388712e-06,0.18453541818124192,9.65972065159419e-07
5.265002250671387,-2.251017136983736,-0.001760361873447058,-3.1797425945322946,-4.4599146042852725e-06,0.1937966352936123,1.008222145282717e-06
5.266032457351685,-2.4761922407066805,-0.001942454541433938,-3.496215135701643,-5.6906132393739986e-06,0.21332389239804994,1.1044042563715387e-06
5.266990661621094,-2.6377751765814383,-0.0020700866390749844,-3.7226314396014835,-6.384942004912712e-06,0.22739630608777756,1.1687019426743606e-06
5.267970085144043,-2.8176114167290502,-0.0022042560780601906,-3.9745807332776764,-6.516039107625597e-06,0.24306231053296576,1.2407220766604223e-06
5.269001722335815,-2.9604563371927,-0.0023169260958652736,-4.174149817306679,-7.226601594175958e-06,0.25555480132577535,1.2958029784990235e-06
5.269994020462036,-3.0809130090732135,-0.0024154000952135123,-4.34199732927998,-8.206788387184044e-06,0.26612830367703116,1.3455359689565318e-06
5.270994186401367,-3.1709836343914164,-0.0024870026319542813,-4.466903292597186,-8.777758147045825e-06,0.2740874378319655,1.374170155497947e-06
5.271998643875122,-3.2188178182636813,-0.0025221381454462433,-4.5322491272652625,-8.980961998506478e-06,0.27840131592309775,1.3853748062252057e-06
5.27301025390625,-3.2455755590492292,-0.0025352175668616156,-4.567855936473481,-8.669901058703338e-06,0.28089774395658335,1.3878578952397153e-06
5.273993730545044,-3.261727366841958,-0.0025507733906541858,-4.588502675742168,-9.265315180819205e-06,0.2824791717198011,1.3832935599707194e-06
5.274990081787109,-3.245551812049021,-0.002542699506887298,-4.563679188853498,-9.930184625534275e-06,0.28126030296979504,1.360737560808401e-06
5.275972843170166,-3.170662625035943,-0.0024763637112404603,-4.456392253278643,-9.325988399441721e-06,0.27494486788493705,1.3227037977439365e-06
5.2770185470581055,-3.1088831763054983,-0.002424509042058126,-4.367627949737168,-9.191296064205708e-06,0.26975773084218096,1.2904197485411937e-06
5.277995586395264,-2.984173769496238,-0.0023295428355178697,-4.1905835132546345,-9.421629509771396e-06,0.25909878393531927,1.236478533106764e-06
5.278997898101807,-2.8317677013046096,-0.0022134322685185464,-3.974815382194129,-9.397362722050128e-06,0.2460201446625267,1.1622029685869443e-06
5.2799973487854,-2.661525851243919,-0.0020799274201855544,-3.7342084037580503,-8.978883106839049e-06,0.23137467497824138,1.0855830195640023e-06
5.280995845794678,-2.5287527339522757,-0.001975364111016156,-3.546339074574759,-8.635299583426395e-06,0.21997171309204167,1.0276399596204863e-06
5.281998872756958,-2.368236689842568,-0.00185449397497675,-3.3197403808551678,-8.657046410466221e-06,0.20613982465305872,9.579448500539268e-07
5.283006906509399,-2.290497767207151,-0.001800687748627013,-3.2093297404881365,-9.228773720009052e-06,0.19949969362731437,9.23454692226847e-07
5.284001111984253,-2.1574909522193764,-0.0016867284399921685,-3.0216024751176285,-8.04968751429418e-06,0.18803505874719104,8.640301901269815e-07
5.285043239593506,-2.0200281326984544,-0.0015771676030590148,-2.8277904581816755,-7.61829146978859e-06,0.17616834014747662,8.051454482274643e-07
5.286031484603882,-1.9537824926083456,-0.0015223370002537498,-2.7338302430744443,-7.3770053313198166e-06,0.17049875680813426,7.731736094703743e-07
5.286963224411011,-1.8999623528664247,-0.0014754551374515903,-2.6573045270561284,-6.974066864652494e-06,0.16590926232473513,7.460451831618518e-07
5.287965536117554,-1.9491378898486245,-0.001521150596962457,-2.724842320572659,-7.973823217621732e-06,0.17031247023179047,7.604808170142099e-07
5.288967132568359,-1.9531407101630482,-0.00152382405710215,-2.7291903319652056,-8.133077926971538e-06,0.17077203855910086,7.587955825119376e-07
5.289963722229004,-2.027520485890817,-0.001580213900439017,-2.8318258277408135,-8.460614565675106e-06,0.1773896188020762,7.838058574912262e-07
5.2909629344940186,-2.09456202062368,-0.0016370115946277074,-2.9241228157060797,-9.288423207698303e-06,0.1833730228381348,8.057211060174548e-07
5.29196572303772,-2.177414788311249,-0.0016986302380193495,-3.0383983598640474,-9.60536510229287e-06,0.19074899620730484,8.287101059717968e-07
5.292971849441528,-2.2449595498883337,-0.0017477406598349694,-3.1312288070888985,-9.744910756252841e-06,0.1967913334549667,8.501330638559257e-07
5.293991565704346,-2.3785740428356053,-0.001853747944350943,-3.3160831119995513,-1.0736827976053132e-05,0.20863664317606592,8.919643075735493e-07
5.295041561126709,-2.5957635008464117,-0.002023620359229287,-3.617224931309954,-1.1995283109669073e-05,0.2278328231676809,9.70896106046895e-07
5.296037435531616,-2.730565878715914,-0.0021243386738258752,-3.803345294318026,-1.252494701972068e-05,0.23981664986611778,1.0090128733689663e-06
5.2970356941223145,-2.8009837066364747,-0.002174855921575886,-3.899642910156292,-1.2816008379058224e-05,0.2461583696098815,1.0284941771352512e-06
5.298035383224487,-2.8857839997655867,-0.0022420997561012853,-4.015886556595953,-1.3621614626035143e-05,0.25377090997955226,1.053306399749491e-06
5.298997163772583,-2.9312437819271913,-0.0022783288763164817,-4.07733220242935,-1.419807710029928e-05,0.25792843108457336,1.0692817103560118e-06
5.29996657371521,-3.0308333710807025,-0.0023620604701608022,-4.213986756983797,-1.5618370484192768e-05,0.266856480252837,1.0994392250308073e-06
5.300976037979126,-3.1574637735951687,-0.002459243507590979,-4.388107935778782,-1.639820774493289e-05,0.27817685197023684,1.1342611725993737e-06
5.302045583724976,-3.247189568733543,-0.0025278128475069227,-4.510799530971011,-1.6954133266922865e-05,0.28625829784126217,1.1571234952821114e-06
5.303042888641357,-3.2950701385919934,-0.002556223086626507,-4.57529563531033,-1.668232824434191e-05,0.2906567107174047,1.169996202755592e-06
5.304008722305298,-3.298646961668153,-0.00256498754724978,-4.57827491157645,-1.7479445746211727e-05,0.2911470989955051,1.1581893945068476e-06
5.304999589920044,-3.3502053253277317,-0.002609627261639512,-4.647807837493533,-1.8412213219489793e-05,0.2958760815300797,1.1675518469698678e-06
5.305996894836426,-3.3322611594922082,-0.0025865059322803235,-4.620915682212473,-1.7890625507829435e-05,0.2944671377307592,1.1530654739962433e-06
5.30697226524353,-3.2756698190744693,-0.0025374739694849005,-4.540477705425087,-1.750448156702336e-05,0.2896388616417688,1.1271245464289717e-06
5.3079798221588135,-3.180300191611209,-0.0024725996270421697,-4.406368815510991,-1.7994366076696643e-05,0.2813746766233826,1.083706269058674e-06
5.308999538421631,-3.084952173548691,-0.002400275453003907,-4.272431256123759,-1.7865675160938722e-05,0.27309995998161773,1.0481917365356125e-06
5.30999231338501,-2.993501233512085,-0.002320617483791562,-4.143990104945897,-1.6854668563855944e-05,0.2651615030997922,1.0085933749004605e-06
5.311024188995361,-2.9740673526894494,-0.0023071918762887296,-4.115325914741412,-1.715637828461085e-05,0.26359506387327114,9.946665934903453e-07
5.311979055404663,-2.869809627633037,-0.002222889605837072,-3.9693749900416604,-1.6559515381820058e-05,0.2545029204761175,9.563484516340767e-07
5.31300687789917,-2.773819646472559,-0.002152034389756031,-3.8350074763199062,-1.6605495847594068e-05,0.2461309712622578,9.194664012137343e-07
5.314038276672363,-2.775478804921738,-0.002155428856785161,-3.8357246412651653,-1.7015703474011034e-05,0.2464169480485328,9.143135197398749e-07
5.315037250518799,-2.732437165720341,-0.00211684920878095,-3.774702334670427,-1.6526562194550395e-05,0.24273094983744672,8.920910608100995e-07
5.315968751907349,-2.7372988343206823,-0.002120210857681266,-3.7798635798563343,-1.6675863103178516e-05,0.24329965512506543,8.904419330651227e-07
5.3170366287231445,-2.789629583233629,-0.0021629665152254848,-3.8505230524919143,-1.7433533116375038e-05,0.2480920110947878,9.009290316335311e-07
5.318037986755371,-2.795449405057192,-0.002165565770262711,-3.856933784324461,-1.749067726275498e-05,0.24875235687179065,8.948024928744329e-07
5.318995237350464,-2.8014767850003235,-0.002168430862142494,-3.8636405065190202,-1.7627596825461972e-05,0.24943032588430816,8.893397746105358e-07
5.319972276687622,-2.8076376354464294,-0.0021781422691706446,-3.8705407748906104,-1.8327287571024443e-05,0.25011934600041225,8.840337293925382e-07
5.320970296859741,-2.837357733950129,-0.002201266703302155,-3.909903660876273,-1.8733491501145903e-05,0.25290852056037466,8.858666304266751e-07
5.322035551071167,-2.882744195924938,-0.002232407733527719,-3.970836128944743,-1.9008951585109773e-05,0.25709577427572294,8.923841858072192e-07
5.323044061660767,-2.932040954198319,-0.002265971177950501,-4.037046665707068,-1.9032888039348867e-05,0.26164128363187517,9.012175246173584e-07
5.32397985458374,-3.00680839089675,-0.002327042670738532,-4.138245235104597,-2.0012157036372706e-05,0.26846687804363395,9.162161404169217e-07
5.325006484985352,-3.0003422914387174,-0.00232881396749458,-4.127606766252845,-2.0871319939494755e-05,0.2680425972753608,9.082874970916121e-07
5.326015472412109,-3.070686038952543,-0.002375656855286238,-4.222625125108188,-2.1033584399084304e-05,0.27448130465945164,9.260217836878719e-07
5.3270368576049805,-3.0620013322124526,-0.0023736376373263163,-4.2089441721748955,-2.1680814802019573e-05,0.2738579672235431,9.149664426089427e-07
5.327973365783691,-3.013849952729138,-0.002332171190812069,-4.141057824803584,-2.1134287814179168e-05,0.26970091526900714,8.91241640940272e-07
5.329038143157959,-2.9419365230649004,-0.002280523075756617,-4.040583082320398,-2.1251152473995083e-05,0.26341210844317325,8.600145030805404e-07
5.3300158977508545,-2.862119591130428,-0.0022208594997160285,-3.9293304375638383,-2.11090988109521e-05,0.2564088597699648,8.333563505014201e-07
5.3310558795928955,-2.848793867530214,-0.0022152629411461375,-3.9093688498113215,-2.1633158984123536e-05,0.2553617481100527,8.218425362121916e-07
5.332035541534424,-2.7706788088185177,-0.002143814378458213,-3.800529157099025,-2.0347871759533905e-05,0.24850423183708312,7.924400559197179e-07
5.333017587661743,-2.613039898400498,-0.002018658624706403,-3.5827359759395656,-1.9176929716164004e-05,0.23450280604409263,7.431785074889972e-07
5.334038496017456,-2.4862202005223457,-0.001925486159332145,-3.4073607743301992,-1.8853803101036455e-05,0.22325296119862034,7.013150049988069e-07
5.335038185119629,-2.3276076086202555,-0.001800192533804044,-3.188584643338902,-1.767176418239719e-05,0.2091331724807676,6.526369196972982e-07
5.336003541946411,-2.2040911928894418,-0.001701211884019297,-3.018048850476972,-1.664992059108136e-05,0.198152469048784,6.1250680209882e-07
5.337038993835449,-2.0940977915233563,-0.0016128196218629003,-2.8661629419899373,-1.5696711509697294e-05,0.18837581784849963,5.771359863324047e-07
5.338027000427246,-1.9711882384784714,-0.0015222625803143906,-2.6967254953913504,-1.5244273498275922e-05,0.17742614483052926,5.378391660094966e-07
5.338967800140381,-1.8142610304847102,-0.0014039948960726009,-2.4808933946763605,-1.4459393111038854e-05,0.16340188696906502,4.927311922942826e-07
5.339968919754028,-1.663745835931452,-0.0012854589432184365,-2.2740214713858133,-1.3268931776487211e-05,0.14993822035361967,4.490471186088154e-07
5.340965032577515,-1.4927823494657237,-0.001152747890482178,-2.039383909738843,-1.1977079219370764e-05,0.13461560958916724,4.001917351209221e-07
5.341969728469849,-1.3863473219088873,-0.001073591676461098,-1.8930813091103684,-1.15109100436589e-05,0.12509631004513064,3.676330468670955e-07
5.3430163860321045,-1.2610613218860112,-0.0009732690612319505,-1.7211874497044688,-1.032415402664111e-05,0.11386279588997567,3.3177092520695115e-07
5.343974351882935,-1.1262744432165939,-0.0008680939324814192,-1.5364782177134915,-9.24061502131512e-06,0.10175805006878183,2.937861944678139e-07
5.345003128051758,-1.0890864967746285,-0.0008390172960661187,-1.4850218414410203,-9.001401531074453e-06,0.09846186751789254,2.8307467689162153e-07
5.346012830734253,-0.998317501655987,-0.000767553944026615,-1.3605838140615139,-8.241061006207354e-06,0.09031461799910494,2.573839378444587e-07
5.347008466720581,0.0,0.0,0.0,0.0,0.0,0.0
5.347992658615112,0.0,0.0,0.0,0.0,0.0,0.0
5.34900426864624,0.0,0.0,0.0,0.0,0.0,0.0
5.3500072956085205,0.0,0.0,0.0,0.0,0.0,0.0
5.351005792617798,0.0,0.0,0.0,0.0,0.0,0.0
5.352008104324341,0.0,0.0,0.0,0.0,0.0,0.0
5.352998971939087,0.0,0.0,0.0,0.0,0.0,0.0
5.354004144668579,0.0,0.0,0.0,0.0,0.0,0.0
5.355041027069092,0.0,0.0,0.0,0.0,0.0,0.0
5.355973720550537,0.0,0.0,0.0,0.0,0.0,0.0
5.356998443603516,0.0,0.0,0.0,0.0,0.0,0.0
5.358038425445557,-1.003698584905114,-0.0007707709726906346,-1.3596616101679855,-9.431101466750299e-06,0.09152795213051254,2.3460620683022166e-07
5.359037637710571,-1.6548761052008691,-0.0012687274716715739,-2.240641983010821,-1.552654876960603e-05,0.1510094238449971,3.844971039909289e-07
5.35999870300293,-2.058617717192117,-0.0015783673484442778,-2.7858944083858765,-1.9530537557148206e-05,0.1879744422101439,4.739122749569501e-07
5.3610007762908936,-2.3623811783877002,-0.0018113178578034479,-3.19536376531048,-2.26382702564906e-05,0.21585296851167948,5.388053407058231e-07
5.362043380737305,-2.5924285168406285,-0.001986894530868044,-3.504736910089595,-2.5013550119352276e-05,0.2370300897134349,5.894676772161794e-07
5.363026142120361,-2.7342075960456746,-0.002090776377524995,-3.6945168213671997,-2.6254706422564572e-05,0.2501597740211919,6.16224054117504e-07
5.363969326019287,-2.907082959098412,-0.0022315103349454884,-3.9260876928997104,-2.8968616910365695e-05,0.26615451354091096,6.49871819355206e-07
5.365036964416504,-3.1193544465385528,-0.0023904321017313894,-4.210613988873642,-3.1071900110712556e-05,0.28577811828165683,6.914216971468429e-07
5.36603569984436,-3.327572583938723,-0.0025448167606713173,-4.489427197819636,-3.303653652988102e-05,0.30505164960539954,7.354161598999829e-07
5.3670032024383545,-1.794381558594153,0.0006753384254093169,-4.570066641113951,7.324369904867241e-06,-0.024627978321105026,1.9613303267744222e-07
5.367973327636719,-1.0171348887126244,0.002341443141516645,-4.643054185754912,2.860728786794476e-05,-0.19458356354810968,-7.526585994473235e-08
5.36903715133667,-0.7380192786945159,0.0029891937724116314,-4.721313219607502,3.782517491970491e-05,-0.260196277207822,-1.7703129973156234e-07
5.370001792907715,-0.6745934915675527,0.003199563833801574,-4.7995136899362585,4.0706559029610566e-05,-0.28042270147636156,-2.0660329274692015e-07
5.371013879776001,-0.6647379935201521,0.003237432177463228,-4.8130164018985875,4.097861643855148e-05,-0.28368453518970116,-2.1043113070495215e-07
5.3719823360443115,-0.64913133454671,0.003306849319378293,-4.852116094140117,4.304950748539025e-05,-0.29040895014758283,-2.1484687548486086e-07
5.372974634170532,-0.5009116435398515,0.003501531368654462,-4.737990494352969,4.652405411395311e-05,-0.3115513192363584,-2.5137006565495455e-07
5.373995065689087,-0.40748872430990835,0.0035554893880376157,-4.591735838072662,4.6466685385858005e-05,-0.3183370884429093,-2.667381035327714e-07
5.374994277954102,-0.26784357810639037,0.003707567799320775,-4.449084399935386,4.8768112558148875e-05,-0.33516509850771237,-2.9854287860385845e-07
5.3759729862213135,-0.24243939899797295,0.0036423523339394874,-4.323572743326817,4.900098263913186e-05,-0.32946511413942164,-2.9196601966338127e-07
5.3770012855529785,-0.21576899322859555,0.0035193380720582,-4.136661843637918,4.804877300004765e-05,-0.318628410248678,-2.8254364250878936e-07
5.378010272979736,-0.09215479234235868,0.0035898956888772435,-3.9421378864558125,4.941897219581453e-05,-0.3275187289617467,-3.031045217369358e-07
5.3790123462677,0.1277241104688307,0.003791969632299267,-3.679862384331328,5.172618106368979e-05,-0.3507010015731514,-3.4841826984170216e-07
5.380004167556763,0.2918997895018425,0.0038828343607318658,-3.4216940981419253,5.413810868386349e-05,-0.36252475562447906,-3.7535753015262775e-07
5.381014347076416,0.40438811099355565,0.0039003943714875653,-3.19758166021866,5.5327166260289994e-05,-0.36647040472418185,-3.876386462049693e-07
5.382049560546875,0.3525539092137522,0.003669979522060042,-3.066139335887744,5.281142806851764e-05,-0.3439975673206661,-3.5809313894325647e-07
5.38302755355835,0.39715267520892406,0.003605399338156146,-2.902354798417679,5.247373434882335e-05,-0.3389681094251684,-3.5628666607262603e-07
5.384041786193848,0.4899927296586841,0.003622368555954073,-2.72247252181102,5.294306670669789e-05,-0.34267201595560587,-3.666225893532486e-07
5.385038614273071,0.5841510275508965,0.0036070680840318455,-2.5060855604943395,5.221202991651575e-05,-0.34344086741050883,-3.7352633611404016e-07
5.386038541793823,0.5938371879131845,0.0034720526239970647,-2.343103030638608,5.1247956314965685e-05,-0.33113637568005605,-3.6221299858103515e-07
5.387005090713501,0.5695924093825413,0.0033784371116072276,-2.296890939146437,4.9711035524514414e-05,-0.32196861018018597,-3.483619509135581e-07
5.388038635253906,0.5134431415365095,0.003189290913731526,-2.2194073808812558,4.676130871758799e-05,-0.30333625212109094,-3.237001858482216e-07
5.3890464305877686,0.41626567748524845,0.0029928139667708244,-2.2188054339883054,4.483222759204577e-05,-0.28283714601508697,-2.9232613795852386e-07
5.390014171600342,0.34641158635749125,0.0028270588417424495,-2.1926797684167827,4.313468581813019e-05,-0.26584078955873114,-2.682979682700497e-07
5.3910276889801025,0.40612118453629953,0.00281211988316652,-2.049800446306002,4.2616598690364015e-05,-0.2658303075474894,-2.732712509651876e-07
5.392040491104126,0.32013342199021855,0.002607804141618503,-2.0198919056287656,3.975845626742039e-05,-0.24510653293244675,-2.4435948572159545e-07
5.393035650253296,0.16795867612729043,0.00232169884984323,-2.0458792617173023,3.5219334898077534e-05,-0.21537585601973935,-2.025281133309959e-07
5.393969535827637,-1.6410427255970628,-0.001245855470591898,-2.18606400255729,-1.9672582080324988e-05,0.15290174352198566,2.8516255630878475e-07
5.394996404647827,-1.723738209396073,-0.0013111653424050776,-2.295357628658027,-2.1052662850805844e-05,0.16068303402077475,2.958231997328778e-07
5.3960394859313965,-1.6676167826638935,-0.0012681768081808855,-2.2197985782390033,-2.0477809753717933e-05,0.15552428274742644,2.8522312825721794e-07
5.396970510482788,-1.666091925840529,-0.0012641001378657006,-2.216940401006232,-2.0327210437913792e-05,0.155454972142114,2.822804133614163e-07
5.397970199584961,-1.6918508585839103,-0.0012859287217334495,-2.250376446604855,-2.0961617432861032e-05,0.15793227971696575,2.8418480337751094e-07
5.3990161418914795,-1.75933938104462,-0.0013361757870457248,-2.3392649057323087,-2.180947325938284e-05,0.16430967974165583,2.936252237303274e-07
5.400045871734619,-1.7197479871991448,-0.0013061655652613587,-2.285800159186225,-2.138386807551257e-05,0.16068454840965113,2.8541696870847295e-07
5.401038646697998,-1.7266214879566641,-0.0013107062528809436,-2.294113774032832,-2.152856382655877e-05,0.1613991347694355,2.8337107122073e-07
5.402039289474487,-1.732701020995419,-0.0013153350249597482,-2.3013610558412028,-2.173908295689051e-05,0.16204050776138693,2.8091243952256607e-07
5.403013467788696,-1.714451759441157,-0.0013050425314799058,-2.2762843288077237,-2.1965508411377665e-05,0.16040761582498608,2.758989094861136e-07
5.403974533081055,-1.659961315509499,-0.0012610684708260504,-2.203132557813445,-2.115178421956154e-05,0.15538018238022674,2.644261421986697e-07
5.405036687850952,-1.6114179556921646,-0.001221225469549912,-2.1379231285652813,-2.0346536049172113e-05,0.1509050891893431,2.549925670724875e-07
5.4060351848602295,-1.5618370226598535,-0.0011824807864672358,-2.0713896930159055,-1.9777347988252936e-05,0.14632820361709825,2.4464834424486297e-07
5.407036066055298,-1.4916268216406658,-0.0011317035082200255,-1.9775559487501366,-1.9231427757661472e-05,0.13981334781954424,2.3194678046217157e-07
5.4079742431640625,-1.3831051891702333,-0.0010464028085024678,-1.8330141075659288,-1.765077376897669e-05,0.12970007884204685,2.133198031355935e-07
5.408972978591919,-1.2833902632305216,-0.0009702573819403213,-1.7002425584305805,-1.643149934517935e-05,0.12040395558145685,1.9543281642404991e-07
5.410013914108276,-1.1600435461044227,-0.0008769720285438739,-1.5362711331125007,-1.4921731408119454e-05,0.10888129275797684,1.7507433837889222e-07
5.4110496044158936,-1.1009947662042252,-0.0008321047780916169,-1.4575456200753645,-1.4223023801778649e-05,0.10338527511315265,1.646748861290227e-07
5.412036657333374,-1.0500357421279964,-0.0007975376255209065,-1.3895813333217835,-1.399299048264674e-05,0.09864435467742447,1.555685930637123e-07
5.413015127182007,0.0,0.0,0.0,0.0,0.0,0.0
5.414039134979248,0.0,0.0,0.0,0.0,0.0,0.0
5.415038585662842,0.0,0.0,0.0,0.0,0.0,0.0
5.415975570678711,0.0,0.0,0.0,0.0,0.0,0.0
5.417016267776489,0.0,0.0,0.0,0.0,0.0,0.0
5.41803765296936,0.0,0.0,0.0,0.0,0.0,0.0
5.419015884399414,0.0,0.0,0.0,0.0,0.0,0.0
5.4200193881988525,0.0,0.0,0.0,0.0,0.0,0.0
5.421000957489014,0.0,0.0,0.0,0.0,0.0,0.0
5.422037839889526,0.0,0.0,0.0,0.0,0.0,0.0
5.4230122566223145,-1.057466194761645,-0.0007994204753199334,-1.393718693101895,-1.4572785816500646e-05,0.09984363394798558,1.4299262552073956e-07
5.423975467681885,-1.661792675603854,-0.0012549059157657466,-2.1893500700848865,-2.288800118653482e-05,0.15697835934523505,2.2291951298055521e-07
5.425039529800415,-1.9952345958653674,-0.0015102196217319328,-2.6276040656363353,-2.7928999991293538e-05,0.1885681855586659,2.6467186019179915e-07
5.4260077476501465,-2.165046863458412,-0.0016411706194048937,-2.850076081115838,-3.0639436589035895e-05,0.20471914823629328,2.847472014076638e-07
5.42700457572937,-2.2772076554214147,-0.0017198515798542504,-2.9964860055525815,-3.176743476079579e-05,0.2154337037055148,2.967148098106499e-07
5.427973031997681,-2.384626697319918,-0.0018003915039893458,-3.136542508447868,-3.332592046582549e-05,0.22570969680842504,3.0846353571963555e-07
5.42900276184082,-2.393090723745605,-0.001810149823546056,-3.1463500952948906,-3.3957485665574014e-05,0.22662746083358412,3.051617950715849e-07
5.430022954940796,-2.42459362637527,-0.001832611629780293,-3.1864049272113584,-3.4461479676176506e-05,0.22973084593592988,3.0582606551281185e-07
5.431015729904175,-2.443419925040607,-0.001850031868057087,-3.2097868911125533,-3.524361111248925e-05,0.23163428675732917,3.0551340875782536e-07
5.43198299407959,-2.532458333480889,-0.0019178875756942558,-3.325311320616763,-3.686559243791653e-05,0.24020181772216473,3.1359253052721005e-07
5.432996988296509,-2.527630200368089,-0.0019150857089043928,-3.3174965581097746,-3.715685489493685e-05,0.2398736779880734,3.100010492997219e-07
5.433992862701416,-2.5564823290236305,-0.0019337058881920704,-3.3538444859579313,-3.7548373317480045e-05,0.24274554770810397,3.104834887138845e-07
5.4349963665008545,-2.5981929064698885,-0.001960132423526255,-3.4070029418815633,-3.792878642353877e-05,0.24684350817565648,3.109664564426313e-07
5.435969829559326,-2.5696570236620366,-0.0019403322009212793,-3.3680443132636197,-3.782058077326128e-05,0.24426791813545676,3.0383920335052804e-07
5.43699836730957,-2.586660549197602,-0.001959401220832426,-3.3887620808627505,-3.891301450446159e-05,0.24602229723398739,3.036456595903482e-07
5.43799352645874,-2.545687826638409,-0.0019313889832512266,-3.333546179884249,-3.880126146653719e-05,0.24226063650380503,2.948771966497182e-07
5.439002752304077,-2.5525363869697615,-0.001931637699320867,-3.3409616647714095,-3.8659552410351807e-05,0.2430490102416949,2.921113163148013e-07
5.440042972564697,-2.5872774441957644,-0.001958495187398122,-3.3848540339829896,-3.947327977919765e-05,0.24649600008384467,2.939153388345056e-07
5.44103479385376,-2.5551654884704047,-0.0019267856135158348,-3.3412650381076636,-3.851188688902972e-05,0.24357547548630137,2.878091380901669e-07
5.442036151885986,-2.49368745768401,-0.0018842501764110044,-3.2593394225110344,-3.8212640211504266e-05,0.23784995318206903,2.7690126487225963e-07
5.443007707595825,-2.4376630140548285,-0.0018429595257948856,-3.1846191395813888,-3.767464335336251e-05,0.2326377957823512,2.68350501523519e-07
5.444034576416016,-2.36414294296475,-0.0017776566299875511,-3.0871434851345865,-3.583960280188533e-05,0.2257470296887373,2.571181173519007e-07
5.445037364959717,-2.3303233120060423,-0.0017498270074062237,-3.0415644161880526,-3.526348478094372e-05,0.22264233731674568,2.502801798063028e-07
5.445966720581055,-2.215204297066214,-0.0016714385127657098,-2.889964458595457,-3.4513533677117736e-05,0.21176209504612326,2.3563841217433097e-07
5.447005033493042,-2.2091053945273145,-0.0016657392438715899,-2.880658055833632,-3.449159927200873e-05,0.2112978493060246,2.326606601029423e-07
5.447990894317627,-2.184669814542635,-0.0016447531774388903,-2.847468435947142,-3.405521925269213e-05,0.20907728970449194,2.2761680305633539e-07
5.448997974395752,-2.1753981277399985,-0.0016360537145859012,-2.8340713515455795,-3.395352554988727e-05,0.20830547015871717,2.238298443619814e-07
5.449974536895752,-2.1736158297851844,-0.0016364568683133371,-2.830461057343446,-3.4273692041952656e-05,0.20824818087869265,2.2057162485003982e-07
5.450975179672241,-2.1513303801499073,-0.001621416956236533,-2.8001867708692583,-3.426543200130879e-05,0.20622345995089086,2.1602460573598598e-07
5.451969146728516,-2.1187189731956457,-0.001595963780599993,-2.7564970164438973,-3.382464671089931e-05,0.20320671846208657,2.1016188135513399e-07
5.45296311378479,-2.153956151214729,-0.001618047834842115,-2.801083150439286,-3.4148730580843475e-05,0.20669704010739087,2.1065709744924921e-07
5.453966379165649,-2.1744009598738088,-0.0016362193746300073,-2.826411487286026,-3.494685558780117e-05,0.20876973455221098,2.1038335864306446e-07
5.4549713134765625,-2.163093846883606,-0.0016312378841010118,-2.8104647334458286,-3.525525393183255e-05,0.20779403290525952,2.0657627998451493e-07
5.4560370445251465,-2.184608810121833,-0.0016417530206888178,-2.837173777942321,-3.5307862292853236e-05,0.2099703844766369,2.077046718353769e-07
5.457037925720215,-2.2509732741576443,-0.0016911791957664023,-2.922083126165561,-3.655999524290845e-05,0.21646144464082356,2.1130871071426147e-07
5.458031892776489,-2.3356595648451237,-0.0017546313239984125,-3.0307135392187425,-3.811337142019639e-05,0.22471996325602414,2.1700086453525956e-07
5.459046840667725,-2.4051319330053333,-0.0018105021452403595,-3.1195215548129887,-3.980046836452107e-05,0.23152184420832267,2.2144946827323408e-07
5.459971904754639,-2.442574004132336,-0.001834363064526109,-3.1667171162290773,-4.02062667452668e-05,0.2352464457574975,2.2225780293999495e-07
5.461023330688477,-2.4924815185350213,-0.0018655576305085658,-3.2300366225231065,-4.060711472834117e-05,0.24017486900167537,2.2422718126980674e-07
5.462032079696655,-2.4672912189283727,-0.0018555047607435161,-3.1960371358294952,-4.123498092029971e-05,0.23786678629428787,2.1905681451874528e-07
5.4630348682403564,-2.457440355237006,-0.0018450467803597676,-3.181933207537459,-4.0917945280885564e-05,0.2370353098566976,2.156269723518995e-07
5.463977813720703,-2.455209868548958,-0.001838753947700882,-3.177729013565424,-4.0594013987822766e-05,0.23693598387646203,2.138531129210243e-07
5.465006113052368,-2.5585256110710395,-0.0019198161810520032,-3.310081174987214,-4.2914705647094965e-05,0.24702662580380838,2.2006079445663342e-07
5.466034889221191,-2.6372934789732883,-0.0019789016890852653,-3.4105521112859463,-4.4441503410512166e-05,0.25475794228258314,2.2449092214701154e-07
5.4670329093933105,-2.7323321838672734,-0.0020539247793269592,-3.531959069559273,-4.658200577991246e-05,0.26407027326709615,2.2966597397015704e-07
5.467965364456177,-2.9088516548964427,-0.002193088474014499,-3.758518813640094,-5.043670656157835e-05,0.28127271213977295,2.426153393420433e-07
5.469033718109131,-2.975481701555996,-0.002234509235791811,-3.8429526589287404,-5.097480257161327e-05,0.28786149392009647,2.458122477347325e-07
5.470034837722778,-3.0360417347349373,-0.0022801447049111056,-3.919461494335198,-5.220765759559952e-05,0.29387054689653835,2.476768511903748e-07
5.471026182174683,-3.122175957289538,-0.0023438832462478404,-4.028887678422644,-5.3859732360166774e-05,0.3023636824528343,2.5110063956142684e-07
5.471996545791626,-3.1681056639085803,-0.0023724881914883164,-4.086363144010724,-5.439001556706856e-05,0.3069694507773548,2.514539180665484e-07
5.473012685775757,-3.1653700902172335,-0.002368188995608747,-4.081022175039207,-5.442213766871833e-05,0.30686389120436314,2.485449171096743e-07
5.473997116088867,-3.195345337088345,-0.0023903027596434297,-4.1178528117619395,-5.523250183614784e-05,0.3099295870455268,2.490757283853944e-07
5.474994897842407,-3.213086950738387,-0.0024098880050780406,-4.1388739365419855,-5.644867793161862e-05,0.31181256447339706,2.4780960220698354e-07
5.475969314575195,-3.249217714281825,-0.002431257105720421,-4.183576707305824,-5.686514839322341e-05,0.315480632473458,2.472946812086035e-07
5.476996660232544,-3.2169507912010746,-0.0024064623569691524,-4.140206388082969,-5.654254130626005e-05,0.3125082602593428,2.4308539700600315e-07
5.477993726730347,-3.179089209005395,-0.0023796170927554545,-4.08964364373653,-5.61965942211048e-05,0.3089917052641184,2.3630024685903271e-07
5.4790003299713135,-3.1383727380135427,-0.0023525031433614552,-4.035457323473922,-5.5925321923158646e-05,0.30519335650103724,2.308464142074005e-07
5.479996681213379,-3.0186741392262477,-0.0022658918391315185,-3.8798059952726165,-5.431445482157827e-05,0.2937060895290557,2.1909440622144902e-07
5.4810333251953125,-2.9083955117376976,-0.002187641818046727,-3.736387049750225,-5.300694710450444e-05,0.28312433499367096,2.0913835215744806e-07
5.482034921646118,-2.8314037805969594,-0.0021304072572478658,-3.635863502349988,-5.184824709475225e-05,0.27577134752471766,2.0076997870970298e-07
5.483007431030273,-2.7710725116546318,-0.002083230725263195,-3.5568076522933607,-5.086971071031461e-05,0.2700345637433288,1.9373445370357702e-07
5.483965635299683,-2.6168242636709156,-0.0019593524432798323,-3.3573503616979634,-4.76074818344935e-05,0.25513297425261067,1.8073177926250258e-07
5.4850358963012695,-2.5423575764379702,-0.0018945892847660561,-3.2603735308185833,-4.566897914403542e-05,0.2479991439177358,1.7344556176479491e-07
5.486031532287598,-2.4544565008930963,-0.0018330404427099724,-3.146254691728768,-4.475845190328133e-05,0.23954721691576333,1.6606817972267648e-07
5.486962080001831,-2.4130517584846967,-0.0018022637753083938,-3.091841211745193,-4.414967970320298e-05,0.23562404561557418,1.6051523410852052e-07
5.487993001937866,-2.3457997782053233,-0.001747379506605235,-3.0043563034780214,-4.260613166819129e-05,0.22917290069189283,1.5457834457876726e-07
5.489014625549316,-2.314755433148245,-0.0017272328753601286,-2.963299202835113,-4.24476071682369e-05,0.2262541959051443,1.5036891895611717e-07
5.49003267288208,-2.326350542131849,-0.0017396443980812455,-2.9768614789292127,-4.32089449584591e-05,0.22750032702884354,1.4889244029609105e-07
5.491008758544922,-2.207717351497455,-0.001652415274387485,-2.82384927732997,-4.132534931682922e-05,0.2160049785835985,1.3955400626129225e-07
5.4919657707214355,-2.1755492757308255,-0.0016322819243345039,-2.781529565385142,-4.131702569017494e-05,0.2129609510031369,1.360659044657074e-07
5.493010520935059,-2.1374506244252385,-0.001600962476909784,-2.7316705547107354,-4.052791834934589e-05,0.20933258771836669,1.320563002709692e-07
5.4940385818481445,-2.042974246218257,-0.0015230260784105747,-2.609831397793629,-3.8211549607250347e-05,0.20017660331402043,1.241456336849788e-07
5.4950315952301025,-1.9982181018051182,-0.00148669696863371,-2.5515668054874077,-3.7239036117064784e-05,0.19588719461633816,1.2014458280749254e-07
5.495969533920288,-1.9291371344567263,-0.0014347112805023444,-2.462320089254446,-3.6056280369449894e-05,0.18920627063632903,1.1424644266944221e-07
5.4969940185546875,-1.8683293071961178,-0.001389239858569245,-2.3837099594624505,-3.5046650129331896e-05,0.18332999569065608,1.0929724993783753e-07
5.497983455657959,-1.7666206180636916,-0.001313418446591931,-2.253022159288663,-3.325737401467679e-05,0.17343101470669547,1.0207717515988863e-07
5.4989917278289795,-1.6895880601174382,-0.0012625995238544402,-2.1538950805892583,-3.2584635028437195e-05,0.16594654898339353,9.65695777941967e-08
5.499995708465576,-1.6536478353967856,-0.001235976437279389,-2.1072334987189083,-3.202182357662129e-05,0.162490945203289,9.283689768971911e-08
5.501023292541504,-1.5643079253084167,-0.0011671415911832955,-1.9925896419047313,-3.0164511998825238e-05,0.15378248780873988,8.658752187451785e-08
5.5020318031311035,-1.5220897647082687,-0.0011366619290545986,-1.9380444267144832,-2.9576228339081952e-05,0.1496997662598034,8.355570867105314e-08
5.503009796142578,-1.4747060597096406,-0.0011026293955599291,-1.8769725224289664,-2.8912995582867134e-05,0.14510456289980742,7.965479673688343e-08
5.504035472869873,-1.4288309334222788,-0.0010671519634065513,-1.8178670441892897,-2.801065117072784e-05,0.1406537186179814,7.628756786039885e-08
5.50496768951416,-1.3590785064273618,-0.001015398088410169,-1.7284465350829423,-2.6790024446020257e-05,0.1338468133774191,7.135083913328172e-08
5.506035804748535,-1.351441539123043,-0.001005092206842537,-1.7180623973878475,-2.629167600555037e-05,0.13315379904591385,6.987840527975533e-08
5.506963729858398,-1.2966779844490877,-0.0009629887921553547,-1.6478010796870204,-2.5159766398032118e-05,0.12781454328892466,6.620014220888544e-08
5.507964849472046,-1.3006045699622568,-0.0009703042595585884,-1.6521491935679085,-2.576107911499361e-05,0.1282580634639716,6.525860040968037e-08
5.508967161178589,-1.3298264748056072,-0.0009919821249574018,-1.688616067449961,-2.6430880441115955e-05,0.13119726716787905,6.60931293797382e-08
5.509965658187866,-1.3717546556690754,-0.0010182760520662537,-1.7411873629401233,-2.6893589259119968e-05,0.1353926815292494,6.740025833032609e-08
5.51099419593811,-1.4200819928621446,-0.0010523171804216293,-1.8018403340963995,-2.7752672435169007e-05,0.14022329122490426,6.890084245508535e-08
5.511993885040283,-1.5004428040341466,-0.0011154193787438773,-1.903082768974692,-2.979640728493381e-05,0.14822187158462236,7.153019388117771e-08
5.513017892837524,-1.5187034815157163,-0.0011302640483918918,-1.9255216416338146,-3.0388383223992793e-05,0.15008929740902607,7.145075568988764e-08
5.514007568359375,-1.5553309693718058,-0.0011567436186665752,-1.9712217952046032,-3.1108220390777006e-05,0.15377410692205828,7.203094880865571e-08
5.514993906021118,-1.7577998207921022,-0.0013052391472825667,-2.226983194936841,-3.505816839318379e-05,0.17386654836727414,8.030129534315828e-08
5.515969753265381,-1.8867369940615442,-0.0014089142622860824,-2.3894331720898276,-3.853483028413484e-05,0.18669933180380843,8.47410270952743e-08
5.517000913619995,-2.0572220536871537,-0.001533913520640923,-2.6043366483157766,-4.193304078921377e-05,0.20365788103276924,9.110626535120292e-08
5.518034934997559,-2.248606544353967,-0.001671668503458136,-2.84550971027615,-4.544467288599409e-05,0.2227019463613607,9.819651008393617e-08
5.519037246704102,-2.4505093895268404,-0.0018186546803950247,-3.0997865142959182,-4.935785124653187e-05,0.24280594434760722,1.0544815615337877e-07
5.51996922492981,-2.5793045255249867,-0.0019222031299625812,-3.261410831902771,-5.2955063602673025e-05,0.2556815012731572,1.0922024502957361e-07
5.520962953567505,-2.6221130438034526,-0.0019555359646668004,-3.3141955962161656,-5.415348511514075e-05,0.26004335418762087,1.0936033664286482e-07
5.522062540054321,-2.774563986912011,-0.002069969754494638,-3.5054528660273023,-5.763351357712165e-05,0.2752883921212035,1.1378925761982988e-07
5.523033142089844,-2.8538319522434485,-0.0021270780121029603,-3.604128717369811,-5.9318030282022485e-05,0.28328289643052645,1.1510859763420955e-07
5.523975610733032,-2.8718143207456546,-0.002137782482522056,-3.6253172278113417,-5.9705020604087553e-05,0.28520179755821223,1.1407966763604946e-07
5.524983167648315,-2.88389710594607,-0.0021464544533478097,-3.639025808830743,-6.016308093210099e-05,0.2865376604168344,1.1254950991308897e-07
5.526039361953735,-2.86412587721123,-0.0021280684439112987,-3.6125217996859718,-5.963912500678054e-05,0.28471014646758863,1.0978325699309762e-07
5.527041435241699,-2.8324630270426088,-0.002100211831227683,-3.571022415570001,-5.8811909282554257e-05,0.2817002283836552,1.0638115113083891e-07
5.528040647506714,-2.7163527979293685,-0.0020235400636727176,-3.423139847049979,-5.753585296756529e-05,0.2702843043358914,9.988212416053524e-08
5.529031753540039,-2.6365951236877074,-0.0019623851567998206,-3.3211422308713057,-5.586043828635258e-05,0.2624790801894611,9.571268587898496e-08
5.530008792877197,-2.5749895673430565,-0.0019128290175640854,-3.2420817413086747,-5.43495648595584e-05,0.2564745940905065,9.173839550446057e-08
5.531009674072266,-2.4934794085862038,-0.0018501379468596182,-3.1380133339281686,-5.251769794909153e-05,0.24848287664315263,8.738412173927717e-08
5.5320353507995605,-2.455830772286574,-0.0018176404426342612,-3.0891649206478338,-5.15095829431126e-05,0.24486026370927289,8.467126045731184e-08
5.533012390136719,-2.3903806658953255,-0.0017758770100808152,-3.0054009277037683,-5.1072545770428886e-05,0.23846079427900832,8.085731546239805e-08
5.53403377532959,-2.360748570743503,-0.00175096449756553,-2.966743939018686,-5.03895289687039e-05,0.23562801641958536,7.820663752753191e-08
5.535033702850342,-2.324165199281402,-0.0017200830767555198,-2.91937901028111,-4.953550910441601e-05,0.2320989888220291,7.539328268376197e-08
5.536033630371094,-2.2302757358496534,-0.0016476822854967195,-2.800120009975087,-4.7483603125416816e-05,0.22283943817334795,7.100287683474088e-08
5.536993503570557,-2.2362726127324764,-0.0016481463320852264,-2.806286446682174,-4.740575420636792e-05,0.2235585341125627,7.017352333103275e-08
5.538034915924072,-2.2714933651222275,-0.0016792817463364804,-2.849102416857812,-4.880571475673008e-05,0.22720117540824894,6.959561082271652e-08
5.539045095443726,-2.317119294985743,-0.0017160126823592182,-2.9049137537369885,-5.018134915628538e-05,0.23188947331874563,6.963029944234636e-08
5.539970397949219,-2.3929861051143018,-0.0017679267086922966,-2.9985498376197603,-5.1613478376200654e-05,0.23961187376953624,7.031250097946768e-08
5.540966033935547,-2.4590940901834437,-0.001824993362442128,-3.079871955781065,-5.4099528615073255e-05,0.24636464816856107,7.08545391273947e-08
5.541998863220215,-2.524416246001096,-0.0018696872475391219,-3.1601326823665064,-5.541482854241247e-05,0.25304548501332796,7.147007446225904e-08
5.54299783706665,-2.585304634015641,-0.0019088748517310451,-3.234749767120774,-5.637505597992966e-05,0.2592900972316082,7.169466730713075e-08
5.5440404415130615,-2.697934796245461,-0.0019922451192171953,-3.374026544753601,-5.913723813661842e-05,0.2707311263432047,7.338936546556653e-08
5.545033693313599,-2.8074113699953616,-0.002074781604309863,-3.5092285257433757,-6.194120973078322e-05,0.2818672226466095,7.48274303813496e-08
5.546033143997192,-2.890384710697262,-0.0021295870200840846,-3.6111981251579564,-6.344320576542181e-05,0.2903514875818166,7.546774390557505e-08
5.547031402587891,-3.014202558525777,-0.002226991220543118,-3.764067956585076,-6.700365877490783e-05,0.3029502175395749,7.694487359759704e-08
5.548015832901001,-3.0545339132833482,-0.002248433205315665,-3.8125494035204244,-6.730585630073554e-05,0.30716956589822986,7.605727602305956e-08
5.549038887023926,-3.1029931751674447,-0.0022793417693041146,-3.871153169049106,-6.817140177629893e-05,0.31220826235113086,7.572816615944978e-08
5.550023317337036,-3.1847225595380086,-0.0023500310362342307,-3.9711935877650686,-7.130283078279987e-05,0.3206005688469643,7.626555317715535e-08
5.551013946533203,-3.2539328139745622,-0.0023968700102744286,-4.055538477296659,-7.270598535102063e-05,0.3277400551529677,7.588468788377035e-08
5.551995515823364,-3.291955732305503,-0.002423484240064877,-4.10097334792643,-7.363078533636832e-05,0.33174180804933634,7.522788668188376e-08
5.552996397018433,-3.314322633157787,-0.0024375402751654037,-4.126826380788703,-7.414660230456728e-05,0.3341727366472433,7.388952165204306e-08
5.553994178771973,-3.2746176837201437,-0.002408873189317223,-4.075417707539789,-7.362508385036959e-05,0.33034277903860043,7.168099385849782e-08
5.554994821548462,-3.2580447084721484,-0.0024006990908295826,-4.052825668407979,-7.395858404137279e-05,0.32884392526906603,6.967805979969437e-08
5.555997610092163,-3.2279373837922054,-0.0023733550114008514,-4.01345669612199,-7.305450592885691e-05,0.3259738133886007,6.719539276863377e-08
5.557012557983398,-3.16610649957057,-0.0023293588373298237,-3.9347260304414484,-7.205798897525566e-05,0.3198928946206452,6.443248001562254e-08
5.558039903640747,-3.10918543993409,-0.0022891404065419766,-3.8621710423604996,-7.12774594235519e-05,0.3143015435129409,6.169569769316279e-08
5.559049844741821,-2.9797042227852244,-0.0021900634472044366,-3.6995720943925408,-6.818689359489147e-05,0.30136740332806755,5.777134985896957e-08
5.560035943984985,-2.9180689642486546,-0.0021435372090906906,-3.6213251395719994,-6.692130203371738e-05,0.2952850773492544,5.539921818597806e-08
5.560969114303589,-2.815172667224788,-0.0020725209319188325,-3.4919871528768827,-6.529190911662403e-05,0.2850174407496326,5.2263655075681226e-08
5.562020301818848,-2.7668293037679335,-0.0020385950266811484,-3.430435503435285,-6.456387610225692e-05,0.28026254283915963,5.018605917409849e-08
5.562963485717773,-2.691478298760662,-0.001986262064838601,-3.3354859628453335,-6.332989627218138e-05,0.27276425190758713,4.7731516620569065e-08
5.563965797424316,-2.656792573302928,-0.0019520895346931987,-3.2910189152597207,-6.183088643831146e-05,0.26937947456694494,4.592559768158058e-08
5.564964771270752,-2.6425651386428615,-0.0019349430915363947,-3.271927443023258,-6.101949000327053e-05,0.2680660711350566,4.4441821170325e-08
5.565964937210083,-2.7179239050582136,-0.0019993320469646556,-3.363725536487282,-6.386947488540098e-05,0.27584332400894257,4.4638010341760214e-08
5.566993713378906,-2.7838708983204197,-0.0020491989419966173,-3.4438207894315376,-6.572862829843642e-05,0.2826701888301372,4.4813268943743945e-08
5.568049192428589,-2.874433815644018,-0.002110238435994886,-3.554313621099349,-6.745536014007814e-05,0.2920012560411182,4.513288068190164e-08
5.569037675857544,-2.9479685062636554,-0.002163373365876341,-3.6436633713943496,-6.938835146235967e-05,0.29961017651525934,4.4969227173100785e-08
5.570013761520386,-3.0130200715735036,-0.002211620022243753,-3.722477322313392,-7.121572314429044e-05,0.30636139790171985,4.45198420614123e-08
5.570990324020386,-3.128259338639159,-0.0022942559043485806,-3.863214779407243,-7.402388024301901e-05,0.3182228425963293,4.506475386609976e-08
5.57196569442749,-3.1638950255557843,-0.0023164935584269004,-3.905574856624171,-7.473349450161354e-05,0.3219929037078682,4.429584069643341e-08
5.57303524017334,-3.1848729267879556,-0.002324022791706229,-3.9298376728595046,-7.470680395099689e-05,0.32427152529595765,4.335844355141274e-08
5.573995113372803,-3.2486556372951982,-0.002379313251504932,-4.006918188145035,-7.737313378785255e-05,0.3309083230908267,4.3073923854441016e-08
5.575005531311035,-3.2333152754555243,-0.002371225269784363,-3.986411550563305,-7.764362166725861e-05,0.3294852958444479,4.17980758441933e-08
5.576000452041626,-3.199303250140598,-0.0023373812155575544,-3.9429409875093384,-7.616149271571002e-05,0.32615457445468243,4.028578227095056e-08
5.577010869979858,-3.134968442606515,-0.0022909771292050174,-3.862144180601771,-7.483720003017923e-05,0.31972865040694876,3.849131269250542e-08
5.578000545501709,-3.105725738174144,-0.0022820018494167853,-3.8246271632043523,-7.543915687318001e-05,0.31687748443016994,3.7086311842504565e-08
5.579002380371094,-3.0688177280294617,-0.0022612612754382842,-3.7777214612332632,-7.539118544751882e-05,0.313239741988668,3.55499205576317e-08
5.579969882965088,-2.9735166179935586,-0.002191875101474658,-3.6590282805261167,-7.330651460633838e-05,0.30363338905789244,3.340924391601668e-08
5.580993413925171,-2.874151606035069,-0.002109425077096783,-3.535438443760682,-7.009902506044301e-05,0.2936028956488165,3.138653519991513e-08
5.5819993019104,-2.751697401944732,-0.0020205206510607835,-3.3835754429701743,-6.74774545389546e-05,0.28120247637007817,2.9237274964923976e-08
5.583035469055176,-2.6134822154168567,-0.0019213525859759562,-3.212444909244323,-6.452134001188005e-05,0.26718148941146647,2.7001963011350262e-08
5.584034442901611,-2.521931123246929,-0.0018426682741981835,-3.0987995603521608,-6.131990097296067e-05,0.2579199296168258,2.5326224231054177e-08
5.585034370422363,-2.4537507699056005,-0.0017918778228408617,-3.0139387685037815,-5.9764524138927063e-05,0.251042533453057,2.38531607750669e-08
5.586016654968262,-2.2879067092419,-0.0016668620212998977,-2.8092189343627743,-5.546410817343782e-05,0.23416428916562904,2.1603937839300257e-08
5.58703351020813,-2.2076476746650346,-0.0016155522754973501,-2.7097084833290395,-5.437156667017363e-05,0.22603470948270202,2.0233943973763492e-08
5.58797025680542,-2.14501525017727,-0.0015763129067470029,-2.6318995807215018,-5.3617332204829534e-05,0.21970403207192568,1.8955745560016097e-08
5.58904504776001,-2.1415418268085538,-0.001570412055333264,-2.6267138362883258,-5.3281434037291846e-05,0.21942956885305212,1.836809298560917e-08
5.590014934539795,-2.066720632920537,-0.0015133012034643097,-2.5340630056826305,-5.136525834469635e-05,0.2118404630951915,1.7157982361906984e-08
5.591040372848511,-1.9268975226968657,-0.0014125878036231414,-2.361820496775545,-4.8187361921111595e-05,0.19757902268297672,1.5507421641787917e-08
5.591974258422852,-1.7544676876875953,-0.0012829047431868177,-2.1497470166749153,-4.362543230987533e-05,0.1799622523263539,1.3669947639856938e-08
5.593005657196045,-1.6414040381354416,-0.001198392546907939,-2.0105418028336413,-4.071376879176014e-05,0.16842371981132614,1.2328077471070886e-08
5.5940022468566895,-1.4822940453672606,-0.0010845393220002206,-1.815046795249542,-3.710716110192846e-05,0.15215053944369114,1.0762014756299633e-08
5.595003128051758,-1.3295492642791837,-0.00097365410885608,-1.6274752563322523,-3.3440175597886904e-05,0.1365193340454746,9.325068957062516e-09
5.595992565155029,-1.2010698901463932,-0.0008786745642300758,-1.4697194105922826,-3.0198462850605832e-05,0.1233697889168059,8.135667185690875e-09
5.597043037414551,0.0,0.0,0.0,0.0,0.0,0.0
5.598007440567017,0.0,0.0,0.0,0.0,0.0,0.0
5.5989954471588135,0.0,0.0,0.0,0.0,0.0,0.0
5.599977970123291,0.0,0.0,0.0,0.0,0.0,0.0
5.601039886474609,0.0,0.0,0.0,0.0,0.0,0.0
5.602025747299194,0.0,0.0,0.0,0.0,0.0,0.0
5.603027820587158,0.0,0.0,0.0,0.0,0.0,0.0
5.603969097137451,0.0,0.0,0.0,0.0,0.0,0.0
5.604966878890991,0.0,0.0,0.0,0.0,0.0,0.0
5.605991363525391,0.0,0.0,0.0,0.0,0.0,0.0
5.607033729553223,0.0,0.0,0.0,0.0,0.0,0.0
5.607970476150513,0.0,0.0,0.0,0.0,0.0,0.0
5.609044313430786,0.0,0.0,0.0,0.0,0.0,0.0
5.610012769699097,0.0,0.0,0.0,0.0,0.0,0.0
5.61096453666687,0.0,0.0,0.0,0.0,0.0,0.0
5.611970663070679,0.0,0.0,0.0,0.0,0.0,0.0
5.613037347793579,0.0,0.0,0.0,0.0,0.0,0.0
5.614036560058594,0.0,0.0,0.0,0.0,0.0,0.0
5.615039587020874,0.0,0.0,0.0,0.0,0.0,0.0
5.6159727573394775,0.0,0.0,0.0,0.0,0.0,0.0
5.616971969604492,0.0,0.0,0.0,0.0,0.0,0.0
5.617980241775513,0.0,0.0,0.0,0.0,0.0,0.0
5.6189799308776855,0.0,0.0,0.0,0.0,0.0,0.0
5.61997652053833,0.0,0.0,0.0,0.0,0.0,0.0
5.620976448059082,0.0,0.0,0.0,0.0,0.0,0.0
5.622004985809326,0.0,0.0,0.0,0.0,0.0,0.0
5.622974872589111,0.0,0.0,0.0,0.0,0.0,0.0
5.624002695083618,0.0,0.0,0.0,0.0,0.0,0.0
5.6250083446502686,0.0,0.0,0.0,0.0,0.0,0.0
5.626005411148071,0.0,0.0,0.0,0.0,0.0,0.0
5.6270105838775635,-1.0956483728458974,-0.0007970032390691967,-1.3272126085151923,-2.8963482971535497e-05,0.11372970088363146,1.7610765525758756e-09
5.627974271774292,-1.6973289246810936,-0.001232187167002399,-2.055258974865658,-4.472224673104887e-05,0.1762552045058784,2.538437976669238e-09
5.629037857055664,-2.1071191305691386,-0.0015317785228253981,-2.550472171232724,-5.585356045440834e-05,0.21889630003193283,2.931216085150374e-09
5.630023956298828,-2.340487024198342,-0.0017046993881361379,-2.83181975666511,-6.251012052730853e-05,0.24323831618632696,3.0016545963732474e-09
5.6310296058654785,-2.6212164624430834,-0.0019080134202171172,-3.1701971363515193,-7.0088722513096e-05,0.27252657871533176,3.1012203467276134e-09
5.631974935531616,-2.7646409207413813,-0.0020092377621919017,-3.3423068101933593,-7.383148068073762e-05,0.28755743226875347,3.015420960595765e-09
5.633036375045776,-2.9157639195590144,-0.002119340372503206,-3.5235663010390934,-7.814262428737605e-05,0.30340287521998277,2.91900847653717e-09
5.634032487869263,-2.99435147034565,-0.0021718450855517323,-3.617049306870379,-8.004053954417813e-05,0.3117111904947161,2.7301214969864286e-09
5.635032892227173,-3.0112364926856476,-0.002188090420185032,-3.6359202700100237,-8.111754068726622e-05,0.31360315488016194,2.49644816288587e-09
5.636035442352295,-3.128764390666755,-0.0022753473115923284,-3.7762463929845906,-8.464010016149192e-05,0.3259823252049501,2.3524730696550087e-09
5.637037038803101,-3.1905642078560823,-0.0023132993540977936,-3.8492149492235295,-8.5783079960272e-05,0.3325637725221492,2.1574491226948854e-09
5.638034343719482,-3.224435393679223,-0.0023443721844978553,-3.888420198814684,-8.759367477183864e-05,0.336240208687956,1.9583285323080734e-09
5.639037132263184,-3.2995655020156196,-0.00239856204634543,-3.9773259448223386,-8.986569145253196e-05,0.34422387744604727,1.7861411164254443e-09
5.640036582946777,-3.310442370189392,-0.002396735621981435,-3.9887498051101153,-8.946624054719939e-05,0.3455070697583969,1.5856244171816312e-09
5.640968084335327,-3.348656665942873,-0.0024248277792668234,-4.03310368417335,-9.082462440334155e-05,0.3496442161875726,1.4067231665529202e-09
5.641984701156616,-3.3963106039819815,-0.0024630022780932157,-4.088773064589898,-9.261773091562895e-05,0.35477169922073615,1.2438154975681343e-09
5.643032073974609,-3.3976413849032956,-0.0024709292474675406,-4.0886301724332,-9.366682538349416e-05,0.3550642710558266,1.06641732885594e-09
5.6439690589904785,-3.4013044845131777,-0.002475484597232534,-4.09129890687482,-9.41644827902911e-05,0.35560013876814556,9.084646904747558e-10
5.645033597946167,-3.4572125237070774,-0.002505464565059306,-4.156769745733726,-9.487132586524681e-05,0.36160175484148077,7.777189866693026e-10
5.646018743515015,-3.3817725836761356,-0.0024555398096670214,-4.064336674297073,-9.351577004054221e-05,0.35386330284624706,6.280022628876411e-10
5.647036790847778,-3.3470718119417664,-0.002435969878930023,-4.0209630818240685,-9.345514882698389e-05,0.3503791377623693,5.014045608898253e-10
5.6479926109313965,-3.3583122097554257,-0.0024377718138322408,-4.032799503801236,-9.331016373633051e-05,0.3517025114741394,3.9490948291377984e-10
5.649034261703491,-3.3414616661805923,-0.0024182257245472356,-4.010901318583365,-9.223789317232858e-05,0.35008419651132267,2.991970516383129e-10
5.649996280670166,-3.255124631335357,-0.002362545786432049,-3.9056800165654395,-9.085293146122972e-05,0.34117836057211837,2.105497759223828e-10
5.651017665863037,-3.2958080913900454,-0.0023935877592706728,-3.9528967342717083,-9.240100870648056e-05,0.34558308946943145,1.4785708360205986e-10
5.65198278427124,-3.26793849970116,-0.002364538337176426,-3.9178841694774005,-9.092168590392869e-05,0.3428004322241325,9.29812252477381e-11
5.653005599975586,-3.282540982581803,-0.0023727456610319994,-3.933785834564035,-9.13303212777769e-05,0.3444734478235589,5.1842888938138367e-11
5.653999090194702,-3.2927663726269842,-0.002381364856592502,-3.9444379449668445,-9.198311347950685e-05,0.34568748435481156,2.272387782544312e-11
5.655002117156982,-3.2198186895327994,-0.002331417266615246,-3.855514380772096,-9.048714968524653e-05,0.33816456642911524,4.871393740968127e-12
5.655998229980469,-3.2119114713196013,-0.0023313604032996196,-3.8445419194980572,-9.104836339606027e-05,0.3374664650736342,1.275078354378638e-13
5.657079219818115,-3.1853591461788815,-0.002299021519852868,-3.811277244741451,-8.912080626338394e-05,0.3348071458205389,7.692106142798085e-12
5.658024787902832,-3.2006084469160307,-0.0023058265729224603,-3.8280485682318024,-8.930913869734351e-05,0.33653972166023555,2.7281296161169057e-11
5.659044981002808,-3.159987311093061,-0.002277588501404299,-3.7780079901253747,-8.852742535018372e-05,0.33239660610103844,5.849047513592522e-11
5.659979581832886,-3.142583878132578,-0.002268983217579747,-3.7557655504900045,-8.869523441462794e-05,0.33069225923976453,1.013364719344222e-10
5.661022424697876,-3.1368032972564204,-0.0022697304606154145,-3.74743023003811,-8.923224548146506e-05,0.33020953388796154,1.5611346062356894e-10
5.6620399951934814,-3.1624048578142143,-0.002277184771053648,-3.7765958327720868,-8.900755625984043e-05,0.33302952774649375,2.2262116938301512e-10
5.6630401611328125,-3.1269519197973357,-0.002248244606143062,-3.732874930553466,-8.779327980933214e-05,0.329417668745564,2.972126584762742e-10
5.664043188095093,-3.1634687299055466,-0.0022886612837829385,-3.7750748129385663,-9.045484568513276e-05,0.33338721738781446,3.9196036055461655e-10
5.66499924659729,-3.2103414059768305,-0.0023247709821385505,-3.8295972658042854,-9.215944634584877e-05,0.3384512524741969,5.013363894967086e-10
5.666041612625122,-3.292389928912013,-0.002377346565264436,-3.926009815753721,-9.397295472571464e-05,0.34722995595207445,6.345767845801054e-10
5.667046546936035,-3.41775398686247,-0.0024749828441705058,-4.073915606805379,-9.853708491065499e-05,0.36059084429044486,7.97413705972691e-10
5.667973041534424,-3.5605379293675448,-0.0025793857883886265,-4.242431382946017,-0.00010289429863400313,0.3758031965829475,9.960692114494155e-10
5.669039249420166,-3.6351226475657903,-0.0026268941309920443,-4.329577689791071,-0.00010470365291367368,0.38382694530677475,1.203141120413315e-09
5.669970750808716,-3.782467021265839,-0.0027295875126692962,-4.503290841289254,-0.00010882555832685048,0.3995414429320639,1.455157131531779e-09
5.670970916748047,-3.833608059643665,-0.0027646840557673277,-4.562387077070321,-0.00011042748659725606,0.4051010483294961,1.6934400580352072e-09
5.671972274780273,-3.8623142674239435,-0.0027835965815688262,-4.594753350669128,-0.000111427763190057,0.4082926022739281,1.9485203136325998e-09
5.672972917556763,-3.8798232800472876,-0.002794023099273772,-4.613768099560161,-0.00011199068979356094,0.41030320039441504,2.2087517258848975e-09
5.674017906188965,-3.9474198110274434,-0.0028421000480528783,-4.692256953184075,-0.00011418684767933084,0.41761849105319343,2.524797865353391e-09
5.675060987472534,-3.902967818918375,-0.0028104930767793132,-4.637506741765476,-0.00011325948990787992,0.4130838110327709,2.7792164587323778e-09
5.675983428955078,-3.858060963835369,-0.0027753381628202968,-4.582229798709556,-0.00011183134859549095,0.40849977952529853,3.0452835212046467e-09
5.677028179168701,-3.757193601687583,-0.0027060120155715647,-4.460532743375453,-0.00010935718350406382,0.3979866281844995,3.262585284606934e-09
5.678006410598755,-3.6282720769822276,-0.0026242178873634864,-4.3056868716757855,-0.00010699127033760817,0.384487978275162,3.466470107199844e-09
5.678996562957764,-3.4081240767991603,-0.002462756106833401,-4.042749588490331,-0.00010043876840294143,0.3613073209559124,3.5601533858396926e-09
5.680003881454468,-3.168021047880775,-0.00228524044218106,-3.7563846476115232,-9.314651220730265e-05,0.33598975950128035,3.6081643835839103e-09
5.680997848510742,-3.020701979977384,-0.002183327965792944,-3.580209627691828,-8.959351148085221e-05,0.3204972311176393,3.6979223417606983e-09
5.681992530822754,-2.8426006618373374,-0.0020455131773300357,-3.367677162408546,-8.364137474417727e-05,0.3017275709456389,3.752029479160974e-09
5.682997226715088,-2.6232764124177828,-0.0018882226503942937,-3.10649696333303,-7.750977232076342e-05,0.278565608060224,3.709938079807223e-09
5.683974504470825,-2.4905024015156467,-0.001788944677524922,-2.9480113085981063,-7.339228229319386e-05,0.2645766942599281,3.774429275184335e-09
5.685000896453857,-2.4009769992433965,-0.0017228914922101147,-2.840836663177249,-7.067525411956684e-05,0.2551719186936209,3.8889913629697915e-09
5.68597412109375,-2.277375400067872,-0.0016423665115431324,-2.693469095699446,-6.804269481152991e-05,0.24213448996468337,3.932463099485449e-09
5.686993837356567,-2.192541666632963,-0.0015854436440231787,-2.59206164110745,-6.612928226725788e-05,0.23320932956741858,4.044829031522619e-09
5.687977313995361,-2.1785940184759336,-0.001566939800048884,-2.5745069089235053,-6.489666677467669e-05,0.2318195597848516,4.284304021828199e-09
5.688966989517212,-2.0926773497039015,-0.0015047187427927999,-2.471951177702157,-6.238826261841969e-05,0.2227675974517167,4.3695944629756954e-09
5.690042972564697,-2.13394440540411,-0.0015408984523600253,-2.5196527090241023,-6.447260968596726e-05,0.2272524518173566,4.717284086743069e-09
5.691001892089844,-2.1829825337910043,-0.001576925077726147,-2.5764915063960325,-6.60761907708054e-05,0.23256825948846618,5.109330233432646e-09
5.691978693008423,-2.2659809748586994,-0.0016325146559264896,-2.6733422764401396,-6.834588825346646e-05,0.24150826288606267,5.574480082374712e-09
5.6930320262908936,-2.3100871364191224,-0.0016549676717480073,-2.7242566178420486,-6.892732805090386e-05,0.24630773606886078,5.958983582521505e-09
5.69400691986084,-2.334760953715588,-0.0016749683812635303,-2.7522391518795137,-7.01361095669307e-05,0.24903664454529542,6.315570947703699e-09
5.694999694824219,-2.4013548680271866,-0.0017252127588996654,-2.8296054287571977,-7.256873620731417e-05,0.2562397716958258,6.819903868829605e-09
5.696046829223633,-2.4630126842583997,-0.0017619216244035877,-2.9011295806963813,-7.375696502508659e-05,0.2629184495597875,7.33713133848424e-09
5.6970298290252686,-2.526567093742926,-0.0018148880865163884,-2.9748333247436585,-7.659556856304881e-05,0.26980436831747945,7.88182163463992e-09
5.698054313659668,-2.504917608547053,-0.001805356183557742,-2.94819666761881,-7.672973807262404e-05,0.2675933433393168,8.158785725724043e-09
5.6990272998809814,-2.5526271186993,-0.0018349361376779432,-3.003193503533067,-7.774336458010691e-05,0.27279170169370687,8.673012038146256e-09
5.699995279312134,-2.5488528791172884,-0.0018336771118937765,-2.997600629942737,-7.795331948474506e-05,0.27248977482405257,9.030611109446009e-09
5.700997591018677,-2.631408051649943,-0.0018937017186428473,-3.093519503075673,-8.069760877945991e-05,0.28141852188413363,9.700151225854777e-09
5.701996326446533,-2.6235055426243483,-0.0018831866460432424,-3.0830968327882684,-8.021817351850066e-05,0.2806730287389366,1.0097628286159837e-08
5.7029664516448975,-2.622150329331834,-0.001885291884953468,-3.0803834503177745,-8.067538876453614e-05,0.28062666997001523,1.0495860918435423e-08
5.703997611999512,-2.6240257532755753,-0.001885297829214585,-3.0814759930410602,-8.07746320415501e-05,0.2809251153425667,1.0942644297095666e-08
5.70501184463501,-2.6534514926635935,-0.0019016631711703145,-3.114906734300897,-8.12930514377043e-05,0.2841743849022205,1.1436354540229929e-08
5.706009149551392,-2.5887376565745193,-0.0018565767412851415,-3.0378545875642304,-7.960375853427492e-05,0.27733918331086754,1.157491682638722e-08
5.707000017166138,-2.6150669607290142,-0.0018719287284946924,-3.0676798467101603,-8.022811907620948e-05,0.28025424564945245,1.2117737387048834e-08
5.707978963851929,-2.548818566572092,-0.0018218641472508837,-2.9889443193759466,-7.806410457630228e-05,0.2732443100827114,1.2224305747716771e-08
5.709000110626221,-2.4923714227616522,-0.0017869304866958398,-2.921767000625378,-7.706661119618332e-05,0.26727943615040656,1.2422030107697084e-08
5.710002183914185,-2.492623416682583,-0.001782429248417432,-2.9210773110538923,-7.668399512912647e-05,0.2673931477749302,1.2860575598738699e-08
5.710996150970459,-2.4392081924069062,-0.001748455312414824,-2.857527554734797,-7.564324710693028e-05,0.261746964058746,1.3001529844112184e-08
5.712008476257324,-2.337347195659974,-0.0016769731453173038,-2.737279178187595,-7.275696931329447e-05,0.25089726827435815,1.2854131076680474e-08
5.7129974365234375,-2.2328708005441524,-0.0015996754800883584,-2.6140618157353215,-6.937877740301859e-05,0.23975856302665513,1.2714334529473653e-08
5.714027166366577,-2.157210128184345,-0.0015458998024679548,-2.524661129261583,-6.717987679525812e-05,0.23170681849723923,1.270846408956279e-08
5.715003967285156,-2.147925815533477,-0.0015407354807120855,-2.512965796130779,-6.717485441027467e-05,0.23078258871533563,1.3072405245192397e-08
5.715987920761108,-2.119988776185416,-0.0015186150988518935,-2.4794718010310306,-6.620946967791023e-05,0.22785210719454485,1.3344280168234769e-08
5.716996192932129,-2.134601422297642,-0.00152906232141249,-2.495754508905488,-6.679785980539162e-05,0.22949372963021286,1.3821294026323252e-08
5.717998027801514,-2.1704615558809586,-0.0015550745713989059,-2.5368488042873087,-6.799382288222233e-05,0.2334224034324619,1.451356759798053e-08
5.719000339508057,-2.165160706847535,-0.0015503410589859153,-2.5297987905451413,-6.784349982031939e-05,0.23292750595189224,1.498198083185986e-08
5.71997332572937,-2.221432791821343,-0.0015931149282371513,-2.594656264640296,-6.999438775989434e-05,0.23905969488962334,1.5838455965975202e-08
5.721003532409668,-2.1960544788068956,-0.0015748507635413589,-2.564113883460782,-6.933076600628615e-05,0.23640782758987916,1.615174577421432e-08
5.722029447555542,-2.1600896802098366,-0.0015489222565280769,-2.521234647257532,-6.828917097609569e-05,0.23261420694911697,1.638924955459934e-08
5.722994327545166,-2.1187907140855535,-0.0015234029114243998,-2.4721607270080797,-6.750221678764227e-05,0.228243410131308,1.6597889682355808e-08
5.723995208740234,-2.100773263069685,-0.0015049380561796026,-2.4502689999212253,-6.649178790804329e-05,0.2263790099782611,1.6856591055077995e-08
5.724994659423828,-2.0381399676698204,-0.0014614120908947295,-2.3763773106078063,-6.482510202578748e-05,0.21970343396803763,1.6827376547965608e-08
5.726002931594849,-1.9834338714852513,-0.0014232903301942487,-2.311761968078155,-6.331633230500799e-05,0.21387942194816004,1.6835747778822024e-08
5.72703742980957,-1.9023378044078947,-0.0013629541434116812,-2.2164360508130487,-6.057056199332559e-05,0.20520549031628565,1.6562794318307012e-08
5.727973461151123,-1.8384259626358477,-0.0013160489319142398,-2.141174953073487,-5.853541307575932e-05,0.19838141570476142,1.6416500925765808e-08
5.728970766067505,-1.7266572667755182,-0.00123446737120894,-2.010220531412842,-5.490238716948143e-05,0.1863892716839441,1.582375409478146e-08
5.729974269866943,-1.6472844345202196,-0.0011772161544000967,-1.917067546574897,-5.240714488179182e-05,0.1778866908493506,1.555544521351227e-08
5.730977535247803,-1.558031418878493,-0.0011166697520295634,-1.8124887040783577,-4.997031565855081e-05,0.16831079535853008,1.5062470038213822e-08
5.731977224349976,-1.5159511950467282,-0.0010856245956730013,-1.762839383769525,-4.8625224109102555e-05,0.16382625662870956,1.506834464426786e-08
5.732991933822632,-1.4714289739435675,-0.0010492404728576858,-1.7103884500511113,-4.682406440048544e-05,0.1590744632754136,1.500773199150897e-08
5.733989477157593,-1.343196771192528,-0.0009590307688534328,-1.5607029828815957,-4.3004760701775825e-05,0.145266729991204,1.395491128482307e-08
5.7349770069122314,-1.2511826852358974,-0.0008915779500231062,-1.4531939200661461,-3.9980181689375066e-05,0.13536776427083203,1.332008009008062e-08
5.735979080200195,-1.2380195555898215,-0.0008807626477619275,-1.4373042265867861,-3.950192570140674e-05,0.13399653478618337,1.3470514475477555e-08
5.7370078563690186,-1.259932906618199,-0.0008961547914383289,-1.4621179889611182,-4.0266019145566795e-05,0.1364234926166705,1.4006197272374035e-08
5.738010406494141,-1.247259677926391,-0.0008883301926847861,-1.4467893529421931,-4.008509239478107e-05,0.13510596553221246,1.4263986615918247e-08
5.7390077114105225,-1.2695204642362867,-0.0009083831501819026,-1.4719802788163492,-4.1324776052324385e-05,0.13757283383870125,1.489740047886595e-08
5.739972829818726,-1.2832008689621133,-0.0009195308735381628,-1.4872077799477832,-4.198866809940028e-05,0.1391111709642912,1.535947505216788e-08
5.741028070449829,-1.3186121933138921,-0.0009443247766250932,-1.5275930418637436,-4.316766824160114e-05,0.14300781029969317,1.616259292999733e-08
5.74203634262085,-1.3388581649797904,-0.0009591597909964462,-1.5503752005565412,-4.396262964641011e-05,0.1452627327299004,1.668712222275473e-08
5.743016719818115,-1.4341343077575497,-0.0010228705471507394,-1.6599756671879036,-4.666840653923406e-05,0.15566399099849326,1.8332343452140524e-08
5.744004011154175,-1.593010241581857,-0.001135212540582339,-1.8430478612085082,-5.185475924653181e-05,0.17298113337880583,2.083486051190713e-08
5.745052099227905,-1.7011709697809678,-0.0012162317553200221,-1.967305340118215,-5.597097319034651e-05,0.1848034923844619,2.2836422880289614e-08
5.746044874191284,-1.8666664397031283,-0.0013296137573430634,-2.15772920989546,-6.0963054586032674e-05,0.2028664371216092,2.5573420511621484e-08
5.747036933898926,-1.9782526590728293,-0.0014043289168759895,-2.2856879794583573,-6.423594856262845e-05,0.2150838047723161,2.7600397478523852e-08
5.747972726821899,-2.1195525610489376,-0.0015096495625827166,-2.4478545797359597,-6.951135309845528e-05,0.23054264304107666,3.015375219292543e-08
5.74899959564209,-2.3019762749381436,-0.0016409680474561835,-2.6573434005812806,-7.575749754204913e-05,0.25048957520470577,3.353932312234911e-08
5.7500269412994385,-2.5311155073443907,-0.0018000788326922696,-2.92056266088784,-8.302650466931811e-05,0.27553717300136843,3.7490901213814554e-08
5.751027584075928,-2.8664644053753863,-0.002040614882459331,-3.306041751797704,-9.445645184571234e-05,0.31217241938741197,4.3323267817087096e-08
5.751998424530029,-3.063317155065304,-0.0021812621534261236,-3.5315087956407147,-0.00010126204578417003,0.33374913708977144,4.7367968783835635e-08
5.753006458282471,-1.556533271766674,0.0011220080265185598,-3.739832715176497,5.284643864917475e-05,-0.0016106703037599979,8.943086284364773e-09
5.75401496887207,-0.9173289219019298,0.0026944229365236734,-3.9727166257080757,0.00012657639367635827,-0.15659303707228017,-9.00835101240135e-09
5.755077600479126,-0.638943090971285,0.0035118444588493015,-4.187569931814142,0.0001644215597580466,-0.23407249872943348,-1.8085322809970236e-08
5.755980730056763,-0.5573190924164106,0.0038795371451936585,-4.35825123802777,0.00018198303264047128,-0.266266139965686,-2.2187383072549906e-08
5.75700306892395,-0.6349813609080681,0.0038596785060524604,-4.476739231501036,0.00018162267319849022,-0.2603529427847273,-2.163478822343925e-08
5.758005857467651,-0.7759468560884093,0.003720206355108571,-4.604127305678071,0.00017622884335584272,-0.24190395608084214,-1.9470880111044396e-08
5.758971691131592,-0.8115316413799518,0.003726434315974305,-4.670782919351074,0.0001769592135413386,-0.24028261147472874,-1.9383338346171027e-08
5.759999513626099,-0.8887246364085213,0.00358118568349259,-4.676914279942008,0.000170004437037192,-0.22458076537081,-1.7587050179314142e-08
5.761004447937012,-0.9185353500935305,0.0035616003827511292,-4.712992650181601,0.00016941611373369367,-0.2214834880742979,-1.7168235904866826e-08
5.76204514503479,-0.9526089508229449,0.003482873006577631,-4.703812613810909,0.0001657395058629594,-0.2135065594317071,-1.639444674565832e-08
5.763015270233154,-1.021740697371114,0.003344883689452527,-4.702051467785836,0.00015891958429908653,-0.1988062590374493,-1.464704523416058e-08
5.764120101928711,-1.0615271431008777,0.0032691854754799557,-4.704024444964173,0.00015562317516507306,-0.19060881352390135,-1.3770276575526865e-08
5.76500678062439,-1.070057216867717,0.0031826700005027878,-4.642717791814637,0.00015178487359498416,-0.18341910126802535,-1.3505435286790285e-08
5.766027927398682,-1.1225781714682328,0.0031584622568028757,-4.710268692667223,0.00015080859245750444,-0.17831317170176963,-1.25280750434728e-08
5.7670369148254395,-1.0008239556009326,0.0034143534099558446,-4.7172540036432045,0.0001640585685002299,-0.2045449656175618,-1.7114268726240778e-08
5.767970323562622,-0.9576535812772304,0.0035841330752982275,-4.783959464467827,0.00017207567271835484,-0.2194980906889094,-1.9313064895876073e-08
5.769038200378418,-0.8545126415723527,0.0038402996848876897,-4.820570015511859,0.0001839761336593871,-0.24442066933484236,-2.3562953326190984e-08
5.770017623901367,-0.8486441048169389,0.0038762196276062874,-4.841836315979556,0.00018669656708976705,-0.2475268450952806,-2.4678812213578853e-08
5.771012783050537,-0.920450201326465,0.0038937320556691048,-4.980712778146019,0.00018784320394027334,-0.24463997089139883,-2.399610306722902e-08
5.771973609924316,-1.0489388984358392,0.0037222729850272715,-5.052860864589968,0.00017967080964834456,-0.22395498152925514,-2.1365919017540654e-08
5.772990465164185,-1.0718822059176345,0.0037237174490266905,-5.092075243921835,0.00017970290824687648,-0.2225785742836871,-2.1308547873707835e-08
5.774012804031372,-1.074998096313303,0.0037791982938233386,-5.1448344224602245,0.00018330392629093724,-0.22656579955542755,-2.1967951129399896e-08
5.775041341781616,-1.1127666507975418,0.003776226292553579,-5.209223941358664,0.00018399105269017324,-0.22428557455926146,-2.1812699207843414e-08
5.775972604751587,-0.9267104122492404,0.004091303201933395,-5.149929521543606,0.00019904796438730614,-0.25821389448181414,-2.8940495435730413e-08
5.776998043060303,-0.8861119460632292,0.004147726964780482,-5.123199629027317,0.00020160184887226204,-0.264403579682891,-3.066291076394586e-08
5.778015613555908,-1.0649623795433247,0.0038046959750751732,-5.1420853757653,0.00018619771263440053,-0.22843539914508287,-2.4258930041969493e-08
5.779003381729126,-1.1335800069237552,0.0036474763887780503,-5.124475732652207,0.00017887495063685855,-0.2124486031638535,-2.1671162042607757e-08
5.779979705810547,-1.187234590629875,0.003500864815828008,-5.088468451375643,0.00017202611718403356,-0.1979910392833858,-1.8919136065951947e-08
5.780994653701782,-1.2691862064893407,0.0032789941633126155,-5.038007650201867,0.00016106089245580062,-0.1763078698343789,-1.536329912425214e-08
5.78199315071106,-1.2059321229769866,0.0032417456314540703,-4.89083617102288,0.0001588974308822903,-0.17666543789555017,-1.6428088195070412e-08
5.783000230789185,-1.1534688396628043,0.0032291362182341786,-4.790292909601775,0.00015934615128970062,-0.17885590762647718,-1.7637280688516407e-08
5.783999681472778,-1.207188653374632,0.0029953920128945556,-4.682323076510915,0.00014799646883841572,-0.15805191523846107,-1.4724929406755705e-08
5.7850213050842285,-1.3930150284932479,0.0025975072325228983,-4.6604239075022065,0.0001281018680691658,-0.11702692117395153,-6.007956787076973e-09
5.78600287437439,-1.6417657021550247,0.0020060765060189016,-4.586134143010784,9.936295654078134e-05,-0.05815228551691509,6.1729045247251e-09
5.787037372589111,-1.6523654701566919,0.0018404234277741719,-4.462214298708541,9.148554984357435e-05,-0.04501714974392129,8.728556651202823e-09
5.788037300109863,-1.6367033162861397,0.0017759635779456364,-4.373210963396141,8.811632066659116e-05,-0.040480173237605666,9.345426103217455e-09
5.78903865814209,-1.6114863327401459,0.0016326812285891155,-4.206360479499768,8.126989884523733e-05,-0.03110298544951179,1.080656312595625e-08
5.790043354034424,-1.547162955203909,0.0015929639108052665,-4.061045597489817,7.960041338904975e-05,-0.031848915216369844,9.87236325702564e-09
5.791012525558472,-1.5573733141031982,0.0013780869843620733,-3.895747962116339,6.914481133786442e-05,-0.015154465799404826,1.3517652717223425e-08
5.791966915130615,-1.541425979449687,0.0012899623874402608,-3.7860558059661336,6.447307159307593e-05,-0.008856875131461883,1.4490487334614767e-08
5.792971849441528,-3.1744635050786867,-0.0022380989653549505,-3.597882581721467,-0.00011124638093528405,0.35129343559238707,1.005451355607407e-07
5.7939653396606445,-3.073576512809745,-0.0021765708622821984,-3.482262359755117,-0.00010891881492830652,0.34024139361824735,9.864171640872093e-08
5.794976472854614,-2.9160912168569237,-0.002057723865073157,-3.3026352117085764,-0.00010266251673074198,0.32291367639956237,9.489248384232701e-08
5.795973539352417,-2.7038324885927953,-0.0019081564461803369,-3.0611466615272964,-9.536188432744273e-05,0.29950543368381355,8.93862874280883e-08
5.797037839889526,-2.5697702956813178,-0.001815190495096782,-2.908341085173305,-9.100118845271984e-05,0.2847456401062527,8.643581425776866e-08
5.798032999038696,-2.3691557813083164,-0.0016687845273003297,-2.6803468327579196,-8.34932970375797e-05,0.26259984110667073,8.106123245859227e-08
5.799063444137573,-2.1352068455284594,-0.0015082084520088477,-2.4148141818417015,-7.58144346459789e-05,0.23674386014934912,7.403294418581488e-08
5.799978017807007,-1.9373387329414093,-0.001366865928818982,-2.190257182157101,-6.868128161907244e-05,0.2148734261254939,6.802394787629845e-08
5.801030158996582,-1.7045824305310513,-0.001197547506428248,-1.92643288109236,-5.9974325783924914e-05,0.1891180394305592,6.053148748591989e-08
5.802036762237549,-1.5071881377908514,-0.0010616457300273907,-1.7027393187253448,-5.3447521313375956e-05,0.16727131532221334,5.4422759006693946e-08
5.803027391433716,-1.3583571137500003,-0.0009571326939367639,-1.534049453288599,-4.828526769232253e-05,0.15080197696055048,4.9576653546515756e-08
5.803970813751221,-1.1764137069280327,-0.0008288292407109572,-1.3281072370581013,-4.188647778181698e-05,0.1306440002895625,4.34180053209303e-08
5.805005073547363,0.0,0.0,0.0,0.0,0.0,0.0
5.805999040603638,0.0,0.0,0.0,0.0,0.0,0.0
5.806997060775757,0.0,0.0,0.0,0.0,0.0,0.0
5.80800199508667,0.0,0.0,0.0,0.0,0.0,0.0
5.808997392654419,0.0,0.0,0.0,0.0,0.0,0.0
5.809998512268066,0.0,0.0,0.0,0.0,0.0,0.0
5.810994863510132,0.0,0.0,0.0,0.0,0.0,0.0
5.811976909637451,0.0,0.0,0.0,0.0,0.0,0.0
5.813005208969116,0.0,0.0,0.0,0.0,0.0,0.0
5.81399941444397,0.0,0.0,0.0,0.0,0.0,0.0
5.815034627914429,0.0,0.0,0.0,0.0,0.0,0.0
5.816037178039551,0.0,0.0,0.0,0.0,0.0,0.0
5.817038059234619,0.0,0.0,0.0,0.0,0.0,0.0
5.818034410476685,0.0,0.0,0.0,0.0,0.0,0.0
5.819039821624756,0.0,0.0,0.0,0.0,0.0,0.0
5.819973468780518,0.0,0.0,0.0,0.0,0.0,0.0
5.820969343185425,0.0,0.0,0.0,0.0,0.0,0.0
5.821999788284302,0.0,0.0,0.0,0.0,0.0,0.0
5.823010206222534,-1.2377397209092456,-0.0008692758318048162,-1.3882738416707074,-4.4928143909076354e-05,0.13825233191069347,5.804843166363475e-08
5.823970556259155,-1.8860310888790082,-0.0013252959203425825,-2.114633769787061,-6.867680903132165e-05,0.21073315840769674,8.918739356472487e-08
5.825035572052002,-2.270590197620609,-0.0015964894198679115,-2.544859002190965,-8.296458163875039e-05,0.2537845724413091,1.0882571277055401e-07
5.826000928878784,-2.4922345262176693,-0.0017530332757731558,-2.792220598163566,-9.13249892195001e-05,0.27865071767200167,1.2038845945321787e-07
5.827035903930664,-2.6058075910078804,-0.0018282877447687723,-2.9183341265600533,-9.514074197009825e-05,0.2914484989202346,1.2807979193652825e-07
5.827970266342163,-2.6387795161687673,-0.0018521440838934044,-2.9541178514390687,-9.652413054035718e-05,0.29523682400032386,1.3056596375232718e-07
5.8290345668792725,-2.6004168566299284,-0.0018370970632001268,-2.910031176795049,-9.656689056217564e-05,0.29104494930488095,1.3002706644157218e-07
5.829993009567261,-2.557328909891289,-0.0017982670886669053,-2.860683804761637,-9.420292949662382e-05,0.28632181343228996,1.2898963272427946e-07
5.831004858016968,-2.4542600231086773,-0.0017238846409552936,-2.744275500535294,-9.027864397661663e-05,0.2748800506891554,1.2552921688797857e-07
5.832029581069946,-2.431983038699658,-0.0017141806955766354,-2.7182479817859786,-9.03016401435295e-05,0.2724833957054399,1.2521020248698824e-07
5.833016395568848,-2.3437077284064456,-0.001648533776943275,-2.6184936525518006,-8.683949155741568e-05,0.2626886516404653,1.219153623275811e-07
5.834005832672119,-2.2712351698545232,-0.0015963428005879346,-2.5364675883178176,-8.419230051895222e-05,0.2546587193412588,1.1956433862319412e-07
5.8349997997283936,-2.2110450272248876,-0.0015550717188547896,-2.4682062663009874,-8.22328082601385e-05,0.24800171018788625,1.174253022025519e-07
5.835994005203247,-2.1836079027120405,-0.0015309365483054832,-2.4365409953290844,-8.082678142161451e-05,0.24501548272735163,1.1677440474514348e-07
5.836996078491211,-2.0926366534649916,-0.0014658475395159438,-2.33403507318361,-7.737901105758729e-05,0.2348956532962617,1.1316273332416835e-07
5.83799934387207,-2.1030139422493073,-0.0014808576249363868,-2.344604089511218,-7.876408602673201e-05,0.2361489622426645,1.1487167249378773e-07
5.839002847671509,-2.0575791174226086,-0.0014499944525643558,-2.2929543913092525,-7.733321055920686e-05,0.23113464896403796,1.1358145685182483e-07
5.840042591094971,-2.064081846197659,-0.0014493850557123018,-2.299208912021941,-7.71319376732107e-05,0.23195242471570468,1.145182032166314e-07
5.841011047363281,-2.069900343780926,-0.0014478482149772904,-2.3046899727321577,-7.686774847984399e-05,0.23269430268191163,1.1586218299649316e-07
5.841991901397705,-2.0753715800779555,-0.001458048726843781,-2.309772624264492,-7.786746622584898e-05,0.23339817804909122,1.1744344316541378e-07
5.84302020072937,-2.080657627580746,-0.0014650472116019921,-2.3146432250807445,-7.863146406053136e-05,0.2340817500648488,1.190025416682981e-07
5.844006776809692,-2.0858086782413787,-0.001462578604715759,-2.3193645820025686,-7.826695705066375e-05,0.23475005103685673,1.199534556993141e-07
5.845036268234253,-2.0908798961404425,-0.0014665665721098828,-2.323990464904525,-7.86379675835459e-05,0.23540995763348746,1.21326705946513e-07
5.845965623855591,-2.011434719547137,-0.0014140790497941672,-2.2347255731145825,-7.61532220229458e-05,0.22655000380558638,1.1778455440656487e-07
5.846965312957764,-2.0008615059802386,-0.0014036248263587755,-2.2220089103696026,-7.551065719845949e-05,0.2254444656789941,1.1850804286808977e-07
5.847965240478516,-2.0825279584559326,-0.0014567800053731346,-2.311704464350608,-7.826522802957447e-05,0.2347338776664972,1.2463294424100418e-07
5.849029541015625,-2.072520472193195,-0.0014449048561271632,-2.299617277342778,-7.746934093783024e-05,0.2336919745728358,1.2475633297043942e-07
5.850010633468628,-2.123426023027414,-0.0014868035550695913,-2.355103515471654,-8.02070767793818e-05,0.23951971390289306,1.2865395228578743e-07
5.85099458694458,-2.1780427846758617,-0.0015273212824434108,-2.4146667005766465,-8.266669756963626e-05,0.2457695202447602,1.3348013075984996e-07
5.851975679397583,-2.1811139455719495,-0.0015285715859401764,-2.417049618426944,-8.285379095429757e-05,0.24620599571880222,1.3498236143585263e-07
5.852998971939087,-2.2118360848511447,-0.0015444852784281704,-2.4500432483136625,-8.351168969995406e-05,0.24976649361535821,1.3783884446238227e-07
5.85401463508606,-2.2874899866079184,-0.0016015480113019689,-2.532763876475678,-8.702107329129188e-05,0.2584046593945066,1.4360681882318862e-07
5.855007648468018,-2.2965330136160684,-0.0016048614053011086,-2.5416956086789217,-8.711263416499691e-05,0.259521319381968,1.4539303850287167e-07
5.856064319610596,-2.30341218215161,-0.0016092584007048245,-2.548246312943228,-8.74751475457152e-05,0.2603922344310927,1.470677097170803e-07
5.857001066207886,-2.3092760414232165,-0.001610241108534001,-2.5536855557842273,-8.752411741911885e-05,0.26114733679574453,1.4870615350589316e-07
5.858002662658691,-0.6019062980214704,0.0018896121704290176,-2.590683650466941,0.00010282828864054571,-0.10133906131203091,-2.7610177269066766e-08
5.858999729156494,0.16010866939740342,0.0034549091020918314,-2.610120915753587,0.0001882840406673391,-0.263377477214534,-1.0750446950820597e-07
5.859969615936279,0.5633495337933097,0.004251759311290375,-2.5927056682831666,0.00023257351161356832,-0.34668680803014595,-1.5054882382514355e-07
5.860962629318237,0.7805578838132687,0.004724343119261834,-2.616859421592459,0.0002586565752688926,-0.3945129712084337,-1.7638728651765459e-07
5.862026929855347,0.8377671918192129,0.004861443631910725,-2.630361643425576,0.0002671193806976051,-0.40773800531095167,-1.8421265973889034e-07
5.863016366958618,0.9756991721809927,0.005119245144104021,-2.6116442543237612,0.00028212500785213673,-0.43511176277875463,-1.9954024246325153e-07
5.863988161087036,1.0133673997824002,0.005225125853771171,-2.634207295891011,0.00028813676947787685,-0.4450227043114606,-2.0562439785607124e-07
5.865004062652588,0.9428494837427253,0.005213477569200519,-2.7413194292376684,0.00028887915357529974,-0.43961160473735456,-2.041938845266093e-07
5.866008520126343,0.7177838986198828,0.004896699144239736,-2.8584401987306656,0.0002711041954378223,-0.4025644344132685,-1.8469450747480817e-07
5.866995811462402,0.5737935188807857,0.0047127186367356645,-2.9487688629749935,0.0002600005254709233,-0.3802177796605909,-1.7401565424615013e-07
5.867969512939453,0.5707449567290777,0.004842801792898468,-3.0579478003594343,0.00026847503487893335,-0.38918410961521016,-1.7924112999432176e-07
5.8689963817596436,0.381383466566783,0.004720904951381359,-3.2713748738911432,0.00026292804793375685,-0.3681240373065161,-1.6751596695463248e-07
5.869994401931763,0.3132296420490075,0.004672549678375932,-3.345955989168099,0.000259370481805923,-0.3603476085665541,-1.6360673267395682e-07
5.870999336242676,0.25185581625583486,0.0047887447105296795,-3.5454842394291823,0.0002662301577029545,-0.3649930409011406,-1.6572867287988283e-07
5.8720033168792725,0.09567119700608018,0.004703377161684603,-3.7351347036191025,0.0002619980816360938,-0.3488210388870341,-1.5655155001739702e-07
5.873044967651367,-0.03205764747975026,0.004679637252983238,-3.9264584981399593,0.0002617295620183747,-0.3387833856078971,-1.5045677095653088e-07
5.874042749404907,-0.15899778917378082,0.004620759382614089,-4.088287094377685,0.0002583113414796269,-0.32631609570473336,-1.4375316065755763e-07
5.874998331069946,-0.4284759755892207,0.00428259954625128,-4.257125698312697,0.00023888378945583147,-0.28447568318246347,-1.1962616197923808e-07
5.875968933105469,-0.5681336488188493,0.004104300315102049,-4.34368874561412,0.00023002770877230918,-0.26270925998483835,-1.0622907916551369e-07
5.877002000808716,-0.6897165329807851,0.003914870837844514,-4.388073437547994,0.00021995455806260545,-0.24103407600121796,-9.312405134878186e-08
5.878006458282471,-0.7285729929166411,0.003833261316764895,-4.383001464690061,0.0002152138131858408,-0.23241234286161627,-8.815363493809651e-08
5.878992795944214,-0.665830262760311,0.003965194961556591,-4.384710920176364,0.00022272020242549388,-0.24576384389798256,-9.74467299720141e-08
5.879992723464966,-0.8336296202696389,0.0036643143455157823,-4.413261428521641,0.00020533983258802754,-0.2129713045463168,-7.742960880360036e-08
5.880972146987915,-0.9357017138751034,0.003442256279946655,-4.399245679186608,0.0001931703084777288,-0.1902619519604944,-6.455750656673492e-08
5.8820013999938965,-0.9847398323997294,0.003264447472365722,-4.334407962449925,0.00018391929274802626,-0.17423861521469264,-5.683268473029821e-08
5.883010149002075,-1.0944993273041561,0.003006603038320585,-4.302161453108072,0.00016930876522496582,-0.14830752602979136,-4.1290683357683283e-08
5.883973121643066,-1.0959231733347,0.002911499862267948,-4.224342785425115,0.00016428188051188916,-0.14115990703524367,-3.898136572926336e-08
5.8849992752075195,-1.0612814422671413,0.002941902730589375,-4.188480900449511,0.0001661188153022333,-0.1452926808833387,-4.22764398231341e-08
5.885990381240845,-1.0439198769664637,0.002844812988986165,-4.0774623677528385,0.00016105503792273042,-0.13917592451848282,-4.085169541823253e-08
5.8869969844818115,-0.9729514360688771,0.002887825408372979,-3.995586938045224,0.00016433933506486542,-0.14690264766071848,-4.653287044408785e-08
5.888037443161011,-0.8349574624598213,0.0030892546867710463,-3.9292967124388802,0.00017589793039037046,-0.17010303800232773,-6.227960958411875e-08
5.889032363891602,-0.7525526807009846,0.003141173415233047,-3.833470216876766,0.0001790360398872949,-0.17900827192412,-6.953639497238739e-08
5.8900206089019775,-0.7695401899662437,0.003014503227365993,-3.7560750432846643,0.0001721637467917206,-0.1686233259106995,-6.348989921529492e-08
5.890992879867554,-0.7024343262142954,0.003111858922955521,-3.7214006608580115,0.00017730703854664708,-0.17969105183618217,-7.134820074824974e-08
5.892035484313965,-0.5012749231446292,0.003388720722065078,-3.615379983837717,0.0001941706068761961,-0.2126851701910839,-9.299043476272313e-08
5.89301609992981,-0.3785700394828728,0.003541639760616962,-3.535076995585969,0.00020282169256250276,-0.23143561274770708,-1.0763725831841978e-07
5.89404034614563,-0.2548518560973285,0.0037119295246294806,-3.4686964760852623,0.00021314729494529327,-0.2516244320855791,-1.2289509619735203e-07
5.8950324058532715,-0.11735998153066163,0.003956833786383467,-3.4396857374145746,0.00022810560017421148,-0.2779997768644174,-1.423078303736549e-07
5.896033048629761,-0.05339715966300718,0.00407456242596837,-3.4272404512591743,0.0002341854633500173,-0.2903623663690084,-1.5230977149209685e-07
5.897035837173462,0.04766935947699036,0.004241878874450315,-3.3949715211018767,0.0002438537882440095,-0.3087870942496821,-1.6596635854140728e-07
5.898033380508423,0.07965667901674678,0.004362596875894095,-3.44060358127294,0.00025197193974519944,-0.31953284844290497,-1.7351422467929336e-07
5.8990318775177,0.11784662166350701,0.0044349590581452564,-3.436105562163612,0.0002557318719135557,-0.3271721845519416,-1.8093083823507905e-07
5.899967670440674,0.14526249063873697,0.00452731261583636,-3.4663288577766007,0.0002615163228688773,-0.33560013296557584,-1.8683652998657443e-07
5.900994300842285,0.10077613775430638,0.004423720691464495,-3.4519224967298876,0.0002559761416317557,-0.3249724455743837,-1.8210601570043339e-07
5.902033805847168,0.03199759945440395,0.004162344674116867,-3.3503574954748707,0.0002412596817693913,-0.30156372322940844,-1.696069677125455e-07
5.902971506118774,-0.007160456808017468,0.004025957959458392,-3.301558243247419,0.00023355464413653835,-0.289030534858631,-1.6119775194380306e-07
5.903970241546631,-0.0045292699528722835,0.00397137828656239,-3.249913931722243,0.00023047667930617893,-0.2850394371282194,-1.6045743117833283e-07
5.90497350692749,-0.12211947154225156,0.003738381911751567,-3.252927737104566,0.00021802464396761777,-0.26056367714040424,-1.4440043609467143e-07
5.905984163284302,-0.22070309872363492,0.0034255777214373577,-3.1602685449696386,0.00020051857591986226,-0.23166767642743774,-1.273124217290801e-07
5.907043933868408,-0.35317974275248787,0.0031444657990574837,-3.148667170663348,0.00018368858438641073,-0.20277367032659888,-1.0855032967832064e-07
5.9079718589782715,-0.4658405051639236,0.0027957648765503957,-3.0484420818586644,0.00016366377431135164,-0.17025004101107577,-8.825350226866039e-08
5.9090235233306885,-0.7345834084138236,0.002189046180918651,-2.9941407129058355,0.00012788097177124982,-0.10892801733827251,-4.424748358075143e-08
5.910007476806641,-0.8150531998963972,0.0019189623692426165,-2.9054453184030082,0.0001123122115946703,-0.08419198076669948,-2.708586221012276e-08
5.910996913909912,-0.8059336287252827,0.0018124764314026718,-2.8045830031825476,0.0001066252670238949,-0.07723485652102086,-2.190481390976817e-08
5.9119956493377686,-2.419516868460726,-0.001674245568278176,-2.6130275595508183,-9.868460689379747e-05,0.27911991088904703,2.365573480302726e-07
5.9130144119262695,-2.3032037782990624,-0.0015914617538283543,-2.4863923069418963,-9.3810290124529e-05,0.26579153937715017,2.2579932814733322e-07
5.9140379428863525,-2.38718001623844,-0.0016527824765510772,-2.5759829910086536,-9.76806657200042e-05,0.27557615941608316,2.3547879378184127e-07
5.915032148361206,-2.4313710557550787,-0.001689272577436207,-2.622579594542901,-0.00010029882928774604,0.28077345338842036,2.4297702085122196e-07
5.916033983230591,-2.5685741750168503,-0.0017814216513487688,-2.769418586291221,-0.00010565447808640087,0.29671915723632475,2.5711896671964594e-07
5.917034387588501,-2.693678699104383,-0.0018660615193803643,-2.9030701485634873,-0.0001106876841682749,0.311279810720304,2.7114221787281597e-07
5.918036937713623,-2.7315264624700495,-0.0018915053365535196,-2.9426055852886193,-0.0001122792501165754,0.3157638613620555,2.778498870541403e-07
5.919036865234375,-2.8386809754306346,-0.0019732367587005626,-3.056730403904491,-0.00011765358101432631,0.3282661869494414,2.902569460581235e-07
5.91996955871582,-2.9488320623848487,-0.002045380263216858,-3.1739573706184023,-0.00012193101375963134,0.3411260016689918,3.036973514903071e-07
5.920964002609253,-3.0379456501843154,-0.0021124503177979074,-3.2683826390439084,-0.00012651387728884392,0.3515660772348594,3.157401659029907e-07
5.92206597328186,-3.166209608956689,-0.0021942017010992227,-3.4047676854799427,-0.00013119684088084896,0.36655092867851075,3.317375560472834e-07
5.922976732254028,-3.232692658000291,-0.0022373062635118782,-3.474605278101338,-0.00013381412857350837,0.37439325343151353,3.397369372874881e-07
5.92402982711792,-3.2683436746524595,-0.0022645078649554565,-3.511260392974356,-0.00013590197544024814,0.3786685775554307,3.4672976726704576e-07
5.925037145614624,-3.2885404596596564,-0.002281096162599207,-3.531296821704022,-0.00013731245199800356,0.38115477571582623,3.5170653558553296e-07
5.925993204116821,-3.3327326271932503,-0.0022976469886032977,-3.5770391420886205,-0.00013780053060913358,0.38642748205541677,3.583045790043577e-07
5.927034854888916,-3.2711532260986043,-0.002250242486596319,-3.509205692727685,-0.00013488013046989564,0.3794405194439271,3.5306454394944715e-07
5.927969217300415,-3.2154202593839076,-0.002217408338976444,-3.4476744988099246,-0.00013332971579919106,0.37312904900081373,3.4965405832446737e-07
5.929038763046265,-3.103790513269883,-0.0021447202775925684,-3.3262640412038076,-0.00012938103497803336,0.3603262717090476,3.402721421267572e-07
5.929996728897095,-2.9641120480931824,-0.0020498677861734587,-3.1749472550811157,-0.00012391821815639084,0.3442538006839488,3.2799660874598255e-07
5.931061029434204,-2.8420498317324197,-0.0019648893633432,-3.042632212889919,-0.00011898755300398157,0.3302156347964166,3.1576525394012696e-07
5.931999683380127,-2.6426849756913833,-0.0018298429542743095,-2.827707309569311,-0.00011117667244932786,0.30718266201419553,2.951606744142474e-07
5.932995796203613,-2.4862034161155564,-0.0017175442722052452,-2.658843944938322,-0.00010439885739867093,0.28911891858245736,2.791025612381339e-07
5.933996677398682,-2.3556445376517026,-0.001615236910035394,-2.5178759125191035,-9.773306116024554e-05,0.2740545169913198,2.663850492341324e-07
5.9349987506866455,-2.3196005498964896,-0.0015915060779400976,-2.478028273933128,-9.654024183732882e-05,0.26997745456821914,2.623557078270057e-07
5.935998439788818,-2.2763567696583586,-0.001572417980852001,-2.430532973702393,-9.61138112855316e-05,0.2650585509390575,2.596491431479113e-07
5.936996936798096,-2.1977761971674883,-0.0015129684176826907,-2.3453464588433297,-9.238089124855199e-05,0.25602161174396687,2.5304075592833893e-07
5.937998056411743,-2.160531929550225,-0.0014861289087915494,-2.304329784592855,-9.084584347978849e-05,0.25179488532102934,2.4860924329182133e-07
5.939039707183838,-2.1167255336579847,-0.001454543561179609,-2.2563769842968773,-8.898323202713993e-05,0.24679786615813581,2.4497945123356355e-07
5.93997049331665,-2.2376465408985293,-0.0015422260100228851,-2.383973894662199,-9.468765963812475e-05,0.2610111176536587,2.6053634610287285e-07
5.941025018692017,-2.3591648550750683,-0.0016343509495109398,-2.5120828963554414,-0.00010096228213195009,0.2753049790228255,2.7692673889517497e-07
5.942033052444458,-2.44921147638358,-0.001692673186088622,-2.606551570786011,-0.00010446986446370137,0.28593754385528225,2.901616524715278e-07
5.943024635314941,-2.523626194586822,-0.0017363052593170909,-2.6842531962195872,-0.00010696916080527503,0.2947566565094317,2.986414240032909e-07
5.943969011306763,-2.6492134594957206,-0.0018226258523041218,-2.816275995366803,-0.0001125335948992662,0.30956221018391156,3.1637819699547663e-07
5.94500207901001,-2.7412402621310656,-0.001883801522379618,-2.912472448189344,-0.00011638781896155277,0.3204593609235974,3.2931215215763966e-07
5.946035146713257,-2.843795429450753,-0.0019511076141225329,-3.019786004035042,-0.0001205778493603,0.33259337440405196,3.41429371547349e-07
5.947037935256958,-1.1865998263169109,0.0015793541933427778,-3.1743681727339457,9.715639921391417e-05,-0.02968378441767322,1.7683078277602004e-08
5.947969436645508,-0.3430033729662183,0.003416385807083898,-3.2841046509652103,0.00021054800557071708,-0.21683327365086802,-1.5005592154840776e-07
5.9490344524383545,0.08713208580514387,0.004392266883348238,-3.3709698178107077,0.0002708717365620275,-0.31497790058555963,-2.389169041929486e-07
5.949990749359131,0.5053133497762032,0.005303356169940465,-3.423994052704945,0.0003281681579673603,-0.40762936508563563,-3.252144010105524e-07
5.951031923294067,0.5233759972884418,0.005451857800947651,-3.50969059344118,0.0003385961768577896,-0.4189710420866192,-3.3910975240693826e-07
5.9519689083099365,0.532986436109792,0.0056398935919339775,-3.6441483090798625,0.0003507034851490292,-0.43282535588299087,-3.5156715984395883e-07
5.953015565872192,0.6152136596774977,0.005786263505021033,-3.6260176797714103,0.00036048682580316454,-0.44853046757172377,-3.673825033565154e-07
5.95403790473938,0.8460855307224735,0.006094940367974274,-3.501170076230552,0.0003812880335905269,-0.48611931987890905,-4.0787494767330126e-07
5.954988956451416,0.9569757364522764,0.006243354116118876,-3.440352994710934,0.0003900957753213227,-0.5040987127345367,-4.255994482394461e-07
5.956011056900024,1.0398479993736367,0.006331014742102729,-3.3777149823783224,0.0003957274980215437,-0.5160228902233255,-4.4016174064464523e-07
5.957000494003296,1.0366127871539752,0.006289119805262717,-3.346246927086609,0.00039454431269773374,-0.5125730148843057,-4.389687266452134e-07
5.957996845245361,0.9902992134646009,0.00617709058763341,-3.3303385037592723,0.00038782161524764656,-0.5014286980926997,-4.320630312312392e-07
5.958995580673218,1.0302936861539789,0.0062135808544461196,-3.296610267475302,0.0003903119914175128,-0.5068754493931655,-4.410109775473854e-07
5.959988355636597,1.2005058054627105,0.0065089715881449664,-3.2577176133951316,0.00040982044672180536,-0.5392655243256514,-4.7643069905780087e-07
5.960987091064453,1.0734196895296324,0.006225500664254362,-3.231187422647458,0.0003923659752082441,-0.5101919505897051,-4.499733354492146e-07
5.961978912353516,1.0054306506838162,0.006079161733718657,-3.2193315127336515,0.0003836021613188847,-0.49484373774333656,-4.377257291777363e-07
5.962970733642578,0.9474580594583193,0.00592379902419758,-3.184043903809116,0.00037574334221593956,-0.47954099921882987,-4.2456262324103527e-07
5.963974952697754,0.886570111580228,0.005813198281709687,-3.19670279725009,0.0003675188387109525,-0.46784415492023546,-4.1665014215343573e-07
5.964996099472046,0.8838660872292485,0.005894744405450577,-3.265922595954026,0.00037314642382463314,-0.47336656994287885,-4.250285822521071e-07
5.966039180755615,0.8185094702678688,0.005888320645986624,-3.364572414885938,0.00037352466204149766,-0.46829672263926936,-4.187352406113418e-07
5.966980695724487,0.6669175608379541,0.005803968411628389,-3.5355504276241034,0.0003682615950322065,-0.45144784998472415,-4.015966141773086e-07
5.9679765701293945,0.4913826358424229,0.00563312007079609,-3.6784464054973727,0.0003571279225201519,-0.4270901476847189,-3.769462191783188e-07
5.96900749206543,0.44738766363020366,0.00568887536504002,-3.7884812127151126,0.00036103806314748794,-0.427516668043719,-3.7889969099466817e-07
5.970006704330444,0.29818983849826264,0.005568897163091578,-3.9296388146316796,0.00035431548721363447,-0.40854731666857913,-3.581766242597881e-07
5.971011400222778,0.1739616118892342,0.005294932018005433,-3.909724730878908,0.00033870172465477223,-0.3806572635850937,-3.28973111644617e-07
5.971995115280151,0.01209267636348832,0.005032457634071334,-3.957019742263743,0.00032092483218160373,-0.3507619996195025,-2.9904661962074475e-07
5.973024129867554,-0.0735943083148829,0.004772231140443687,-3.887084014164821,0.0003042213426716913,-0.3265791149945483,-2.784739660653131e-07
5.974034309387207,-0.2334531465262586,0.0044454251748131755,-3.883512940325292,0.00028433145627126586,-0.29263056487481187,-2.4481276429423775e-07
5.975036144256592,-0.49361515293681224,0.003869621840511991,-3.8402259775434713,0.00024761410180931955,-0.2340832300518389,-1.8496898789649562e-07
5.976033926010132,-0.6603943601962858,0.003431454632725957,-3.7584400374711318,0.0002203152272364836,-0.19179572653303056,-1.4259307816272784e-07
5.97703218460083,-0.7141463765368679,0.003120074128289832,-3.5953741620986337,0.00020036308719562535,-0.1661365071036383,-1.197118071673302e-07
5.978029489517212,-0.805073336515143,0.002799108475552989,-3.482455026876006,0.00017938800200136945,-0.1370685919840735,-9.296358409960137e-08
5.979006290435791,-0.8483341933901047,0.002402096334524318,-3.2376241163033557,0.00015463096120294366,-0.1064213917117971,-6.459940418312491e-08
5.97997522354126,-0.8789567011347215,0.0020750755886963504,-3.0263201098255474,0.00013362412068723995,-0.08138366566624167,-3.9966886107604776e-08
5.980974197387695,-2.572740325216521,-0.0017579778530132084,-2.6862055362425177,-0.00011410955465166883,0.3049184639882832,3.6256873745448005e-07
5.9820427894592285,-2.3391541429232503,-0.001599308529331355,-2.441315876200577,-0.00010400246583701787,0.27732222267236745,3.3129860328310554e-07
5.983006715774536,-2.1963586745645194,-0.0015006142690415858,-2.291340734637695,-9.768297690671025e-05,0.2604758692959819,3.1382607597509443e-07
5.983999490737915,-1.9842454692848028,-0.001353491134479864,-2.069201597290384,-8.81131225853801e-05,0.23539549590733558,2.854205050059307e-07
5.984998464584351,-1.764761938745448,-0.0012020265960367828,-1.8395710554308489,-7.82778213130929e-05,0.20942364981574185,2.5358919444546963e-07
5.985992670059204,-1.5692928150607088,-0.0010647240816634017,-1.635154864723195,-6.92034884441158e-05,0.186285571632486,2.251656283135755e-07
5.986992120742798,-1.4729159986670657,-0.0010020603281849904,-1.5341181026918023,-6.536058543059769e-05,0.17489912535040242,2.1201023479689803e-07
5.987969398498535,-1.311275520783545,-0.0008912525805976995,-1.3652222936970322,-5.815835832608849e-05,0.15575280077247106,1.9039472558107954e-07
5.989003419876099,-1.1766442166725748,-0.0008000968973371571,-1.2245682077459805,-5.2249147097175316e-05,0.139803934619996,1.7240421169380626e-07
5.990025281906128,0.0,0.0,0.0,0.0,0.0,0.0
5.991027116775513,0.0,0.0,0.0,0.0,0.0,0.0
5.992034673690796,0.0,0.0,0.0,0.0,0.0,0.0
5.9930243492126465,0.0,0.0,0.0,0.0,0.0,0.0
5.994039535522461,0.0,0.0,0.0,0.0,0.0,0.0
5.995038032531738,0.0,0.0,0.0,0.0,0.0,0.0
5.995973587036133,0.0,0.0,0.0,0.0,0.0,0.0
5.996994495391846,0.0,0.0,0.0,0.0,0.0,0.0
5.998035430908203,0.0,0.0,0.0,0.0,0.0,0.0
5.999042987823486,0.0,0.0,0.0,0.0,0.0,0.0
5.999971389770508,0.0,0.0,0.0,0.0,0.0,0.0
6.000971078872681,0.0,0.0,0.0,0.0,0.0,0.0
6.002044200897217,0.0,0.0,0.0,0.0,0.0,0.0
6.00303053855896,0.0,0.0,0.0,0.0,0.0,0.0
6.0039753913879395,0.0,0.0,0.0,0.0,0.0,0.0
6.0050272941589355,0.0,0.0,0.0,0.0,0.0,0.0
6.0059943199157715,0.0,0.0,0.0,0.0,0.0,0.0
6.007037162780762,0.0,0.0,0.0,0.0,0.0,0.0
6.007972478866577,0.0,0.0,0.0,0.0,0.0,0.0
6.008969068527222,0.0,0.0,0.0,0.0,0.0,0.0
6.009997844696045,0.0,0.0,0.0,0.0,0.0,0.0
6.01099705696106,0.0,0.0,0.0,0.0,0.0,0.0
6.012037754058838,0.0,0.0,0.0,0.0,0.0,0.0
6.012969255447388,0.0,0.0,0.0,0.0,0.0,0.0
6.014037370681763,0.0,0.0,0.0,0.0,0.0,0.0
6.0150368213653564,0.0,0.0,0.0,0.0,0.0,0.0
6.016037702560425,0.0,0.0,0.0,0.0,0.0,0.0
6.0170392990112305,0.0,0.0,0.0,0.0,0.0,0.0
6.0180370807647705,-1.2264834360751695,-0.0008299904998167042,-1.259561967843631,-5.6073770454305914e-05,0.1472106553253781,2.0085703596085224e-07
6.018994092941284,-2.045233061618129,-0.0013781827082093876,-2.0992621439584553,-9.295214254254943e-05,0.24558195622080853,3.3664365553238715e-07
6.019975423812866,-2.6279102740144227,-0.0017794575930379691,-2.6958589159911055,-0.0001206596327713676,0.31567672342869885,4.362887816023641e-07
6.0209739208221436,-3.125023146723693,-0.0021240562507403495,-3.204056499044521,-0.00014463892513508737,0.37554788274662054,5.201835761576473e-07
6.02196741104126,-3.5516165737575625,-0.002409290759071274,-3.6394356047121525,-0.0001641076259329761,0.426989776052803,5.968474228994264e-07
6.022968053817749,-3.966148527977492,-0.0026820390909332733,-4.061967878625518,-0.00018256807403169858,0.47702445642267977,6.653702474330724e-07
6.024030685424805,-4.323793103999724,-0.0029152885589603184,-4.425801598968589,-0.00019833132689454227,0.5202555052670851,7.306226793169675e-07
6.025054216384888,-4.620635946315509,-0.003123073174668444,-4.727019309118034,-0.0002131770215272678,0.5562040800028512,7.833737106935813e-07
6.026038646697998,-4.7713542357534555,-0.003224319236667197,-4.878490971030871,-0.00022043603953065082,0.5745857011765357,8.135719917681036e-07
6.027036905288696,-4.99255851854636,-0.0033605011681433388,-5.101827542151198,-0.00022933499042427619,0.6014734615422844,8.554148096675931e-07
6.027973175048828,-5.073016696694884,-0.003426324618758088,-5.181139062573169,-0.00023473320051421796,0.6114224490296384,8.764893562134354e-07
6.028998374938965,-5.115538617041486,-0.003463396806079441,-5.221653537030963,-0.0002379917097775618,0.6168037878881285,8.820266308236298e-07
6.030041217803955,-5.227057779298357,-0.003542574185288029,-5.3325316378913,-0.00024391118710529431,0.6305101464833083,9.036788774757168e-07
6.031015872955322,-5.229407115940788,-0.0035460852721228247,-5.331976017206655,-0.00024465171425389586,0.6310533419016962,9.046322471158381e-07
6.032043933868408,-5.200279645995613,-0.0035170414643354024,-5.299367816804363,-0.00024262081887919127,0.627794443405803,9.026534758561258e-07
6.033014297485352,-5.0764815013800995,-0.0034139305830086643,-5.170405274963455,-0.0002348945318174204,0.6130960164329128,8.83015934421668e-07
6.034023284912109,-4.956373514649345,-0.003334266365170647,-5.045317532973993,-0.00022986713359939012,0.5988330182641984,8.665999528983799e-07
6.035034656524658,-4.810157650824148,-0.003247010286844582,-4.893808562215203,-0.00022479778403559306,0.5814019919166211,8.469704945447792e-07
6.035969018936157,-4.77153751077031,-0.003219482848396782,-4.8518547027726955,-0.000223107344288888,0.5769682541560927,8.4217288896343e-07
6.037035226821899,-4.693860176419878,-0.0031690562752678805,-4.770299401524617,-0.00021998064964440792,0.5678018100990645,8.295012538267007e-07
6.038031578063965,-4.568810384300966,-0.0030900949069104645,-4.64071986784099,-0.00021501366948918274,0.5528943339000137,8.081047356740331e-07
6.038968801498413,-4.364218574518502,-0.002952142101973423,-4.43052576843031,-0.00020573258118378364,0.528345298967147,7.779896664711307e-07
6.03997802734375,-2.541789391596347,0.0006951426313311971,-4.426847011423697,4.7136865784497376e-05,0.1452299546657706,2.719169314451227e-07
6.041028738021851,-1.6260374642733941,0.002452850787497146,-4.366989842196552,0.00016891571659992442,-0.042176806883339135,1.7633387433352787e-08
6.042035102844238,-1.1255001497431425,0.003420666546774965,-4.3410347900855735,0.00023643880281863465,-0.1452058065828456,-1.2193336114563064e-07
6.043015956878662,-0.8659716702220694,0.00383998701052259,-4.2651529813831335,0.0002664757455825712,-0.19313299772228915,-1.9018704369778786e-07
6.044037342071533,-0.6051778508672081,0.004203218167542367,-4.141684034797819,0.0002915428364049056,-0.23713874624431308,-2.502238905450911e-07
6.045037508010864,-0.3706687824008781,0.004562759968886557,-4.057732490153227,0.0003172956151649933,-0.27909171645884506,-3.093282037968804e-07
6.0460357666015625,-0.3381075869981931,0.004571598437565808,-4.012115053940697,0.00031753710579674637,-0.2819282559605055,-3.1401228165875505e-07
6.047037124633789,-0.2177415181143294,0.004754490824510823,-3.967118472534389,0.00033079176469699137,-0.3032935766022038,-3.4693477477105627e-07
6.0480406284332275,-0.13394973761102769,0.004858395920316699,-3.9176806347512505,0.0003397411194180696,-0.3165728394702584,-3.685232898029551e-07
6.049037456512451,-0.10399483225713446,0.004845803956468303,-3.8588626410243965,0.0003395288802861457,-0.3176993687631805,-3.730965469295342e-07
6.050014972686768,-0.25332474394324933,0.004550098156485035,-3.855790511761635,0.00031861309588552243,-0.28601000891421857,-3.296035158274917e-07
6.051011323928833,-0.3399654138544319,0.0043322453581868935,-3.820059665826253,0.0003030662477055173,-0.2646364977823881,-3.0367164322600903e-07
6.05199122428894,-0.34742384060036,0.004299828611257769,-3.8058876844959473,0.0003013603850483993,-0.26182011119569215,-3.020459557647353e-07
6.053006887435913,-0.4828920591853407,0.004012634622420978,-3.7921639306930075,0.0002819132636825446,-0.2321099106066708,-2.64257448445051e-07
6.054031610488892,-0.4711218380093518,0.003921761978017895,-3.702006830135986,0.0002757313509203097,-0.22665254073031232,-2.5735279658698593e-07
6.0549890995025635,-0.6448282734915978,0.0034605418586690713,-3.6124061012586184,0.00024287892961748846,-0.1822198444270352,-2.0045789844993277e-07
6.055967807769775,-0.648876949184547,0.0034032598871911175,-3.5743100801925047,0.00023954618834837982,-0.1780155545822621,-1.9496774395426078e-07
6.0569939613342285,-0.9100747768442745,0.0028382108753913036,-3.540624696645213,0.0001998245352975935,-0.12009522178803395,-1.122486092315841e-07
6.058000326156616,-1.1255266848892758,0.002384897998297499,-3.5199655389823548,0.0001677465251310562,-0.07294613716898601,-4.679509928982358e-08
6.059042930603027,-1.2484499020426658,0.001962518630068504,-3.3856141035420477,0.00013819398976576034,-0.035260169188785884,1.1259082141289134e-09
6.059995651245117,-1.4417062517482027,0.001483129540818427,-3.311702629814319,0.00010420479554564427,0.011905173487532672,6.792297357079933e-08
6.060997486114502,-3.047976910231405,-0.0020502838109879946,-3.061563140537539,-0.00014630487914011388,0.37187677056427326,5.759033343528298e-07
6.061993360519409,-2.891879935120665,-0.0019484977386673426,-2.9035466352977477,-0.0001393939485006494,0.3529394206579824,5.472798675423035e-07
6.062989234924316,-2.755127348662628,-0.0018501517701475514,-2.7650767592149195,-0.00013218844262858875,0.3363520256626371,5.238753443414722e-07
6.063992738723755,-2.721351534001404,-0.0018283036546915719,-2.730049540615968,-0.00013078786830004685,0.33232798969995647,5.221276426474404e-07
6.064997911453247,-2.6737489253484035,-0.001796329990791925,-2.681185199111069,-0.00012858103162965813,0.3266124630596586,5.132996001268667e-07
6.06599497795105,-2.5959065838705464,-0.0017430449405817592,-2.6020648437026175,-0.0001249022922872162,0.3171970261070762,5.021533482963276e-07
6.0670013427734375,-2.647851491423678,-0.0017789317492562231,-2.6530483664013915,-0.00012764726782028428,0.3236396845034031,5.140168939234649e-07
6.068001985549927,-2.67597709888414,-0.0017959270482989064,-2.68012465193593,-0.00012893063787104147,0.3271745989284008,5.235775540230855e-07
6.069070100784302,-2.6594416524865157,-0.0017877515190003435,-2.662468300877614,-0.00012859394178439302,0.3252493002245842,5.216561586390992e-07
6.070011138916016,-2.653326913449988,-0.0017884938340949224,-2.6552616035419474,-0.0001290152234014161,0.3245969489584748,5.251263151079243e-07
6.0710015296936035,-2.652435273354329,-0.0017834736246897934,-2.6532640936142418,-0.00012856405031487023,0.32458512837945097,5.263103446012337e-07
6.0719969272613525,-2.6869817731153582,-0.0018067671582894195,-2.686686472009534,-0.00013041833652145275,0.3289125425752416,5.344223175091726e-07
6.072977304458618,-2.706470692869529,-0.0018165568086318735,-2.7050310317280366,-0.00013110859156634155,0.3313986897032463,5.387847346056661e-07
6.073971271514893,-2.746528415945817,-0.0018429636167414361,-2.7438952983390554,-0.0001331880669720058,0.33640677906720223,5.500388211082098e-07
6.074968338012695,-2.768755229797805,-0.0018569367967414755,-2.764918797922229,-0.00013434898668733842,0.3392332326788307,5.572935164415348e-07
6.075962781906128,-2.6932095271411844,-0.0018004558823980243,-2.6883312970875823,-0.00013007351543601733,0.3300781166760443,5.460649162421679e-07
6.07697057723999,-2.6857342364956014,-0.0017933204537136304,-2.679713428763444,-0.00012958640862337196,0.32926368777868653,5.484845271491372e-07
6.078009605407715,-2.6280648677180767,-0.001765477334163826,-2.621028541664659,-0.0001281903797014702,0.322294323850557,5.377830549579458e-07
6.079073667526245,-2.5405732424797387,-0.001712620794167866,-2.532645509258176,-0.00012471643777127827,0.311663793603212,5.222324745782849e-07
6.08004093170166,-2.5317027055969237,-0.0017014038816858823,-2.522684953741643,-0.00012376856948225802,0.31067396112469864,5.201699897530682e-07
6.081000804901123,-2.4685914932047615,-0.001661174580589139,-2.458693921998504,-0.00012104794507110371,0.30302657328565324,5.09319425726089e-07
6.082040071487427,-2.382993482030194,-0.0016041472281426673,-2.372357412193213,-0.00011705981453608354,0.2926143650763222,4.958427616464603e-07
6.082998037338257,-2.342309343770041,-0.0015799365268530437,-2.330780435095391,-0.00011561033638229653,0.2877131969588564,4.878065985273226e-07
6.0839762687683105,-2.20691979755096,-0.0014831444858524518,-2.195028931847553,-0.00010837766284129316,0.27117336886024757,4.606064819603016e-07
6.085005044937134,-2.052200632342285,-0.0013745249777285652,-2.0401628949140065,-0.00010033534861696091,0.25224866810792507,4.294777906797451e-07
6.085998058319092,-1.948705514401125,-0.0013096599872187019,-1.9363533185268682,-9.592931647288594e-05,0.23960853893663944,4.108692235919754e-07
6.086997747421265,-1.8990015772238888,-0.001276754196041187,-1.8860500993797993,-9.368426953798894e-05,0.23357751421688008,4.0099393238019224e-07
6.088003158569336,-1.8433539608889393,-0.0012363806981560282,-1.8298828506643394,-9.06908199623867e-05,0.22681197367781944,3.8843962397436785e-07
6.089005947113037,-1.7894172724699509,-0.001200141537947798,-1.7754527551418677,-8.814324294064786e-05,0.2202535431277266,3.787549303938994e-07
6.090021848678589,-1.7364025139083807,-0.0011662128296021396,-1.7219818875347035,-8.578705829007274e-05,0.21380467461174588,3.6761350757500293e-07
6.09099817276001,-1.68375682604692,-0.0011334686652353194,-1.668928799274005,-8.362470284055935e-05,0.2073966941959554,3.5768870663864965e-07
6.092035293579102,-1.6877085719216245,-0.0011323489146340094,-1.6719928020132577,-8.343854903798619e-05,0.20795850891207635,3.59085834259809e-07
6.093013763427734,-1.6635482387063194,-0.0011106765932963171,-1.6472055528648573,-8.170588233566587e-05,0.20505645241629336,3.5694153373202797e-07
6.094036340713501,-1.6206437464784762,-0.0010870883758099005,-1.603890105509179,-8.031045192377855e-05,0.19984110729793128,3.487537769016741e-07
6.095031023025513,-1.6623599788987402,-0.001115027009553965,-1.6443083656319089,-8.24957839304675e-05,0.2050613955661854,3.5940030716687587e-07
6.095990896224976,-1.7135335477098024,-0.0011436795349692359,-1.6940345307844802,-8.447213083776991e-05,0.21145241125559297,3.700898028710307e-07
6.097026109695435,-1.7130603330780656,-0.0011440159696553978,-1.6926686636763706,-8.462647248289648e-05,0.21147304324336647,3.7359469987218157e-07
6.098011016845703,-1.7432760074645546,-0.001166074768400147,-1.7216084996347294,-8.643421207857811e-05,0.2152837155727808,3.805222111818097e-07
6.09903883934021,-1.7887517820747816,-0.0011952013458223808,-1.765585211601861,-8.865192865185008e-05,0.22098186763504465,3.892401450834918e-07
6.099979400634766,-1.9642971147726684,-0.0013171610767154771,-1.9378269045208478,-9.806946135254923e-05,0.2427593362918175,4.291665974019143e-07
6.101010322570801,-2.0825933992087062,-0.001388192904386896,-2.053430350948796,-0.00010302681088406534,0.25747576987419774,4.5598241886536864e-07
6.102035045623779,-2.2005417594155876,-0.0014676720258142031,-2.168565538748377,-0.00010905973059497234,0.2721602077725103,4.820371623856075e-07
6.103014707565308,-2.3230741334074887,-0.001552001960578434,-2.2880841206407223,-0.0001155996379002939,0.2874233837039552,5.109295589938814e-07
6.103970289230347,-2.3585100314368184,-0.0015769782704529675,-2.3217464482299652,-0.00011773084346609116,0.29191681191102564,5.215341140887937e-07
6.1050004959106445,-2.4069183134371115,-0.0016103119318423458,-2.368147665409991,-0.00012042358628682034,0.29801860724258183,5.335628132529716e-07
6.10596227645874,-2.461830951715547,-0.0016421411209525472,-2.420900980911783,-0.0001227170011359331,0.30492993393526513,5.44905627715801e-07
6.106997013092041,-2.5200199329297384,-0.001677626049878007,-2.4768235167169204,-0.00012534638024410484,0.3122517118573255,5.594730380067847e-07
6.108012914657593,-2.6693852927258876,-0.0017810031687067022,-2.6222416649627736,-0.00013342209256402387,0.33088138611914475,5.973038377062459e-07
6.10904860496521,-2.7464982581365716,-0.0018286582242950397,-2.6965586215571142,-0.00013700240028191382,0.3405660612335144,6.169509348776625e-07
6.110012769699097,-2.877106501644142,-0.00191798987188255,-2.8233099049809867,-0.0001439912546080666,0.3568919223440296,6.482265750145598e-07
6.111026048660278,-2.916588368150287,-0.0019467828282263985,-2.8605501040021157,-0.00014647254475754623,0.3619217696748893,6.575032165995823e-07
6.111969232559204,-2.995437963718029,-0.00199497041023663,-2.936369241138954,-0.00015005759534461051,0.3718396397836238,6.765390727938803e-07
6.113012313842773,-3.070358176235256,-0.0020532589732461374,-3.0082794620423137,-0.00015505047402522557,0.38127475349653644,6.982427501259178e-07
6.11403489112854,-3.1953270739400863,-0.002134309527433666,-3.129149053816398,-0.00016118125540961475,0.3969316846244814,7.291077148185362e-07
6.115034103393555,-1.5518994048029306,0.0015234461130472663,-3.414149365782961,0.00011297535773873251,0.02607450003622508,9.521136218192593e-08
6.115991115570068,-0.7657911012605569,0.0034445955518918538,-3.680850637191738,0.00025759701141197416,-0.16279238684001984,-2.263153226082453e-07
6.117043495178223,-0.396502499377569,0.004567700157094847,-3.969046015500751,0.0003423567718528257,-0.26585189497708617,-3.969530941752025e-07
6.118032932281494,-0.2543218127025284,0.005213270523632001,-4.236641889262338,0.0003903246269466458,-0.3193151423716164,-4.861653340726871e-07
6.119034767150879,0.017172014435938188,0.006086953959918998,-4.482618008734547,0.00045599232725774164,-0.3980833354711635,-6.216588872407595e-07
6.120033502578735,-0.010312256515207174,0.006358358738887678,-4.7198391234270805,0.0004771916404691184,-0.41317610203774535,-6.448075621717504e-07
6.1209657192230225,0.06341223440285049,0.00672081164790065,-4.877245850571993,0.0005058472724569789,-0.44253952642433136,-6.969721375404355e-07
6.122034072875977,0.05257257560210693,0.006932743768043797,-5.0490527530047125,0.0005217025120526421,-0.4553778671213917,-7.200268605708904e-07
6.123006105422974,0.0944378107249415,0.007184881137731017,-5.170669846197488,0.0005399569261527674,-0.4748886125646392,-7.562871702378832e-07
6.123968124389648,-0.05970333399222305,0.007073554829641643,-5.314608487518212,0.0005338076886017614,-0.45512392084410147,-7.185944875865735e-07
6.124966859817505,-0.24049924184075255,0.006763809937704886,-5.350646213665662,0.000511120724462365,-0.420255784534769,-6.564896075665495e-07
6.125964403152466,-0.13683310676743243,0.006849262721067648,-5.261399964510194,0.0005178812511073003,-0.434213468402067,-6.89576229558269e-07
6.126968145370483,-0.2103867881621717,0.006636426165869527,-5.209133257359237,0.0005011070184121567,-0.41413830278009767,-6.548618448945972e-07
6.128014326095581,-0.3579143601427006,0.0062177449360255885,-5.111671943849593,0.0004696169009708303,-0.37452190845442557,-5.895680875185328e-07
6.129054546356201,-0.3647720442885287,0.00598393634385054,-4.945677672959529,0.00045311197036831095,-0.35847155908273365,-5.644236337104096e-07
6.130010366439819,-0.40528977845612424,0.0055423174149418514,-4.677512463631286,0.0004203667117867857,-0.32634809306777535,-5.122054831324787e-07
6.131025314331055,-0.42044922860101774,0.005208116544593468,-4.451207116565311,0.00039482984109256514,-0.303243675279553,-4.797530597844727e-07
6.131968259811401,-0.3983222288762951,0.0048080428436784416,-4.123349310808594,0.00036467119224003976,-0.27904771146201635,-4.423325266246991e-07
6.133013010025024,-0.5023762889633443,0.004291360824720482,-3.892501253234265,0.00032606180486039756,-0.23684011242680952,-3.671404996415486e-07
6.1340343952178955,-0.6362359892020333,0.003738633313366243,-3.677836958186063,0.0002838722791305958,-0.18978557642210203,-2.8618798460659316e-07
6.135012626647949,-0.7398377682001791,0.0031356962586635896,-3.385213289602411,0.0002381882690384607,-0.14223688329576034,-2.045471287768013e-07
6.136034727096558,-0.8146539287834487,0.0027006978437329756,-3.1741364420943223,0.00020527352151620708,-0.10792080353668826,-1.4394367964987794e-07
6.136993885040283,-0.7465402319059984,0.0023696392083862685,-2.8299586420050113,0.00017984735837690957,-0.0919642802166557,-1.2280109975258886e-07
6.138033628463745,-0.5980589148709676,0.0022769878938446453,-2.5444313276620507,0.00017315858127768955,-0.09807834649659986,-1.4174177767576838e-07
6.139026880264282,-0.4210601212250049,0.0022370522162371855,-2.257428980296131,0.0001703837428311022,-0.11006268643030331,-1.6531802748122132e-07
6.14003849029541,-2.0148410414316644,-0.0013332239568670237,-1.9508704848035447,-0.00010274963307188658,0.25224594245984006,5.049259124990061e-07
6.141015529632568,-1.8129245032897867,-0.001200274562664935,-1.7547061382832467,-9.263337915337992e-05,0.2270251664296582,4.5716552719047985e-07
6.142033576965332,-1.6235192827198228,-0.0010757133839900735,-1.5707935417146335,-8.313816665030682e-05,0.20335861756210324,4.097021864136233e-07
6.143008708953857,-1.46873003663096,-0.0009771285317143551,-1.4204988937739917,-7.574369894381763e-05,0.18401689026781892,3.705564204660355e-07
6.14396858215332,-1.2791025317079365,-0.0008500010244124945,-1.2366304280476148,-6.589096101123297e-05,0.16029968899514682,3.243171740181517e-07
6.145021200180054,0.0,0.0,0.0,0.0,0.0,0.0
6.14603328704834,0.0,0.0,0.0,0.0,0.0,0.0
6.147026538848877,0.0,0.0,0.0,0.0,0.0,0.0
6.147971868515015,0.0,0.0,0.0,0.0,0.0,0.0
6.149038553237915,0.0,0.0,0.0,0.0,0.0,0.0
6.150023937225342,0.0,0.0,0.0,0.0,0.0,0.0
6.151030540466309,0.0,0.0,0.0,0.0,0.0,0.0
6.1520349979400635,0.0,0.0,0.0,0.0,0.0,0.0
6.153018236160278,0.0,0.0,0.0,0.0,0.0,0.0
6.154031276702881,0.0,0.0,0.0,0.0,0.0,0.0
6.155032157897949,0.0,0.0,0.0,0.0,0.0,0.0
6.15598726272583,0.0,0.0,0.0,0.0,0.0,0.0
6.156975746154785,0.0,0.0,0.0,0.0,0.0,0.0
6.158031940460205,0.0,0.0,0.0,0.0,0.0,0.0
6.159010648727417,0.0,0.0,0.0,0.0,0.0,0.0
6.160008192062378,0.0,0.0,0.0,0.0,0.0,0.0
6.160998821258545,0.0,0.0,0.0,0.0,0.0,0.0
6.161993503570557,0.0,0.0,0.0,0.0,0.0,0.0
6.162993907928467,0.0,0.0,0.0,0.0,0.0,0.0
6.163968324661255,0.0,0.0,0.0,0.0,0.0,0.0
6.164989233016968,0.0,0.0,0.0,0.0,0.0,0.0
6.165993690490723,0.0,0.0,0.0,0.0,0.0,0.0
6.167014122009277,0.0,0.0,0.0,0.0,0.0,0.0
6.1679816246032715,0.0,0.0,0.0,0.0,0.0,0.0
6.169010877609253,0.0,0.0,0.0,0.0,0.0,0.0
6.1700379848480225,0.0,0.0,0.0,0.0,0.0,0.0
6.171007871627808,0.0,0.0,0.0,0.0,0.0,0.0
6.171993255615234,0.0,0.0,0.0,0.0,0.0,0.0
6.172993421554565,0.0,0.0,0.0,0.0,0.0,0.0
6.173992395401001,0.0,0.0,0.0,0.0,0.0,0.0
6.1749889850616455,-1.2831627822413079,-0.000848248749072724,-1.2261003436013789,-6.730381682779171e-05,0.16208061316827013,3.5585521257824833e-07
6.1759772300720215,-2.0175983676004083,-0.0013382152792436126,-1.927021131301393,-0.0001064481180577284,0.25492482793506066,5.587355479563973e-07
6.176973819732666,-2.415573174069589,-0.0016065659068098988,-2.306086408646438,-0.00012806506962471237,0.3053009813023366,6.719481584355055e-07
6.177981853485107,-2.61666323168143,-0.0017295557273935272,-2.496934577589664,-0.0001374959174280255,0.33081568881254475,7.25430697880535e-07
6.178971767425537,-2.7813558517280104,-0.0018372710565308992,-2.6528725244135303,-0.00014615340391587963,0.35174447591264085,7.737759380881803e-07
6.179975748062134,-2.951822157270718,-0.001951544913469946,-2.8141350632564373,-0.00015555246799349887,0.3734194826724172,8.268438346879444e-07
6.180999040603638,-3.010359841981933,-0.001988436094332146,-2.8685717344311543,-0.0001584966460421838,0.3809453839850136,8.405218312697067e-07
6.1820433139801025,-3.16113351609147,-0.0020852398077205038,-3.0107914663534117,-0.00016630401713480428,0.40015282777974587,8.874870778167632e-07
6.183040618896484,-3.23852703745146,-0.002136322691770021,-3.0830288156682477,-0.00017051709560095488,0.4100795375341463,9.120344968255777e-07
6.1839916706085205,-3.2792119988105575,-0.002157580737777287,-3.120247793331422,-0.00017211050312480332,0.4153643826998833,9.258523725784074e-07
6.184986114501953,-3.3302294519182163,-0.0021964772670948294,-3.1672492836285375,-0.0001757035695485878,0.4219623240505343,9.438162037403094e-07
6.186017990112305,-3.3912021677044066,-0.0022299608050670426,-3.2236769382959016,-0.00017822126631569568,0.42982534899203695,9.605010043366488e-07
6.187004327774048,-3.509814232770557,-0.002302841060539555,-3.334814643122118,-0.00018404201503842863,0.44500120856501657,9.984098977427037e-07
6.187984228134155,-3.57114246334319,-0.0023531564234961027,-3.391429727310923,-0.00018864695576237028,0.4529225413296259,1.0161860764173164e-06
6.1889731884002686,-3.6659966087373226,-0.002418944314246067,-3.479787034670015,-0.0001943187768293172,0.46510441043556067,1.0463752878271178e-06
6.189974546432495,-3.8016003627658197,-0.002504149388558051,-3.6067217934747675,-0.00020115252573362432,0.4824651805687437,1.0832892198096125e-06
6.190996885299683,-3.962363498999124,-0.0026070506596538737,-3.7573918057356424,-0.00020951243865783846,0.5030307824358494,1.1310563558184653e-06
6.191998243331909,-2.2509395762369495,0.0010596235376944818,-3.9656001296943613,8.274886158669416e-05,0.12462488074336886,3.3245866303520933e-07
6.1930012702941895,-1.3302414699992227,0.0029909139927905013,-4.047505162478046,0.00023756268740607778,-0.07629763214311458,-9.180315123362398e-08
6.194016456604004,-0.7062263019314146,0.004308029759069876,-4.1049549784081485,0.0003425603073393934,-0.21264599766756387,-3.846782963501549e-07
6.19503927230835,-0.29951421084402785,0.005207177407777578,-4.173755757807334,0.0004146004567501207,-0.30427268398951013,-5.838803952370466e-07
6.195970058441162,0.07813247763093889,0.0058986827335585044,-4.131199226631062,0.0004702468103041275,-0.3799845677062976,-7.492490881477797e-07
6.197042942047119,0.1547226585344763,0.006222583822954944,-4.255383430779687,0.0004959968126276848,-0.4070273485099346,-8.087459538351651e-07
6.198051452636719,0.16701174203285607,0.006424392109788742,-4.381204903531367,0.00051307936109699,-0.42068526111642324,-8.36975961464279e-07
6.198975086212158,0.23821335920816722,0.0066243548273414825,-4.421752736500087,0.000530224311049826,-0.439234290696631,-8.852670515899634e-07
6.19997763633728,0.35039774432629933,0.0068411133378421555,-4.415831401765956,0.0005471712637080464,-0.4623168045677666,-9.363195893783292e-07
6.201030969619751,0.483005197256249,0.007113543480529947,-4.421541894762854,0.0005688750519044923,-0.4907199329016422,-1.0002472939016669e-06
6.20201849937439,0.4829700965064605,0.007203715672223821,-4.484473433817471,0.0005783989155459224,-0.4962505263166793,-1.015548083559815e-06
6.20304799079895,0.5701551363537778,0.007304952123987102,-4.431185495503099,0.000586557425613208,-0.5099049183924559,-1.0505905915444857e-06
6.203981876373291,0.5809711108186928,0.007333811915576816,-4.432934689075924,0.0005893928155845328,-0.5123345282761195,-1.0621203768655565e-06
6.205009698867798,0.4683538412506758,0.007147070241914117,-4.459173307960436,0.0005741696395476221,-0.49094885325961457,-1.0109877281934887e-06
6.206002473831177,0.4416942471943832,0.007069230437678495,-4.441814677010574,0.0005681797258476083,-0.4838121152909812,-9.988151862375715e-07
6.207033634185791,0.42433581776036,0.00702639531118548,-4.434400418953142,0.000565464830435982,-0.47950744787659383,-9.927679058393328e-07
6.208059310913086,0.3820912889790309,0.006857587865088173,-4.369576060084808,0.0005521526610250762,-0.4649146561808598,-9.661330187800975e-07
6.209045886993408,0.22956792230640133,0.006502703182444291,-4.326427390714631,0.00052420164053446,-0.429026659874462,-8.885314122501289e-07
6.209975719451904,0.14930148213701688,0.00631718855789634,-4.306073327592242,0.0005107509567025491,-0.41034744680036583,-8.583330251861147e-07
6.211000680923462,-0.04432900958390551,0.005944630858420393,-4.312755191113118,0.00048108650486252,-0.37019559814612435,-7.653779254540797e-07
6.212040662765503,-0.10067522742552004,0.005715844594813202,-4.22695847433978,0.0004625678612994185,-0.35079024351479304,-7.279396635475221e-07
6.213018178939819,-0.08596439083830676,0.005693908827424966,-4.189735713831533,0.0004611336273427837,-0.35060980067904923,-7.281554352444292e-07
6.214039325714111,-0.07187168087068763,0.00561697563878661,-4.113711556473655,0.00045531271664101246,-0.34688478155392577,-7.214765748610989e-07
6.215037107467651,-0.2294332690058387,0.00541137785058011,-4.185832077109782,0.000439231188758735,-0.32008043122167806,-6.657166648495659e-07
6.216031789779663,-0.40378626843642706,0.005242046926880239,-4.308684913839548,0.0004256668839899353,-0.2942076108034617,-6.074912970599689e-07
6.217008352279663,-0.4837738839138197,0.005220250478278099,-4.402086680361073,0.00042370196845600914,-0.2855975711213553,-5.90931995290241e-07
6.218011140823364,-0.5856804837476055,0.005164168046349108,-4.5039283151955605,0.0004196715008018256,-0.2731184874179937,-5.547188655339123e-07
6.2190024852752686,-0.37964392057219154,0.0057321821971231535,-4.615935565140363,0.00046680621921773744,-0.3263252156354245,-6.755488500605049e-07
6.219984531402588,-0.32728702999412906,0.006035670059452079,-4.758053705470167,0.0004905950086097296,-0.34984749720540365,-7.254676431612299e-07
6.220999479293823,-0.2808383850668257,0.006323409048981585,-4.897189507002146,0.0005143725554272662,-0.37186424066008283,-7.774742821890784e-07
6.221974611282349,-0.31956337489936804,0.006422995482725577,-5.021782129436729,0.0005239691905905611,-0.37468065527707084,-7.827931369684556e-07
6.222970962524414,-0.4057676563592718,0.0064308305899043825,-5.1435611500157705,0.0005240599473413661,-0.3672598264075191,-7.654414395877496e-07
6.223979234695435,-0.6205982978612141,0.006073315865828401,-5.188984132691153,0.0004962612506905521,-0.3260566866140805,-6.683290370969266e-07
6.224975824356079,-0.7611144847135387,0.005873740361954304,-5.2395258953736965,0.0004791104631355295,-0.30093975497155445,-6.129543730488851e-07
6.225976467132568,-0.7663888256936495,0.005873777936829115,-5.24259955080531,0.0004786329226031369,-0.3001005135693584,-6.103229818671711e-07
6.227025032043457,-0.8377903961023563,0.0056399419290273645,-5.173998422941186,0.0004601865559961056,-0.27904072612923203,-5.665469345139065e-07
6.227985143661499,-0.7907046174801744,0.005574529202661784,-5.0595774343083875,0.0004555592072521545,-0.2788785279510593,-5.775694435019206e-07
6.229042291641235,-0.8114179976768323,0.005447777996831633,-4.999212963697851,0.0004459320338287622,-0.26920836105443846,-5.558099350027806e-07
6.229974746704102,-0.9820598080423668,0.00491708335824011,-4.85987317504863,0.00040266310659882264,-0.2210434262633385,-4.432895648253198e-07
6.23099946975708,-1.0555625691392203,0.004591125768442323,-4.727851294783444,0.0003758851555984422,-0.19396052126466412,-3.901598611198457e-07
6.231982707977295,-1.0496513604215871,0.00439380659268259,-4.577764965886908,0.0003603968048942027,-0.18199664472063704,-3.657995994370005e-07
6.233035564422607,-1.184361905229157,0.003959699998801315,-4.4553054271137,0.0003250511244512733,-0.14287710979472812,-2.7511096456695545e-07
6.234039783477783,-1.1461430701659907,0.0037504385571381295,-4.2515366100691745,0.0003075148584553551,-0.13298669682072684,-2.5585879519722536e-07
6.2350380420684814,-1.1309246936549138,0.003640077168917178,-4.150319355437178,0.0002985119839664249,-0.1272815251394529,-2.4780043755271566e-07
6.235974073410034,-1.1338114909619001,0.0033870856476667967,-3.9754630996934264,0.00027850000007112246,-0.11128679534226127,-2.1073256223563558e-07
6.236975431442261,-1.1101966050018945,0.0032755235737699524,-3.8618411558686856,0.0002692343191758846,-0.10625663637104088,-1.9982274051509141e-07
6.238005638122559,-1.1313545917164438,0.003065653046017412,-3.743100577794733,0.000252273419966604,-0.09135582677988535,-1.661209431085505e-07
6.239040374755859,-1.05395538907361,0.003017271646229164,-3.5991870626172764,0.0002486209571715928,-0.09497623010530115,-1.792655353177599e-07
6.239973783493042,-1.070455653487195,0.002839973892439418,-3.4928328858716515,0.00023361179604595213,-0.08214540690732719,-1.5124190876674323e-07
6.2410337924957275,-0.9794442613769823,0.0028656961700318263,-3.386100244549452,0.0002364709227520953,-0.09190173220533071,-1.7423410297440446e-07
6.242040395736694,-0.9087096003455382,0.0028946833279391644,-3.306502816251431,0.0002392652105203019,-0.09977973127614975,-1.981404338900494e-07
6.243009328842163,-0.7740435638868961,0.0030297401903969126,-3.2133019411636434,0.0002507534138176575,-0.11991178746889541,-2.477005840397955e-07
6.244039297103882,-0.5895765669608424,0.003169935587418891,-3.055585522099755,0.00026263770490853044,-0.14484459767072916,-3.0698526632875604e-07
6.244972467422485,-0.5011282762497213,0.003234127749495058,-2.9774727625430404,0.00026821042825695665,-0.15658019468632334,-3.394257156219962e-07
6.246032476425171,-0.4718617572120567,0.003194916090109406,-2.908195972379568,0.0002649083941264053,-0.15664151239691004,-3.4459170269837117e-07
6.247046947479248,-0.35118126158777185,0.003184211391812448,-2.731534494135064,0.0002644764168694213,-0.16648647893966867,-3.6962163490649365e-07
6.2480387687683105,-0.3188372006591078,0.003029991428853233,-2.57696101775466,0.0002517087078572563,-0.1596892040484883,-3.5458405966178996e-07
6.249036073684692,-0.24838208715410826,0.002983514291293971,-2.446877581934254,0.0002479343271020306,-0.16306561752254356,-3.6590511744350253e-07
6.250002384185791,-0.15398486507509102,0.0029959593955507643,-2.3246204002109705,0.00024959112412095425,-0.17216816170927546,-3.8646583316215394e-07
6.251026391983032,-0.11057505180120764,0.0029963085483551795,-2.264391943072997,0.0002498918171502014,-0.17600148224783968,-3.9981991766026536e-07
6.251967668533325,-0.07468638607622191,0.0029457812353932576,-2.177388992873541,0.0002456238649164491,-0.17589619760829928,-4.034878104030714e-07
6.253011703491211,-0.2280591363185569,0.0025623245787459808,-2.117393695128535,0.00021383471525608915,-0.13834698751204094,-3.1339269842875794e-07
6.253992080688477,-0.31965142275827785,0.002299434237331126,-2.0572366026698328,0.0001919455438866871,-0.11378214797062419,-2.5165475972070895e-07
6.2550048828125,-1.9550116890313805,-0.0012785764818815432,-1.798830588887106,-0.00010859342818154047,0.25303735889013834,6.38578394316475e-07
6.256000995635986,-1.821229803852527,-0.0011868862427574097,-1.6749401552311098,-0.00010070444111868225,0.23579200867288247,5.958109972830219e-07
6.256999731063843,-1.8188138182468225,-0.0011804940819602691,-1.6719023826748511,-0.00010005040535501425,0.23555100895092904,5.960093154153807e-07
6.257993459701538,-1.697711993961761,-0.00110422461521055,-1.5598090351297171,-9.37703143368487e-05,0.21993540045450571,5.602091767059967e-07
6.259000301361084,-1.6966713302556065,-0.0011089029345081886,-1.558081073262964,-9.450193172956803e-05,0.2198685059463541,5.59804680851708e-07
6.259968042373657,-1.6683789003850333,-0.0010871615846400834,-1.5313446713245404,-9.25906213293059e-05,0.2162685819622582,5.506021114778992e-07
6.260996103286743,-1.655614129765272,-0.0010771637846793709,-1.5188739867435972,-9.1787925977013e-05,0.21468029447008116,5.491237441742831e-07
6.261999845504761,-1.5292990641893562,-0.0009974324145931982,-1.402286458732768,-8.515687919201312e-05,0.1983633078701397,5.096705609270851e-07
6.26299786567688,-1.5307263736092032,-0.0009982442470882662,-1.402874803920483,-8.531784248321338e-05,0.19861183943745303,5.104891496159311e-07
6.264010906219482,-1.591136939236167,-0.0010368308956281904,-1.4574826659842537,-8.864005540345838e-05,0.20651673023496075,5.29976292304951e-07
6.265029191970825,-1.744154419209729,-0.0011378088141739096,-1.5968192221336153,-9.741449078459997e-05,0.22644999050949352,5.811657756874377e-07
6.26603364944458,-1.9728631534118248,-0.0012888157906016185,-1.8052842746324353,-0.00011051518058528836,0.2562253826703176,6.614049575907316e-07
6.267013311386108,-2.2735637794735406,-0.0014816241408776253,-2.0793690689607085,-0.00012703591157632013,0.29537333093291235,7.668291074692415e-07
6.268008232116699,-2.454824159902128,-0.0015999270104532243,-2.2439698329172977,-0.0001373459050666684,0.31902564707105474,8.258230898782096e-07
6.269005298614502,-2.6687481352152176,-0.0017374365922150374,-2.438192778392776,-0.00014922706301160035,0.34694363121947835,9.008973949109806e-07
6.270008087158203,-2.9282534104639644,-0.0019022676637018205,-2.6738271150735553,-0.0001633968318058458,0.3808077180573152,9.960816698306668e-07
6.271007537841797,-3.244550852139459,-0.002104759699949524,-2.9610414409430286,-0.0001807793959842577,0.42208183733804683,1.106871016312477e-06
6.272055387496948,-3.462932809555924,-0.002259320103249417,-3.15865126662557,-0.00019483258567185342,0.45063973662006246,1.1841054011480737e-06
6.272975206375122,-3.695583235157422,-0.0024091268337701204,-3.3690404395572924,-0.00020782062953817322,0.48107513777717575,1.2613400562630731e-06
6.2739739418029785,-2.093515506142184,0.001198702251643423,-3.6907231891974357,0.00010017347647529103,0.11569202760195407,3.4422798540409443e-07
6.2749786376953125,-1.3311272572514756,0.003097209820615526,-3.972849216838072,0.00026207307721978887,-0.069541538028987,-1.2224952232733264e-07
6.275975465774536,-0.9717156896989478,0.003959416657581242,-4.083028088811663,0.0003362189445754091,-0.1548574677622091,-3.3204639325963e-07
6.276981830596924,-0.9579734058683309,0.004223609264953319,-4.245208189554002,0.0003593154916541979,-0.17202069215122395,-3.7606464238427973e-07
6.278047323226929,-0.7931542389538015,0.004515565301100246,-4.220616616131085,0.00038436732629054074,-0.20453458400333902,-4.592800675253237e-07
6.27904748916626,-0.736654671275955,0.0045261471069748555,-4.147036162856302,0.00038517944611415303,-0.20994701206788746,-4.778667960811601e-07
6.280010938644409,-0.8396688437607946,0.004255161260756798,-4.096837935292808,0.0003623149061641814,-0.18385538785966415,-4.170511926361592e-07
6.281005620956421,-0.9297633091961646,0.0039048128649655928,-3.9741316571244374,0.00033313644334683206,-0.15410136306269662,-3.4632354234385687e-07
6.282008409500122,-0.9787452009298403,0.0037271756007294806,-3.913360777932301,0.0003175780037021399,-0.13844773553886702,-3.0561606684290803e-07
6.283029317855835,-1.047340275655963,0.0035455488998059753,-3.8790779361253147,0.0003022397261097971,-0.1209984428973977,-2.603351273153217e-07
6.284003257751465,-0.9635942352612585,0.003520617368884619,-3.751958093457672,0.0003012405939598695,-0.1274320654866679,-2.744309091385914e-07
6.285025358200073,-0.9365107331755262,0.003441132851548175,-3.6579815176782984,0.00029481665965287664,-0.12486049634240476,-2.7033777408296116e-07
6.2860143184661865,-0.8975521578260652,0.0034135606540425007,-3.585035489278374,0.000292719888919309,-0.1266381301530709,-2.8237350490759184e-07
6.287012577056885,-0.8653400825562421,0.003341065258928745,-3.486433880952049,0.00028618868420318916,-0.12473860847559531,-2.780498342329553e-07
6.288002967834473,-0.8529748351016746,0.0032965136271558737,-3.437663788919393,0.0002825731197244406,-0.123048488619866,-2.76464358923907e-07
6.288997411727905,-0.7525298649979679,0.0035164192779089964,-3.4546025628655834,0.00030257510810128007,-0.1456727225301554,-3.446011894554583e-07
6.29001259803772,-0.571296703113441,0.003778497538677781,-3.3895276465640314,0.00032530007740131403,-0.17807758498949383,-4.2770605734622133e-07
6.291006088256836,-0.3296706617678269,0.004180923405222025,-3.3403773032013313,0.0003599359850677769,-0.2245904702819056,-5.459690628270681e-07
6.291973829269409,-0.22921445634168425,0.004435330213890179,-3.379070755730941,0.00038276152005281333,-0.2491314791549945,-6.111199080810966e-07
6.292999505996704,-0.10238418245876924,0.004727793388050773,-3.4082174740023845,0.00040751309321659175,-0.2783814762687754,-6.911468675181905e-07
6.293992042541504,0.06091517540739089,0.004995402547182164,-3.3708077696872576,0.00043169654206242345,-0.30944760667654664,-7.760463297293819e-07
6.2950029373168945,0.1622385356935725,0.005264996758824806,-3.4200601012198533,0.0004561245815972283,-0.3351002466153321,-8.422449488720178e-07
6.296006441116333,0.19053914270822325,0.005438937155891003,-3.502865185055216,0.0004701926413870162,-0.34834153785819216,-8.813077718550449e-07
6.296998023986816,0.056838622266848216,0.005312849020548547,-3.5929943723186737,0.0004589752127808986,-0.32814231661213555,-8.233777263111816e-07
6.298000335693359,0.06648342529953233,0.0054116988635765865,-3.64795143417405,0.00046920062223512586,-0.33500780670713026,-8.411088106250439e-07
6.298997163772583,0.03797807641854156,0.005435814248135568,-3.702607898901091,0.0004719006779490692,-0.3338200506444192,-8.415537050273031e-07
6.2999701499938965,-0.02041801728217818,0.0053579551948668685,-3.726117010828103,0.0004653933138389014,-0.3236023148553888,-8.123271676457292e-07
6.300967216491699,-0.1231282443562729,0.005209376376853818,-3.760379656280462,0.00045265132449793556,-0.30500719664801434,-7.685234293918672e-07
6.302032232284546,-0.2067872221480247,0.004986553857534652,-3.715492876178301,0.00043351766065819895,-0.28345531237098387,-7.197091962733784e-07
6.303015947341919,-0.3504916863227807,0.004618765461881825,-3.652748192162128,0.00040175448202350075,-0.2476983633532911,-6.23717317808277e-07
6.303971529006958,-0.5703460135338085,0.004032065635978367,-3.540988346881167,0.0003508766002060274,-0.19160615037411605,-4.780742928293474e-07
6.304968357086182,-0.8517575762191121,0.0033768136057084823,-3.466457790467264,0.0002934384164531227,-0.12583847202842063,-3.015393651672267e-07
6.3060407638549805,-1.0012818983812029,0.0028553243105945837,-3.3054599763982697,0.0002479251312083998,-0.08021074998026106,-1.8056469302340982e-07
6.307039976119995,-1.2289369282439906,0.0021854169466954967,-3.148972461002713,0.00018965631708633463,-0.018541234906074233,-1.6299117753089403e-08
6.3079705238342285,-3.1278665907600267,-0.002013365556272852,-2.7999691419680697,-0.00017824331765218523,0.41170583187305754,1.1275207455326363e-06
6.309023857116699,-2.943948904090957,-0.0018959732631195134,-2.6342438924123495,-0.00016807266698469435,0.3875933735676917,1.068877853475524e-06
6.310036659240723,-2.794754673038638,-0.0017979068757548896,-2.4997333740469436,-0.0001593788791378726,0.368039833445967,1.0178646764933518e-06
6.311028957366943,-2.599151000983039,-0.0016660000917912904,-2.3238405891082934,-0.0001475301157432881,0.3423633864097693,9.443654647240175e-07
6.311978101730347,-2.380289874733453,-0.0015311724347323368,-2.127323387623225,-0.00013594449205552776,0.3136085207182166,8.661284113225373e-07
6.313009023666382,-2.2724260365248665,-0.0014651785340539555,-2.030138799430499,-0.00013030070095341916,0.2994662136383528,8.304479193716813e-07
6.314016103744507,-2.1268772802861218,-0.0013702169442946874,-1.8993834635392255,-0.00012186351877096398,0.2803492254307992,7.765531778870247e-07
6.315060615539551,-2.114624478848212,-0.001360749776236207,-1.887735237989297,-0.00012104630130151895,0.27879627982032856,7.747277285786202e-07
6.315995693206787,-2.080607676524066,-0.001338009660367209,-1.856688646042289,-0.00011902766989199804,0.27437124475487357,7.616667146482471e-07
6.316999197006226,-2.035867637533903,-0.0013097494774767745,-1.8161003729213174,-0.00011661416028232056,0.2685297088491409,7.47300776977331e-07
6.317993879318237,-2.108564454930143,-0.0013579464386137962,-1.8802692522120878,-0.00012105185874500058,0.2781782576794919,7.740881904254189e-07
6.31899356842041,-2.146742886269899,-0.0013806552370117199,-1.9136343159516513,-0.0001230949764509181,0.2832748737427108,7.922410048760243e-07
6.320003032684326,-2.1676492577015374,-0.0013969808970619242,-1.93159174519933,-0.00012475547904787466,0.2860933206935782,7.99541885532738e-07
6.320974111557007,-2.209390008466795,-0.0014253241765160637,-1.9681132220020374,-0.00012743484583217183,0.2916616846205333,8.206685718520215e-07
6.322039842605591,-2.325349681138805,-0.0014920128717402041,-2.07069617015161,-0.00013315520021189045,0.30703229925208325,8.641465573356508e-07
6.323010206222534,-2.3212765636753745,-0.0014868817399881057,-2.0663733643562368,-0.0001326908353096787,0.30655572213555815,8.640612383588465e-07
6.323997735977173,-2.3848968992382997,-0.0015219542908812623,-2.1223057074163973,-0.00013568268661444228,0.3150193938706487,8.905736686045214e-07
6.325037956237793,-2.418422116266739,-0.001542800766757117,-2.151408392705056,-0.00013758516336368783,0.31951206302490404,9.035080957186283e-07
6.326040267944336,-2.40256105357914,-0.0015425539200253947,-2.1365865998868054,-0.0001380519520489788,0.31747921401774815,9.005823903911343e-07
6.326967000961304,-2.3669680079146356,-0.0015231650042760903,-2.1042306278665865,-0.00013651942772861515,0.3128377631154335,8.919030162385402e-07
6.327977180480957,-2.2575785953718186,-0.0014488508141295305,-2.0063087224784337,-0.00012971873762439081,0.2984393584637976,8.547003222270284e-07
6.328968286514282,-2.0817821618433707,-0.001337827455377697,-1.8494672434065895,-0.0001199134366177844,0.2752538399736271,7.873308310261659e-07
6.329967260360718,-1.9661695713883742,-0.0012650643747947644,-1.7461755004320154,-0.00011352852246099377,0.26001862497993233,7.464131639691524e-07
6.330984592437744,-1.728202209627624,-0.0011133096533349758,-1.5343310515140236,-0.00010004771756401526,0.22859260480885676,6.56333990180299e-07
6.331970930099487,-1.5470292825157548,-0.0009952046481517607,-1.373015738460486,-8.94438847419184e-05,0.2046695692145649,5.893275427174292e-07
6.333017349243164,-1.3695396088968659,-0.0008759055823708818,-1.215072520218483,-7.857819052864823e-05,0.18122474554137596,5.228234993775531e-07
6.334019899368286,-1.2479957173133254,-0.0008031159165204149,-1.1068509588351907,-7.230064941816383e-05,0.16517540912747322,4.7543736492354183e-07
6.335034132003784,0.0,0.0,0.0,0.0,0.0,0.0
6.335970640182495,0.0,0.0,0.0,0.0,0.0,0.0
6.3370361328125,0.0,0.0,0.0,0.0,0.0,0.0
6.338030815124512,0.0,0.0,0.0,0.0,0.0,0.0
6.339062690734863,0.0,0.0,0.0,0.0,0.0,0.0
6.33997654914856,0.0,0.0,0.0,0.0,0.0,0.0
6.340977668762207,0.0,0.0,0.0,0.0,0.0,0.0
6.342012882232666,0.0,0.0,0.0,0.0,0.0,0.0
6.343034505844116,0.0,0.0,0.0,0.0,0.0,0.0
6.344035863876343,0.0,0.0,0.0,0.0,0.0,0.0
6.345041036605835,0.0,0.0,0.0,0.0,0.0,0.0
6.346032381057739,0.0,0.0,0.0,0.0,0.0,0.0
6.347033977508545,0.0,0.0,0.0,0.0,0.0,0.0
6.347967863082886,0.0,0.0,0.0,0.0,0.0,0.0
6.349038362503052,0.0,0.0,0.0,0.0,0.0,0.0
6.350014686584473,0.0,0.0,0.0,0.0,0.0,0.0
6.351016283035278,0.0,0.0,0.0,0.0,0.0,0.0
6.351969480514526,0.0,0.0,0.0,0.0,0.0,0.0
6.353013515472412,0.0,0.0,0.0,0.0,0.0,0.0
6.354028940200806,0.0,0.0,0.0,0.0,0.0,0.0
6.355000257492065,0.0,0.0,0.0,0.0,0.0,0.0
6.3559730052948,0.0,0.0,0.0,0.0,0.0,0.0
6.357033967971802,0.0,0.0,0.0,0.0,0.0,0.0
6.3580334186553955,-1.4396508730315034,-0.0009226170066704922,-1.2642098044117196,-8.416356782394345e-05,0.19165207444026539,5.685179965233001e-07
6.359033823013306,-2.220806846844824,-0.001419778551712127,-1.9492842271813935,-0.00012945994464535953,0.2957207383976171,8.751478574971993e-07
6.359968185424805,-2.77147168919323,-0.0017750361147535183,-2.431529465709645,-0.00016207861060182617,0.36914303792773717,1.0936611514535504e-06
6.361026763916016,-3.13790945657348,-0.0020101638731592417,-2.7517579580596703,-0.00018372102422586125,0.41806143530606066,1.2401207182216005e-06
6.36203145980835,-3.3875038194983222,-0.002171360711695948,-2.9693015794873268,-0.00019867927326021486,0.45143224960879347,1.3447345900728024e-06
6.36299204826355,-3.60836034993309,-0.0023077316755548607,-3.161499899723009,-0.00021116493466608963,0.4809870101878383,1.4398682011813054e-06
6.364012956619263,-3.9335074384828776,-0.002509069907927539,-3.444867840047514,-0.0002295150897633887,0.5244615770224339,1.57167726024326e-06
6.365036725997925,-2.525197377863936,0.00094754434049518,-3.940100551925134,8.309474989350192e-05,0.18457268340249777,5.590037480867316e-07
6.366034746170044,-1.9851644380300044,0.0026944663888744764,-4.416412693028703,0.00024152002550056336,0.029034294422052187,1.0580482105502297e-07
6.36700701713562,-1.7099479013021437,0.0038276737426778695,-4.815441319660961,0.00034356673991459217,-0.06398577585653276,-1.7018871298889466e-07
6.367996454238892,-1.6091884408155286,0.0045488673520297195,-5.165547562018112,0.00040887530607106596,-0.11599491111913351,-3.217226041210737e-07
6.369006633758545,-1.5421265859992062,0.005173413181120268,-5.497990833618924,0.0004657270150919477,-0.159359729856682,-4.4294102642880025e-07
6.3699915409088135,-1.4968018242166332,0.005607207006837283,-5.731898073314959,0.0005056223052405252,-0.18947989494723394,-5.37255466012575e-07
6.371001243591309,-1.5377954138212822,0.00577980690960103,-5.901920392806226,0.0005221098736885213,-0.1958168080602133,-5.605268588048725e-07
6.371998310089111,-1.6565000285190097,0.005806845824602269,-6.070139701252657,0.0005240439584101261,-0.18564465490372462,-5.166375233101222e-07
6.373000860214233,-1.7689754493615268,0.005843484147976056,-6.2382949872767774,0.0005267009423052772,-0.17677748955792194,-5.002333705056397e-07
6.374035835266113,-1.8294012203660044,0.005851323932680061,-6.323478588515055,0.0005283554548686993,-0.17156006561513337,-4.929093502142826e-07
6.375041723251343,-1.9282044590514795,0.005808379070497421,-6.423327534680565,0.000525157207657578,-0.15955857276339291,-4.6110833076721963e-07
6.375972509384155,-1.9383812395725233,0.005697081067356316,-6.356085284114348,0.000514329199898948,-0.15150005873816885,-4.3234884514702853e-07
6.37703537940979,-2.0346377505897033,0.005450767156963399,-6.312296973809707,0.0004922818308495862,-0.12739431920204736,-3.688033013726197e-07
6.378039598464966,-1.9161431992116524,0.005498493916730341,-6.18970881647719,0.0004977913576384499,-0.14153781622656392,-4.1237580088319104e-07
6.378971099853516,-1.9287274751662693,0.005287173391036619,-6.061267925778186,0.0004790703288881776,-0.12758728800886998,-3.5946789587373165e-07
6.379975318908691,-1.8620655510361548,0.005153075417885162,-5.884275803871755,0.0004678028277937874,-0.12603765210388496,-3.550601019352271e-07
6.3809709548950195,-1.9165251980777596,0.004721849167574028,-5.662121875145675,0.00042841052798215946,-0.09502979848707938,-2.617624458112278e-07
6.381977319717407,-1.9636885450302963,0.0043757354011083275,-5.485583148067899,0.0003965691175288767,-0.06957122315167719,-2.005378163444527e-07
6.383033037185669,-1.8602205283977482,0.004147491570985581,-5.197470540450042,0.0003762172103191495,-0.06598698591919305,-1.8906367334794828e-07
6.384052753448486,-1.8036073994797879,0.003912672136539625,-4.966509904471974,0.0003551209055191045,-0.05757385372790591,-1.634747968847228e-07
6.385058879852295,-1.7021488382688243,0.0037727634283287338,-4.738346245214612,0.00034249963403491194,-0.0588423334151158,-1.6877881745391532e-07
6.386006832122803,-1.6712739876591018,0.003567763153138904,-4.558913616121956,0.00032366496014313767,-0.049548331157869385,-1.3565582306254806e-07
6.386995792388916,-1.6526507979315368,0.0033376736349720946,-4.377114403184843,0.00030267692003141215,-0.03746832041130521,-1.0924529069490532e-07
6.3879735469818115,-1.6577583807393612,0.0031450027399509478,-4.2562223990101025,0.00028582083830170854,-0.02575519095533385,-7.493883514862026e-08
6.389006853103638,-1.6047722512573284,0.003084048536761345,-4.145261564588819,0.00028059026650887486,-0.02713891975220961,-8.11557176598475e-08
6.390009164810181,-1.5123199288885862,0.003152648027604169,-4.070410319022171,0.0002870928014071859,-0.040003978270596985,-1.2210922308710332e-07
6.391007661819458,-1.5400837465878792,0.003076577967471338,-4.054648490562297,0.0002803628678329896,-0.03277543075894018,-1.0487695015518477e-07
6.392033815383911,-1.5684024579837863,0.0029672344427781145,-4.016804082955861,0.00027044999156589913,-0.023486866635491488,-7.574963542945346e-08
6.393004417419434,-1.5623077532668819,0.002867345459854798,-3.9378478211399637,0.00026123114965437495,-0.017821041558018003,-6.213369882242755e-08
6.394002914428711,-1.3364045790223487,0.0032051522113709444,-3.870210595873397,0.00029247655273809505,-0.05939899134759996,-1.8634727714246194e-07
6.395003795623779,-1.304282702367475,0.0032489099089903,-3.8572292265159587,0.00029647466496937884,-0.06501507304978982,-1.9995519758420963e-07
6.3959736824035645,-1.1980298207770042,0.0033252569750190798,-3.770403752106896,0.00030403954737294746,-0.07973003761037178,-2.522477977792186e-07
6.396972179412842,-1.159518571354051,0.0032912794937383764,-3.697210467738642,0.0003014397477325597,-0.08139179631721627,-2.545928078452844e-07
6.397994041442871,-1.0470922089892967,0.0035237512181567443,-3.7046317205128507,0.0003227005956645339,-0.10569937102640281,-3.3060307880907317e-07
6.398998737335205,-1.0998805541507135,0.0035056000757799394,-3.7601038081138913,0.000321070847377007,-0.09947424692090379,-3.1051836433096303e-07
6.400002479553223,-0.9959302187772461,0.003634586792777339,-3.7130268556814006,0.00033367348459218435,-0.11720262586279895,-3.6041724441982347e-07
6.401023864746094,-0.9080676334998352,0.0037816515848302294,-3.696273711423234,0.00034753372105927253,-0.13421463628062713,-4.1917629190836937e-07
6.402039051055908,-0.8580836838752521,0.003913959106014046,-3.720435115510976,0.0003605652443869774,-0.14685746324056126,-4.6569726454358135e-07
6.403026580810547,-0.7131068398727378,0.004055949266695466,-3.626809607909552,0.0003739571727231557,-0.16912154553224557,-5.406309054026591e-07
6.403974533081055,-0.714956327351826,0.00401788221577557,-3.6018369499452194,0.0003702285005827129,-0.16653481879984477,-5.388903486098552e-07
6.4050397872924805,-0.6605021376113402,0.004033478830413165,-3.5394156889347896,0.0003719896457061671,-0.17249890939528206,-5.556125298074291e-07
6.406034231185913,-0.7477641903147889,0.003841288669505636,-3.5245586442496406,0.0003548150107645421,-0.15283155570796508,-4.911327191415348e-07
6.4070351123809814,-0.8387183463591876,0.003464164275375011,-3.3889205296339573,0.0003195411826126103,-0.12175864838752382,-3.8777716758502743e-07
6.408037185668945,-0.8782598802547685,0.003340011136997146,-3.3537375494373047,0.00030757133554609533,-0.11034300683152404,-3.5646826426994026e-07
6.409038066864014,-0.8828597438874488,0.003224428305442125,-3.2808864128591977,0.00029709476690443376,-0.10296429628206677,-3.330344406264546e-07
6.41001558303833,-0.784660123020239,0.003287105211221551,-3.1958636957541566,0.00030301171522065164,-0.11614349667579521,-3.789080659417217e-07
6.411023378372192,-0.9346988601332549,0.0028114880308289475,-3.0691514985432518,0.00025904987494242387,-0.07342467598244873,-2.4025452307990606e-07
6.4119713306427,-1.1542553647271698,0.002355145727258905,-3.047740931333422,0.00021699851248650577,-0.025345860942933063,-8.065680472456229e-08
6.41300106048584,-1.335918456566344,0.0018915019156672142,-2.9699419289252686,0.00017380464224309603,0.01972236333734828,6.478040254461111e-08
6.413969993591309,-1.4106405735743976,0.001786440708161393,-2.9948399638443157,0.00016405118666743652,0.03325286906845892,1.0850883318594963e-07
6.4150354862213135,-1.6172936306596715,0.0015617716658569702,-3.1102673927708016,0.00014322655982500993,0.0665750567783146,2.1711981344131686e-07
6.415966987609863,-1.6628599492649425,0.0016772931630644494,-3.24251086183626,0.00015383099434752948,0.06452478577964987,2.1663943343036851e-07
6.416998863220215,-1.6579191760175442,0.0019363755626118895,-3.4089002068594154,0.0001780896127023211,0.048842985930499794,1.654728937234616e-07
6.418032884597778,-1.5826319609320247,0.0023611987966419864,-3.5936252802712954,0.00021762764786904308,0.016746751987921527,6.783285620974778e-08
6.4189910888671875,-1.6692635369545137,0.002551863011016781,-3.8299104616434376,0.0002354608575071999,0.014180940383412555,6.374217953704105e-08
6.4199724197387695,-1.8876019490120188,0.0024111103208600358,-4.015561536280062,0.00022241857932593135,0.04378204635257066,1.6594034231666643e-07
6.421031475067139,-2.0135128102724544,0.0026411308312090545,-4.326341906514277,0.00024366975833633667,0.042925020456803464,1.6042147574494373e-07
6.421990394592285,-1.9711375748064173,0.0029439519805479594,-4.468848098515576,0.0002715808819310408,0.021468728680305915,8.735950528730909e-08
6.423031568527222,-2.119710571177105,0.002919822201087253,-4.642921601903644,0.00026948611933949953,0.037410018220162544,1.3513947244772914e-07
6.423968315124512,-2.2989031026993594,0.002780335030511414,-4.777227169914306,0.0002563810003537689,0.06329323593697267,2.2909735533189154e-07
6.425033330917358,-2.293420895433725,0.00282764407654084,-4.800381019003188,0.0002609905966436132,0.0601022409843156,2.1157426053363883e-07
6.426032543182373,-2.422750449806903,0.0025760985814688494,-4.796013369940734,0.00023744551620115336,0.08769753083719056,3.161182096013626e-07
6.4270336627960205,-2.664865646033448,0.0020250100715363145,-4.736873485334707,0.00018597228066212604,0.14384287440101873,5.103374664937533e-07
6.428034782409668,-2.700917924732011,0.001797274095203067,-4.6321733145675195,0.0001648744943982041,0.16064188726057393,5.708874221405683e-07
6.429033517837524,-2.7013645668085196,0.001437417117151328,-4.396296994867553,0.00013149211180912037,0.1814929745889426,6.338121192399975e-07
6.430006504058838,-2.591702869752851,0.0012734951158869011,-4.1423095992497005,0.00011613911916034085,0.18077104387722726,6.413826308412541e-07
6.430989503860474,-4.186968873711829,-0.0026461782977496425,-3.5706916951126315,-0.000251655029487051,0.5667173625714235,1.9524690305827994e-06
6.431993007659912,-3.9235708182024753,-0.0024832107078783653,-3.3448727944207572,-0.00023650349482870004,0.5311704765460071,1.8381758288222295e-06
6.433015584945679,-3.6695349862847624,-0.002325234571207171,-3.1271636627844672,-0.00022166293152697325,0.4968797425214261,1.7098296023929311e-06
6.433968782424927,-3.385198477020695,-0.002142756383563844,-2.8837911032702706,-0.0002042243750247227,0.45847212714818364,1.5845863496581935e-06
6.4349684715271,-3.0606581521471345,-0.0019386357073097674,-2.606342962607133,-0.00018484957274878588,0.41460428069803,1.4248806552635479e-06
6.435967922210693,-2.805827239879163,-0.0017810360569647582,-2.3884437439486805,-0.00017004481698043968,0.3801629893492615,1.3126221204549818e-06
6.436965227127075,-2.620872149536475,-0.001662185631747457,-2.2301908174735265,-0.00015874681729683614,0.35517469665205087,1.2269501570801969e-06
6.4379847049713135,-2.340985295478773,-0.0014890281125853376,-1.9913001173057296,-0.0001424797654756235,0.31730888578867816,1.0974614773805922e-06
6.439048767089844,-2.0785112929324563,-0.0013175695307050788,-1.7673846896444234,-0.00012592100383283805,0.28178891404728434,9.724386989305353e-07
6.440002918243408,-1.9197230766650712,-0.0012137815731625226,-1.631759303593025,-0.00011594467637967232,0.2603149077961231,9.018222897286114e-07
6.440998792648315,-1.8127566975041618,-0.0011441079205380938,-1.5402653289785648,-0.00010928243531225337,0.24586065175413757,8.544230757599376e-07
6.441992998123169,-1.7617300652583059,-0.0011184906084030421,-1.496335281118426,-0.0001071529347261232,0.23899049323548344,8.334411398799182e-07
6.442999839782715,-1.7687026207759542,-0.0011240701940130905,-1.5016738189797174,-0.00010781820823852754,0.2399877276666918,8.40871360027008e-07
6.443977355957031,-1.7446192747762976,-0.0011036519678049009,-1.4806542106449228,-0.00010568463665943426,0.236770316900083,8.286467216176706e-07
6.444998741149902,-1.6700067165924117,-0.0010551809353640995,-1.4167877774365276,-0.000101052429904823,0.22669208101614244,7.974113466420989e-07
6.445994138717651,-1.6352512389745166,-0.0010352558342263977,-1.3867629410978006,-9.930273443505203e-05,0.22202171448484478,7.816587125976679e-07
6.446995258331299,-1.6553498203516046,-0.0010470159484092499,-1.4032543713069434,-0.00010047637623960676,0.2247992100717285,7.900551944881599e-07
6.447999954223633,-1.6328859552949535,-0.0010332752313583953,-1.3836626098999543,-9.923451122226719e-05,0.2217968880067701,7.811670960855036e-07
6.449001312255859,-1.7492678231968952,-0.0011070496136595584,-1.4816819195417634,-0.00010635950733469639,0.23765793323461962,8.351846050845393e-07
6.449995756149292,-1.8749713163474866,-0.0011838725219509318,-1.5875006654985224,-0.0001137017715194674,0.25479389777689365,8.992644484395383e-07
6.451000213623047,-1.9703889719553103,-0.0012484472871224198,-1.667596831787592,-0.00012012059362677936,0.2678213097299414,9.447405311453216e-07
6.45199990272522,-1.990621643735262,-0.0012576969777873754,-1.6840340993003864,-0.00012096844470429862,0.27063178404505617,9.564629595390362e-07
6.453007936477661,-2.033416680228962,-0.0012818739269961539,-1.7195346183663207,-0.00012328078351876368,0.27651181368442446,9.81302654274782e-07
6.45404052734375,-2.057338360214653,-0.0012971464265949925,-1.739058075582187,-0.00012485574413575716,0.279826870884708,9.941637781584437e-07
6.455035448074341,-2.101915071966124,-0.001324405116439369,-1.7760109675046105,-0.00012752495914867035,0.28595395632500925,1.0147247045123e-06
6.456036329269409,-2.16196787337976,-0.0013624591180364473,-1.8259889309857682,-0.00013125051713830743,0.29419100466427084,1.0443189327738412e-06
6.457029819488525,-2.2848255867625036,-0.0014395726767059717,-1.9289302937952815,-0.00013876664663897324,0.31098142704289095,1.1099318105819078e-06
6.4580371379852295,-2.474112900363292,-0.0015560604766325418,-2.087834445883238,-0.00014995078074068232,0.3368239113425216,1.2020766339803571e-06
6.459039211273193,-2.571279245913888,-0.0016159635985908633,-2.168902258513896,-0.00015579305559249352,0.3501337424385408,1.2523044257568177e-06
6.459970712661743,-2.62245458918681,-0.0016577296796873664,-2.211144578228979,-0.00016032653300492692,0.35718371104362845,1.2796340037211118e-06
6.460994005203247,-2.6206373947198784,-0.001651822288521822,-2.20867653603261,-0.00015967727009066974,0.357018560717035,1.2840113533785385e-06
6.462034702301025,-2.6826011053865075,-0.0016868284065269818,-2.2599390303796247,-0.00016301584043671506,0.3655446254214844,1.3154024548715649e-06
6.463050127029419,-2.7815708647193134,-0.0017552380756752533,-2.3423170963813855,-0.0001699202983684895,0.3791185928616985,1.3664255330339179e-06
6.4640467166900635,-2.9893118815064827,-0.0018960110223869154,-2.516170679786887,-0.0001840113645176744,0.40752818715845984,1.4711924198960079e-06
6.46500563621521,-3.2865723801436824,-0.0020863173351119923,-2.765200036868182,-0.00020270870793093033,0.44815721158290556,1.6199747088674667e-06
6.466023206710815,-3.593718534503942,-0.0022741066597978658,-3.022323174627407,-0.0002208239959756511,0.4901539245300926,1.778362412651891e-06
6.467006206512451,-2.080470183519722,0.0014377579802371376,-3.549075122153748,0.00013448083245082038,0.1254123221008664,4.392297606024769e-07
6.467987775802612,-1.2969865236592995,0.003495428692659714,-3.913063063152607,0.0003313732390360413,-0.07146356626178463,-2.7239431869736695e-07
6.469001770019531,-0.7715131731115257,0.005049875900184186,-4.270740609958641,0.0004803621844161809,-0.21349877421765007,-7.879404496377516e-07
6.469993591308594,-0.5991406439220901,0.00582931459194197,-4.5627215538872345,0.0005543550433053091,-0.2754602713160612,-1.013276927437356e-06
6.47099757194519,-0.5163918199466515,0.006405964772284339,-4.8345089132757355,0.0006102061648291255,-0.3167879089923006,-1.1740268044549418e-06
6.471981763839722,-0.5252861779074793,0.0067803992248306605,-5.089267286199562,0.0006460366347352788,-0.33733527029471544,-1.2562257421318546e-06
6.473012208938599,-0.6350391222911158,0.006838023932663216,-5.2628905829160075,0.000651607683242983,-0.3295221004908506,-1.218958700624014e-06
6.473975658416748,-0.6745732328713521,0.006813185603268941,-5.294772748195201,0.0006501280418649446,-0.32400975555516864,-1.20049465296928e-06
6.475038290023804,-0.6742459102095193,0.006991400582911972,-5.410071293563504,0.0006674892353933639,-0.334224895098883,-1.2522782965623993e-06
6.475970506668091,-0.5833340664328501,0.007133761678211876,-5.389264089689092,0.0006808761978195853,-0.3515217109548556,-1.3067169454053528e-06
6.477037191390991,-0.43045075391946597,0.007342450948329559,-5.332646219231565,0.0007021470925791999,-0.3787059874196955,-1.4183192085417329e-06
6.478036642074585,-0.5424989109395808,0.007005936046030633,-5.248931198551011,0.0006704529012309805,-0.34776413593815525,-1.3074198699197337e-06
6.478997707366943,-0.6445354345455616,0.00655510145891554,-5.0784586979840105,0.0006287263668559972,-0.3112940764417952,-1.1727230126522944e-06
6.479975700378418,-0.6798750661161987,0.006278649565696246,-4.938177238974063,0.0006022313932343521,-0.2915138506529753,-1.095689680937728e-06
6.480997562408447,-0.7033671178850343,0.005941060296150087,-4.745380497462169,0.0005689984006828439,-0.2696050093151019,-1.0217632871873256e-06
6.482010841369629,-0.6437560286839759,0.005691731530703997,-4.508006274727717,0.000546040051455177,-0.26125825347410225,-9.900307307332279e-07
6.48302435874939,-0.6108436139677407,0.005237274841694067,-4.173760155686726,0.0005030428176128802,-0.23876937026008882,-9.054378308652146e-07
6.483968734741211,-0.5932438115300753,0.004828488439166732,-3.884922173967425,0.0004630378114716109,-0.21705462659535424,-8.229795047735259e-07
6.485034465789795,-0.6102686692555701,0.00447295476623635,-3.674198362839524,0.0004290405472854256,-0.19492890306295985,-7.443904516676684e-07
6.486032962799072,-0.5324396753684497,0.004347028899436202,-3.4945105082883234,0.00041730520613112896,-0.195491592918902,-7.504044348210759e-07
6.487032413482666,-0.5994877041137632,0.0039634689039656345,-3.32625478618506,0.0003809089554740845,-0.1665781871017697,-6.435748088419998e-07
6.48803186416626,-0.2836943370198104,0.004241298992016302,-3.113126062847896,0.00040821076747406737,-0.21426578197477636,-8.275349236131973e-07
6.489037036895752,-0.08995142740667017,0.0044596608608226075,-3.0140106499614907,0.0004289836801152582,-0.24630713100629809,-9.550821574446145e-07
6.490004301071167,0.08473898138019731,0.004684012528825198,-2.9434704168084065,0.00045192818354060046,-0.27685445290743527,-1.071556889471773e-06
6.491045236587524,0.1677972285350271,0.0047940310823898005,-2.9095450525945568,0.0004634723397468255,-0.2913444765650653,-1.1324909651542353e-06
6.492001295089722,0.118178622616806,0.004652893280774572,-2.8807222981352583,0.00044868511337178564,-0.27836831770331794,-1.0846174297480082e-06
6.493005275726318,0.22002059824574216,0.004721705969559172,-2.798118540908326,0.00045573858956996177,-0.2925267384214541,-1.1399100740955089e-06
6.4939939975738525,0.3889333654961873,0.004958796699625182,-2.741911950658127,0.0004786610644235173,-0.3231198024822826,-1.25595778058001e-06
6.494967222213745,0.559886020382371,0.005130020805927589,-2.6397507162055636,0.0004957271012378478,-0.350098051437209,-1.3696644164610911e-06
6.495967864990234,0.7213856204892268,0.005381783392303139,-2.6021815802481094,0.0005212471121910183,-0.38077148332149285,-1.4889406288507208e-06
6.496972322463989,1.0510065103110993,0.0058532946063804174,-2.4993857346475576,0.000567219520791693,-0.4410776806802251,-1.7237710103924257e-06
6.497971534729004,1.2418303723490496,0.006102141729969636,-2.424362548805497,0.0005919963313675758,-0.47462497977028545,-1.8572671737042427e-06
6.4989683628082275,1.2527426026486563,0.006054603383287744,-2.376141211405415,0.0005881752056764031,-0.47267743656982864,-1.8550811661127167e-06
6.499966859817505,1.176857988475807,0.005901092059813898,-2.371489242175151,0.000572991252327527,-0.4563019404729292,-1.7930971589510201e-06
6.500970125198364,1.0847606264335306,0.005669400800253391,-2.333227480963626,0.0005512457486184519,-0.4335576230225825,-1.7063035284332846e-06
6.502020835876465,1.1704585748854428,0.005695559926394223,-2.2421622727648707,0.0005537235387404848,-0.4435747320485058,-1.7462282763775874e-06
6.503026723861694,1.159188102683475,0.005547932321169528,-2.160762345522428,0.0005396090026177598,-0.4340402318886724,-1.7123257510860247e-06
6.503970384597778,1.0577062690147916,0.005221861894709473,-2.0727982912361678,0.000508813716498483,-0.40494762063768497,-1.6046034202978972e-06
6.504966735839844,1.0019268504811298,0.004852899563320632,-1.9062726495788624,0.0004725275564736949,-0.37855737538028134,-1.5050122662265667e-06
6.505991458892822,0.9804496968762517,0.0045481132069270895,-1.7369599410837184,0.0004422227554508767,-0.3591390639316386,-1.4248912211299187e-06
6.507033824920654,0.8738379085423873,0.0041390243537514455,-1.6050710293351953,0.00040236413697517615,-0.3251017214612405,-1.2926113980471672e-06
6.508031606674194,0.6795437330132292,0.0035937298956157738,-1.489871496483429,0.000349471421794173,-0.27408467154157407,-1.0950500310717187e-06
6.509035110473633,0.5314460282531233,0.003216516541252535,-1.4265356555864817,0.00031315212247107096,-0.23735136343714514,-9.526387552288854e-07
6.510007381439209,0.33288108070095257,0.0027648114698452615,-1.3778181852529117,0.00026935792159540146,-0.19128616426345577,-7.719935773741449e-07
6.511023044586182,-1.3466459080076367,-0.000845486203839886,-1.113065073879366,-8.390692332625804e-05,0.18538456645176343,7.236915793956989e-07
6.511994361877441,-1.3150152713035292,-0.0008283638435940868,-1.0865677064981927,-8.237914273415886e-05,0.18106124919951944,7.094243835079039e-07
6.512995481491089,-1.3318261396895084,-0.0008424145667058775,-1.100103049490609,-8.393772159518945e-05,0.1834071458687621,7.208997022039174e-07
6.514001369476318,-1.4384071835286087,-0.0009042719688004837,-1.1877560662255016,-8.99557103633847e-05,0.1981183312344149,7.805185773427673e-07
6.514959812164307,-1.5547552524130954,-0.0009770839536862167,-1.2834096930864056,-9.724376707113564e-05,0.2141804452577325,8.450299935439937e-07
6.515967845916748,-1.7416836550710573,-0.001098750969113626,-1.437237059366779,-0.00010955585000578678,0.23997337244039538,9.441437134867903e-07
6.517035245895386,-1.9993561511148847,-0.0012578017300463506,-1.649316162668747,-0.00012536781753277965,0.2755247031999515,1.0905188998771098e-06
6.5180323123931885,-2.3481969328207235,-0.0014749365248299517,-1.936431622891046,-0.0001469991950242783,0.3236546415119751,1.28379148502702e-06
6.519034147262573,-2.651689589261567,-0.0016575895076464452,-2.1859778833895187,-0.00016496412508898222,0.36554942359200543,1.4528577512498716e-06
6.520017385482788,-2.8718572583457718,-0.0018054996730314105,-2.3667004040053476,-0.00018015149167870126,0.395969118960124,1.5846892596606715e-06
6.521027565002441,-3.1414013883733016,-0.0019785593250763096,-2.587975570419835,-0.0001975713169296959,0.4332089882997733,1.7252762309270265e-06
6.522036075592041,-3.3395006375903664,-0.0021028416431276035,-2.7502705544121437,-0.00021012906529125638,0.46060711090403844,1.8473351253476883e-06
6.5230114459991455,-3.633380180975957,-0.0022806654395248725,-2.9913000172292175,-0.00022778372877411515,0.5012287724788288,2.0100728430308586e-06
6.523967742919922,-3.8790514528434055,-0.0024295638176494443,-3.1924880086288523,-0.00024251359048302844,0.5352134633508883,2.1430348724285923e-06
6.525040149688721,-4.09552673811888,-0.002558160203470088,-3.3695130695002904,-0.00025520559322645455,0.5651816565627519,2.2672832884238017e-06
6.526033639907837,-4.20631431302993,-0.0026409062944711056,-3.459493997308413,-0.00026406333935468035,0.5805730410271077,2.333596374342614e-06
6.527033805847168,-4.203567824514378,-0.002631177659748031,-3.4560766264964577,-0.00026298127021720465,0.580295907979425,2.347826449077935e-06
6.527968168258667,-4.138998391205721,-0.0025827741016688837,-3.401858334478991,-0.0002579645651466916,0.5714817085975132,2.3241019924040516e-06
6.529032468795776,-4.048557208731214,-0.002527221904085994,-3.3264249220502013,-0.00025258853647825927,0.5590910245051869,2.2918000735572015e-06
6.529989242553711,-3.909591991307492,-0.002441719819821195,-3.2111944635696457,-0.0002442566246936306,0.5399930239980486,2.213437144834321e-06
6.531028509140015,-3.7818166864715512,-0.002365805056582298,-3.105217201773541,-0.000236889437997865,0.5224350998310001,2.1320399834219494e-06
6.531998872756958,-3.684817883758914,-0.002306333004366799,-3.024576345478475,-0.00023112044736967068,0.5091229477181345,2.0788083320929e-06
6.533011436462402,-3.512078593381066,-0.0021922360717717892,-2.8818331164765287,-0.00021960051652078672,0.48534000559516954,1.9885877603226064e-06
6.534034729003906,-3.367288681971859,-0.0021069446664034775,-2.7621188098257097,-0.00021135372162934917,0.4654110682738433,1.9086289072628785e-06
6.535031795501709,-3.2009761634762777,-0.002003821874682061,-2.624843101147695,-0.0002011738946384675,0.44249917764885377,1.8169170395850937e-06
6.535968065261841,-3.0238767820570875,-0.0018933660544870848,-2.478801182207307,-0.00019014247533781468,0.41808915740898345,1.7186035388309316e-06
6.537035226821899,-2.7805567543429133,-0.001742338072573923,-2.2785990393780025,-0.00017511104884787273,0.3845124133041176,1.5874451210033247e-06
6.538033485412598,-2.6967514609016203,-0.0016970327551606146,-2.209209762825808,-0.00017082931943913706,0.37298603669860525,1.5343799224456167e-06
6.539034128189087,-2.5608598660483155,-0.001604516562310825,-2.0971934148221076,-0.00016136271514874986,0.35425188389755297,1.4645600166324112e-06
6.53997540473938,-2.5257047143669107,-0.0015837124230846991,-2.067720062120279,-0.0001593674974977971,0.34944889525496425,1.4438787148807128e-06
6.541001081466675,-2.4496493560175536,-0.0015404373010116277,-2.004784570180947,-0.0001552862970149958,0.3389851718215143,1.4076932941524893e-06
6.542004108428955,-2.474807762942082,-0.00154652166556673,-2.024689885805442,-0.00015555699529931318,0.342526832033581,1.4205594275133402e-06
6.542995452880859,-2.362954469534503,-0.0014758246514907517,-1.9325304183074257,-0.00014854077608339892,0.32710293276002644,1.3647286745006463e-06
6.544034004211426,-2.248661166249055,-0.0014134041143914588,-1.8384312104464189,-0.00014268210448713112,0.31133635321420194,1.3019339465664157e-06
6.545035123825073,-2.22446446379601,-0.001392483360983115,-1.8180389133116068,-0.00014042742831480925,0.308039888919932,1.2876797000482091e-06
6.546032428741455,-2.1844107972974878,-0.0013641741132390402,-1.784701712106967,-0.00013750629441366342,0.30254627118050614,1.262449945636996e-06
6.547032833099365,-2.1313999472895837,-0.0013309029335821043,-1.7407954467341524,-0.00013416012976405205,0.29525653990312484,1.2260730639178574e-06
6.548033714294434,-2.0769958835603113,-0.0012979167070755115,-1.6957776715716233,-0.00013096919856548758,0.28777148943802217,1.2034890982550268e-06
6.549052953720093,-2.118413731459196,-0.0013208139162449771,-1.7289954093483717,-0.0001332058221437521,0.2935626432333049,1.2344971372757826e-06
6.550023317337036,-2.141758316024323,-0.0013374724757074408,-1.747434181798121,-0.00013500969099055469,0.29685173190451114,1.2446177977033836e-06
6.551028490066528,-2.247398399252474,-0.0014046104653399507,-1.8329765986646633,-0.0001419006280811863,0.3115506723399107,1.3081141763598778e-06
6.552026987075806,-2.2419625760552364,-0.0014028746949798364,-1.82788582584414,-0.00014187919709051952,0.3108549633120886,1.3098664965046988e-06
6.552969694137573,-2.3028158463698647,-0.001440073099586397,-1.8768242597870743,-0.00014564761050271375,0.319351908881003,1.3403299600861826e-06
6.553963661193848,-2.3715242921289392,-0.0014777913128245891,-1.932116265668481,-0.0001493359443462502,0.32894246872795146,1.3781711915963245e-06
6.554962635040283,-2.4087372497222117,-0.0014980050750777799,-1.9617197904978574,-0.00015138872767544583,0.3341669644463469,1.4131443175889583e-06
6.555966377258301,-2.4911389498357845,-0.001545207878572379,-2.028081616307698,-0.00015606604447702493,0.3456644408864336,1.4534132476088774e-06
6.55700945854187,-2.535155543558538,-0.001580855350300346,-2.06315316287671,-0.0001600561246763174,0.35183923648682947,1.4790188804572951e-06
6.558042526245117,-2.560037399221375,-0.0015957545393684598,-2.082630216464014,-0.00016161299611803444,0.3553603980457009,1.4952713733667256e-06
6.559064865112305,-2.605812286356608,-0.0016249317612796787,-2.1190753765096675,-0.00016462067499931578,0.36178425998939384,1.5205270367160841e-06
6.5600457191467285,-2.824620588888923,-0.001765516654801589,-2.2961566135190896,-0.000179139788557824,0.3922383772616776,1.6592398306294715e-06
6.5609962940216064,-2.9012976424975796,-0.0018173502167453176,-2.357603937353734,-0.00018466615553559858,0.40296386474491025,1.7166001493447988e-06
6.561992406845093,-2.978121034944517,-0.0018612541697913775,-2.4191305315507603,-0.00018912834963180788,0.4137131656507391,1.7744568605614659e-06
6.563030004501343,-3.0805005918725348,-0.0019237221724064462,-2.5013672983141735,-0.00019548052115265615,0.42801698839308555,1.8319658836408058e-06
6.563967227935791,-3.292335022905524,-0.0020522517103829185,-2.6723872048442083,-0.00020851369827078154,0.4575371997226665,1.961785229028718e-06
6.564996004104614,-3.528398574420064,-0.0021893324777526395,-2.86292905585932,-0.0002221504652606401,0.4904372863133267,2.1013609296240345e-06
6.566033124923706,-3.7767044485986454,-0.002355906587162172,-3.063265447957319,-0.0002396127571356906,0.5250512394379584,2.2441645287898838e-06
6.566993474960327,-4.158388625084438,-0.002604905480316533,-3.371569550721893,-0.0002654975054561475,0.578226828132942,2.481219109930545e-06
6.568007946014404,-4.51515731482331,-0.0028153930100273655,-3.659452750356228,-0.00028661758348924983,0.6279572363690782,2.7101988670720123e-06
6.568997144699097,-3.00465195526824,0.0009989094562583333,-4.263979120080703,9.529649073437732e-05,0.2569486108308303,1.0689840889844267e-06
6.570034980773926,-2.261448134893536,0.003077600069945554,-4.690884349321607,0.00030346590415179233,0.06301087924954263,1.9984913415830401e-07
6.571019649505615,-1.7584503255591684,0.004450180620505878,-4.958264382712674,0.00044116542212921546,-0.06634929477599982,-3.741346721421956e-07
6.57197904586792,-1.5523601456167846,0.005235937414566895,-5.211043116449773,0.0005202150220219873,-0.13195519319264937,-6.596792751198354e-07
6.572993755340576,-1.5604929490587685,0.0054943832203254595,-5.386169793996435,0.0005465035002899243,-0.14565519816943961,-7.250318436663691e-07
6.573992490768433,-1.6467607033396288,0.00550338910521826,-5.492465302462934,0.0005475665262065045,-0.13685846770607846,-6.758993140324011e-07
6.574998617172241,-1.8149746160006828,0.0052499912997722616,-5.527486462518876,0.0005215128368320835,-0.10454812274962089,-5.257576662402576e-07
6.57599663734436,-1.950575877106301,0.005013361761685268,-5.538829229768473,0.0004978427055906611,-0.07701578241711837,-3.907428738185158e-07
6.577008008956909,-1.9758782625734774,0.004801051108534325,-5.429920651422209,0.0004763734955030955,-0.06210820579182741,-3.432372168422788e-07
6.578020095825195,-2.079505122685658,0.004300445638039571,-5.238859694844283,0.0004271644499213652,-0.023491754683336752,-1.7225911943167686e-07
6.579005002975464,-1.9780101640055516,0.004150713671303263,-5.017297158613833,0.0004123864353815805,-0.025348791143550264,-1.9067719911757253e-07
6.580045700073242,-1.9808832648828458,0.0037149591668881156,-4.746351587818792,0.00036948864452582096,-0.0009010839326091258,-8.247773991705916e-08
6.58101487159729,-2.0664026327701674,0.0031318249786107285,-4.475260835917166,0.0003107787161681867,0.04094817462207301,1.1443708824107742e-07
6.581994295120239,-1.990552124708179,0.002851091397218791,-4.202895011937031,0.0002826005410622303,0.04895741936226372,1.572995902558037e-07
6.5829918384552,-2.0933691689983682,0.0023629493913985334,-4.015778351664373,0.0002338110649858728,0.08705638841196517,3.393004059898719e-07
6.583978891372681,-2.157988274601709,0.0018497709372411035,-3.768424173487501,0.00018243181811324386,0.12241941284121882,5.092347242056332e-07
6.584978342056274,-2.0169699125341785,0.0016306211723334562,-3.457502365117321,0.0001605921371672875,0.12011026778029443,5.116212440754379e-07
6.586014747619629,-1.8633220111834774,0.0015089175897503998,-3.1940660653250386,0.00014866499775743043,0.11096514340634644,4.569106046470124e-07
6.587036848068237,-3.3344194802009817,-0.0020731406109510183,-2.6837206594521015,-0.00021293873247334587,0.4653944253763912,2.0750788025930673e-06
6.587970018386841,-3.1082776440296036,-0.0019286084522633481,-2.5007980817689104,-0.00019803133227828344,0.43391137066339625,1.9347502350598138e-06
6.588972568511963,-2.9619321449049356,-0.001836668093417427,-2.3821914937773268,-0.0001886070730540397,0.413557657992912,1.8411655430440323e-06
6.590057849884033,-2.891205358184253,-0.0017949154312404726,-2.3244609442176043,-0.00018444639021881416,0.4037570308676418,1.7962471513445943e-06
6.591020345687866,-2.79695582219541,-0.0017331432477540136,-2.2478427355808,-0.00017808798333800592,0.39066933107822077,1.7459372186677243e-06
6.592001914978027,-2.7215506358562647,-0.0016854702380253886,-2.186413038041097,-0.00017325894320025024,0.3802098935728051,1.704001145331426e-06
6.593003749847412,-2.716896596090505,-0.0016810133952912768,-2.181851510926009,-0.000172788364810533,0.379632097899523,1.6974963205625917e-06
6.593998193740845,-2.6864350974933298,-0.0016630245975274966,-2.156578313303414,-0.00017106274308725726,0.37544704020346253,1.6821688811209034e-06
6.594992160797119,-2.6073583715744757,-0.0016187832088059213,-2.0923109710341725,-0.00016675235462097787,0.36446482387714624,1.6332177424581786e-06
6.595968246459961,-2.600959735953908,-0.0016091349996537477,-2.0863867329184984,-0.0001656641007464858,0.36363988361199423,1.6329089496769297e-06
6.597003936767578,-2.5695935040259466,-0.0015944737147853716,-2.060448504781744,-0.00016441384272731434,0.3593229929936618,1.6133563013648375e-06
6.597992181777954,-2.5871060375741264,-0.0016017702004536062,-2.073700056848821,-0.000165154684919389,0.3618414931742851,1.633653581804529e-06
6.598997354507446,-2.567685045228248,-0.001579529401298672,-2.057339062647724,-0.000162575716309747,0.35919508328976774,1.6266001102488818e-06
6.60004997253418,-2.657616543985665,-0.0016397387989823687,-2.12857224341268,-0.0001690028674323875,0.3718481505799781,1.6818227883815032e-06
6.600985050201416,-2.735804922329654,-0.001681741789017565,-2.190352347539876,-0.00017316355672003454,0.38286233540646364,1.7322833665060274e-06
6.602034091949463,-2.7468526301565186,-0.0017016364177596264,-2.198361460217001,-0.00017577691452159302,0.38448197196454,1.748941617512773e-06
6.603024482727051,-2.754943329753161,-0.0017093369747861655,-2.204002733031281,-0.00017673610468779642,0.38568782330298584,1.7522407667431333e-06
6.604034662246704,-2.730899785178221,-0.0016910216685384956,-2.1839517921263574,-0.00017477599441927,0.3823935441573162,1.740802879405012e-06
6.605020046234131,-2.7215046874467905,-0.0016833929420839529,-2.175616129163599,-0.00017405513087854127,0.3811503539586974,1.7383540832466407e-06
6.606032133102417,-2.7194189226680474,-0.001689315173730266,-2.1731199547763285,-0.0001749893067366036,0.3809311728582882,1.737481580368277e-06
6.606964349746704,-2.751704165136345,-0.001698986030589335,-2.1980762527094257,-0.00017572618587775944,0.3855278329054061,1.7585053942708876e-06
6.607969760894775,-2.7704170765664617,-0.001722273316223795,-2.2121920368952477,-0.00017863733324121974,0.38822284114484445,1.7717312938783643e-06
6.60898232460022,-2.813083198473244,-0.0017418558924536761,-2.245430789167486,-0.0001805287151407968,0.39427478237581504,1.8049308571883042e-06
6.609967947006226,-2.8369925859050498,-0.001752139968053298,-2.2637138120087714,-0.00018154273272057058,0.3976964111740991,1.8192963319247247e-06
6.610969305038452,-2.790215304892694,-0.0017276166494294102,-2.225592576214674,-0.00017922786255953311,0.3912091404578719,1.7951337133771945e-06
6.6119701862335205,-2.769450935241573,-0.001713624906494053,-2.208253610383015,-0.00017778503225569016,0.3883661460594262,1.783146203750072e-06
6.613020181655884,-2.823257476271062,-0.0017372008443831111,-2.2503747945176777,-0.00017996011168148327,0.3959803771460965,1.8275023951321102e-06
6.614043474197388,-2.919447056212542,-0.0018005664424478607,-2.3262400080795738,-0.0001867599370899025,0.40954252577139694,1.8934570883589515e-06
6.615038633346558,-3.0317972357552874,-0.0018716857924508674,-2.414916029877629,-0.00019425937132894203,0.4253775131381538,1.9708282553834475e-06
6.616039752960205,-3.2803120427730232,-0.0020326606453984217,-2.6119690697649127,-0.00021137895540151517,0.4603243603725847,2.1404659832719823e-06
6.617035627365112,-3.5354536981798828,-0.0021925133684030764,-2.8141795191798256,-0.0002281710670305784,0.49621164405993895,2.311589375114259e-06
6.618034362792969,-3.7632830133341897,-0.0023282079818689916,-2.994522033067964,-0.00024223776015547038,0.5282767894205171,2.464176548162183e-06
6.6190361976623535,-3.97751349914896,-0.002460243119149562,-3.163931936766428,-0.00025605266915057365,0.558442811027191,2.6112722101375803e-06
6.619976282119751,-2.4443000677486184,0.0011628372414907058,-3.626627579177269,0.0001144734700257435,0.1951375105277411,8.773269002143709e-07
6.6210339069366455,-1.743975713595928,0.002928648399350271,-3.9087002046714683,0.00029520584667600393,0.022966886057534053,3.4491003900867316e-08
6.622035980224609,-1.4092390081646458,0.003934861048190571,-4.143855551611019,0.0003977598549402044,-0.06815538050324077,-4.0242486882702196e-07
6.623026132583618,-1.3334554995222976,0.004244351689618618,-4.248219267798394,0.0004294104449619777,-0.09328423564026567,-5.366640477124636e-07
6.623972177505493,-1.4018520080609158,0.004267748105762841,-4.344015970818223,0.000432321655744221,-0.08732372102638397,-5.112278535755606e-07
6.625036239624023,-1.4673350022673524,0.004322282683481278,-4.453379717552133,0.0004377498013368568,-0.08317010827934279,-4.851757490291892e-07
6.6260340213775635,-1.5341143640492914,0.004136440296000258,-4.410425010044228,0.0004185183057643996,-0.06533971675574402,-3.9548274319682255e-07
6.627001762390137,-1.7174739553480536,0.0036300619492573203,-4.305916214330013,0.0003665930425457524,-0.017564087436151343,-1.5990187129315435e-07
6.627970218658447,-1.6762979359320713,0.0035084449781078958,-4.184884318707769,0.0003552078855481838,-0.015576717412627006,-1.468382506335735e-07
6.629034757614136,-1.6029004423343496,0.003420624534487056,-4.041793293570794,0.00034649763773712713,-0.01842754028967597,-1.5730146959836344e-07
6.630033016204834,-1.6893473678744018,0.0029189236207506058,-3.827358918696551,0.000295299862819788,0.01863111501767123,1.716424395182788e-08
6.631032228469849,-1.8223777727580415,0.00227713116834318,-3.582985041613947,0.00022996166492460338,0.06812560922015409,2.513252388654139e-07
6.63204288482666,-1.8759768614661767,0.0018398677653916696,-3.3711869810991293,0.00018516428441153824,0.09804108448659637,4.151643396575756e-07
6.6330177783966064,-1.9057553931977271,0.0014300078387845727,-3.1431662363493005,0.00014292775938514208,0.12437231153651523,5.558202564012751e-07
6.634036302566528,-3.393353190357783,-0.0020942456812139834,-2.6864361953383207,-0.00021922766091133446,0.47755511002623036,2.2823364799288856e-06
6.6350367069244385,-3.098552267957381,-0.0019098122625831203,-2.4523013403042144,-0.00019994206840669905,0.4361328643964865,2.098182930321616e-06
6.635989189147949,-2.9537378165111576,-0.0018160273469169195,-2.3369821381162845,-0.00019005271877417239,0.41581199406919045,2.0004727224837703e-06
6.636974811553955,-2.724855577466238,-0.0016764466672152764,-2.1552440969731435,-0.0001755257356467489,0.38364811973195273,1.8482006777360491e-06
6.638046503067017,-2.5822272828563655,-0.0015908646262794226,-2.041819232114836,-0.00016666677343679719,0.36362051553162894,1.7409548325877483e-06
6.639116525650024,-2.3851722331887464,-0.001462142651523147,-1.8854255260404857,-0.00015303289895209733,0.33592277968857615,1.6223786599302267e-06
6.639994859695435,-2.2225321472478736,-0.0013646855138042598,-1.7563263460608767,-0.00014293446190815305,0.3130640344283868,1.5038318544913937e-06
6.641029596328735,-2.113032235152774,-0.001300196624697831,-1.6692896393617058,-0.00013634671343434074,0.2976844838232775,1.4360231583905724e-06
6.64203405380249,-1.999415374799801,-0.0012303377565491382,-1.579055315019777,-0.00012908234304389736,0.281720117525691,1.36032572554356e-06
6.642996549606323,-1.8786246043729373,-0.0011551360888473348,-1.4832032544817824,-0.00012120005519083169,0.2647407212986241,1.2764668360041926e-06
6.643970251083374,-1.7901577127459958,-0.0011027708991893212,-1.4129271319906356,-0.00011583214266616198,0.25231158664669123,1.2194098885448438e-06
6.645036458969116,-1.7487362928597354,-0.0010780633194287887,-1.3798178274866226,-0.00011334605828507723,0.2465101389590858,1.1999681561435474e-06
6.646035194396973,-1.6999556625221601,-0.001045351575733153,-1.3409196111611252,-0.00010982281308841687,0.23966973740428113,1.164660922688529e-06
6.647022247314453,-1.678343477754142,-0.0010282751825025746,-1.3234685323534308,-0.00010793818717274132,0.23665822852632937,1.152345795399726e-06
6.648014307022095,-1.6035005908677238,-0.00098617033741603,-1.264070159544849,-0.00010368023425704777,0.22613834258844462,1.0955632847542392e-06
6.649019241333008,-1.5073375206648936,-0.000924584000874452,-1.187903829270985,-9.714732027577524e-05,0.21260826998800794,1.0296871639741535e-06
6.649981498718262,-1.4620779965772965,-0.0008992446753419369,-1.1518849582396258,-9.463243776630003e-05,0.2062553271458797,1.0060341870013618e-06
6.6510186195373535,-1.4423508325558616,-0.0008895807767770512,-1.1359965588996324,-9.372586277279547e-05,0.20350291118890643,9.959007239995546e-07
6.651970863342285,-1.4663453039083945,-0.0009014833926256289,-1.1545389620792292,-9.492001522361305e-05,0.20691961618558097,1.0151934945344583e-06
6.652995586395264,-1.4812483823911426,-0.0009071185717865909,-1.1659138108191103,-9.54328506028385e-05,0.20905423692196845,1.0278042533737533e-06
6.6540350914001465,-1.4247889898590878,-0.0008766990018383196,-1.1211321436518242,-9.242845403684522e-05,0.20111596799258855,9.92812946477509e-07
6.655033588409424,-1.43562150940179,-0.0008837328542537237,-1.1293049485248567,-9.322187529670393e-05,0.20267592323980171,1.00343154564819e-06
6.65603494644165,-1.47488952985431,-0.0009064790364881303,-1.1598373974043388,-9.561253354135761e-05,0.20825105899059856,1.0305817127076751e-06
6.6570398807525635,-1.4975828389816181,-0.0009183618698640148,-1.17732025024983,-9.68259175717421e-05,0.21148723996834962,1.044090970611181e-06
6.657991647720337,-1.54291222812477,-0.0009424724844630271,-1.212578161270699,-9.927285928947635e-05,0.21792184683333993,1.0751312985811947e-06
6.659008741378784,-1.6355625828077032,-0.0010009188939689045,-1.2849960100837097,-0.00010555247319528617,0.23104271043333358,1.1431072776544227e-06
6.6600446701049805,-1.7159038714414794,-0.0010545631261545448,-1.3476951143302953,-0.00011141482226032821,0.24242899629198097,1.2001030794470481e-06
6.660971403121948,-1.7283241168613972,-0.0010601443236184333,-1.3570202560950289,-0.0001119558857141863,0.24422160320234002,1.213175943812803e-06
6.661966562271118,-1.7994847817651447,-0.0011030485617204103,-1.4124526994147721,-0.00011652537926242343,0.254315751713654,1.2669835339024941e-06
6.662965297698975,-1.905244023839061,-0.0011758381693218556,-1.4949903506718385,-0.0001244895815421373,0.26930418285361346,1.3395204373047184e-06
6.663970232009888,-2.0900587102614914,-0.0012885186724763424,-1.6394777876012694,-0.00013643365978247728,0.29547429746865805,1.474480528884516e-06
6.665009021759033,-2.3144969461375604,-0.001429600586191227,-1.8149476406065461,-0.00015151514637887822,0.32725475430390544,1.6376682926861394e-06
6.6660473346710205,-2.620603628233892,-0.001621435473867526,-2.054323721800087,-0.00017201007711231957,0.37059450383840875,1.8551734747881258e-06
6.667035341262817,-2.936837238815675,-0.0018087580538963725,-2.301479823168147,-0.00019171965958544353,0.41538031659149294,2.0951090533256657e-06
6.667994737625122,-3.356017095889573,-0.002071066024927056,-2.629103876695345,-0.00021982663389436295,0.4747448401880304,2.400367007600943e-06
6.669053554534912,-3.764892144228142,-0.0023227305067929915,-2.9484427353926845,-0.00024663625272860497,0.5326703288655703,2.699691612925955e-06
6.67003059387207,-4.101786287886313,-0.002528111554727522,-3.2112156837408055,-0.0002684866685095334,0.5804288355303148,2.9480363690816507e-06
6.6710405349731445,-4.433652918458801,-0.0027341718409472347,-3.4698683645786335,-0.0002905452075214091,0.6274921372181722,3.193549266179763e-06
6.671989440917969,-4.732041787321573,-0.00291365659219654,-3.702149149301529,-0.00030951615678903675,0.6698324444106508,3.407522240198325e-06
6.672970771789551,-5.01369187189921,-0.0030817600714006686,-3.9211619337493526,-0.0003274041208001457,0.709818495557568,3.6272246935070524e-06
6.67399787902832,-5.220039832053799,-0.003215598991105466,-4.08115032195426,-0.0003419977447083628,0.7391551276453354,3.7822539474847753e-06
6.675007104873657,-5.362963292412716,-0.003290799767332455,-4.191476799269825,-0.0003498062983856729,0.7595174922750854,3.910186189723041e-06
6.675978660583496,-5.438036799142022,-0.0033497757695810414,-4.2486908925009805,-0.00035674046955662674,0.7702781184717157,3.970868903842724e-06
6.676965236663818,-5.412111788234224,-0.0033296235116648636,-4.227022708174118,-0.00035456948284778823,0.7667302963076615,3.947617359004024e-06
6.67801833152771,-5.340804371215659,-0.0032870622243414004,-4.169920031427947,-0.0003503022217553676,0.7567522517551993,3.916938081760804e-06
6.67902946472168,-5.241558349190681,-0.003234763279297778,-4.091025659063511,-0.000345157260326618,0.7428135944821176,3.849692025163325e-06
6.679992437362671,-5.066456274297675,-0.0031174245370638983,-3.9530146185762964,-0.0003323406120268038,0.7181170895036152,3.7259565898854094e-06
6.680992126464844,-4.951375930800457,-0.0030568650959719537,-3.861906734342201,-0.0003263655211143943,0.7019216802414379,3.645314490132421e-06
6.682015895843506,-4.830181904441833,-0.0029867281778028264,-3.766096691572444,-0.00031927334108035484,0.6848537418578359,3.5687178504818063e-06
6.68301248550415,-4.741976464760345,-0.002906017313910051,-3.696061675902806,-0.000309929458035845,0.6724583975379362,3.5156027525932425e-06
6.683966159820557,-4.603136740556279,-0.0028240838900853125,-3.586643146130016,-0.0003014330121021125,0.6528753511862638,3.40668764408844e-06
6.684993028640747,-4.506154564397556,-0.002771414266759828,-3.5099123820820415,-0.0002961519936857507,0.639222609470816,3.3354231582235093e-06
6.686031341552734,-4.362990313966272,-0.0026875642276294677,-3.397263462762518,-0.0002873649047604676,0.6190139569549126,3.222965672243917e-06
6.687031507492065,-4.165779976762042,-0.002552091449041133,-3.2425961445102693,-0.0002725672158521711,0.5911316260323584,3.0976612454203498e-06
6.687995672225952,-4.0396430360075035,-0.002479629043038908,-3.143366445998198,-0.0002650855515375765,0.57332462795481,3.0197563798207115e-06
6.688977479934692,-3.980001201013739,-0.0024505239728013556,-3.0959128109003817,-0.00026238734535145565,0.5649519065622494,2.985657962141333e-06
6.6900105476379395,-3.9225505629500037,-0.0024210393693476977,-3.05021318784759,-0.00025951663333381183,0.5568858598346725,2.9373546772088976e-06
6.691023826599121,-3.8973317792801647,-0.0023983799091967335,-3.029600672323459,-0.00025692767943393826,0.5533937288497452,2.912281234425651e-06
6.691966772079468,-3.8210855671356496,-0.0023468810914745245,-2.9693760913008584,-0.00025133132662007293,0.5426512890320098,2.8539858140332042e-06
6.693007707595825,-3.8226679703220436,-0.0023466226013649063,-2.969663705032344,-0.0002514329644834492,0.5429589166387561,2.868327693864325e-06
6.693993806838989,-3.7597701675357533,-0.002307844405684686,-2.919868017768165,-0.0002472970044246927,0.5341072396138768,2.8201505023197362e-06
6.694999933242798,-3.7627926169101324,-0.0023103672895484146,-2.921269586750468,-0.0002476530488113959,0.5346198249264853,2.818810774740655e-06
6.696000099182129,-3.73686423480631,-0.002293874978776914,-2.9002049922885926,-0.00024596038480259434,0.5310181776524237,2.812693809895106e-06
6.6970133781433105,-3.7584231161591317,-0.0023047572866994478,-2.915992453342103,-0.0002471454136580261,0.5341648695063425,2.829537801650498e-06
6.69800329208374,-3.7106962672996064,-0.0022903417541922906,-2.8780252983562007,-0.0002461744338338708,0.5274642513008083,2.7915178864180605e-06
6.6990015506744385,-3.752437297659648,-0.002307917384987836,-2.9094556424522753,-0.00024793971627296984,0.5334806932085786,2.8287318499523504e-06
6.699995279312134,-3.714892141749441,-0.002286064650813104,-2.879438894973044,-0.0002456995270871638,0.52822266646996,2.7952098810224613e-06
6.700997829437256,-3.668773446076664,-0.0022633396294729886,-2.8427959510811966,-0.00024352889760959659,0.5217438725037175,2.765023288448167e-06
6.701998233795166,-3.649296590838091,-0.0022512992692582633,-2.8267990731370287,-0.0002423631059523458,0.5190536675791934,2.7550192739605004e-06
6.702998399734497,-3.6431266898291295,-0.0022419955568217147,-2.821114452194761,-0.00024127257857330182,0.5182557667187954,2.7578050169234646e-06
6.70403790473938,-3.6126901870217862,-0.0022223590121584103,-2.7966475650214964,-0.00023921149074034276,0.5140050126407011,2.742145371838123e-06
6.705037593841553,-3.564907749300216,-0.0021960253763763132,-2.758771010262839,-0.0002365285735266952,0.5072847249216307,2.7069875852172125e-06
6.70603609085083,-3.513704321369273,-0.0021683364348983403,-2.7182711477750767,-0.00023378933256170792,0.5000755120664402,2.6766854685950927e-06
6.706995964050293,-3.393511287272108,-0.0020899397657568523,-2.624450495116449,-0.00022524099259119563,0.48304311536209416,2.586966254639095e-06
6.708008527755737,-3.3733432327681365,-0.0020760262585521215,-2.6080317037501395,-0.00022384407870133997,0.4802446103852253,2.5851510356832796e-06
6.709012269973755,-3.3670709926718296,-0.002062562621320278,-2.602357753804569,-0.00022209426854421838,0.4794242380966484,2.572500858537903e-06
6.709968328475952,-3.3313715910616963,-0.00203867760769155,-2.5739530415760927,-0.000219603173059946,0.4744126987704566,2.5584328705586055e-06
6.710967540740967,-3.3172655272706075,-0.002028616878891556,-2.5622231193901954,-0.00021862851946021346,0.4724770161197551,2.5633166442401282e-06
6.711970329284668,-3.2828938640018333,-0.0020040293784847995,-2.53484635423951,-0.00021598469617993752,0.46765437347481054,2.547490541404092e-06
6.712970018386841,-3.2694314100834267,-0.001992858108567691,-2.5236204430561213,-0.00021471939163455529,0.4658097532096783,2.534701752237394e-06
6.713975191116333,-3.3338111031671,-0.0020362503133858866,-2.572463705909542,-0.00021959463131631223,0.4750570334552651,2.5802700985212936e-06
6.7149741649627686,-3.431970038109069,-0.0021078592792595527,-2.647336308603696,-0.00022779267410087074,0.4891208844670322,2.668732944927763e-06
6.715985059738159,-3.614420872430157,-0.0022092577701297417,-2.787163663365237,-0.00023853593683509928,0.5152037313434987,2.8174825932538634e-06
6.7170045375823975,-3.807976496038338,-0.0023274404637130997,-2.9354767779396154,-0.00025144068175962897,0.54287627960539,2.973240046411856e-06
6.717994928359985,-3.9397815120608364,-0.002410952900949333,-3.0361186770325888,-0.0002607236683033385,0.5617515674167058,3.091476603109276e-06
6.719011068344116,-4.108178995214963,-0.0025079464938502923,-3.164880776518823,-0.0002711140857353027,0.5858513319205355,3.230155546087462e-06
6.720003366470337,-4.258503418456557,-0.0026134297291958556,-3.279636042785472,-0.00028307447820341596,0.6073811272058505,3.35371207841213e-06
6.721007823944092,-4.405037550834828,-0.0026895462707403695,-3.391392113639959,-0.000291010187293481,0.6283773728211169,3.490629341390644e-06
6.721991777420044,-4.513401722779264,-0.002749367572657149,-3.4737093931232934,-0.00029732257513316715,0.6439332729535743,3.5830927266395566e-06
6.72299337387085,-4.6027110578634085,-0.0028138704331085165,-3.5413201849842126,-0.0003047745672651003,0.6567742075666521,3.6602800311568853e-06
6.723968505859375,-4.682420611113857,-0.002857332245089205,-3.601538667092908,-0.00030953270446132337,0.6682458704966222,3.7467106625405442e-06
6.724992036819458,-4.762383455919082,-0.0029122167466701073,-3.661923970769478,-0.00031577652102838047,0.6797561463149154,3.8091414661113056e-06
6.725999593734741,-4.806184012204754,-0.0029385329655077946,-3.6944836757371435,-0.0003187719050702041,0.6861065291956729,3.845864000662588e-06
6.727010488510132,-3.108971312712786,0.0007286482795836554,-4.0028761524036955,7.113895488568435e-05,0.3018744620363481,1.5903733960380882e-06
6.7279980182647705,-2.243467419309487,0.002500331242856869,-4.10406834033339,0.00025968284757652796,0.11086754157969025,4.528938996724992e-07
6.729042053222656,-1.7849669032456963,0.0034018711485758846,-4.1330596783469185,0.00035590806655859874,0.011847800525286778,-1.1604642432879287e-07
6.729965925216675,-1.471345820242011,0.003837984384177171,-4.042655096270164,0.0004029051196499523,-0.046182469752743094,-4.536037522274667e-07
6.731025695800781,-1.2835952531531962,0.0040759228843258305,-3.9718140287101504,0.00042816191923938934,-0.07945117283361902,-6.497071466436419e-07
6.732030630111694,-1.14810462397184,0.004146992334866795,-3.8580460147671767,0.0004356717734168334,-0.09794681470957867,-7.489925421579858e-07
6.733015775680542,-1.0180798389229695,0.004213436628297647,-3.7515323532734772,0.000443289445646739,-0.11593082719761738,-8.478870440216328e-07
6.734032392501831,-0.9912577762397601,0.004023098567391727,-3.604764201710079,0.0004234593951562319,-0.1086585930371462,-8.059254650143031e-07
6.735042572021484,-0.9155433751388955,0.003963590555355122,-3.4817673793758246,0.0004175822722883716,-0.11376518322164042,-8.275935573540443e-07
6.736037015914917,-0.8240576645522837,0.0039043662557080873,-3.339150259151569,0.00041109000242011985,-0.1204634693498543,-8.60438674898708e-07
6.737032175064087,-0.7298357971926066,0.003839473574999262,-3.1907064902775284,0.0004044976750235329,-0.12722469870514985,-9.0228624259543e-07
6.737990140914917,-0.691316308407516,0.003735135041470523,-3.0831231672031763,0.00039408717044316555,-0.12586186803304028,-8.99769332414922e-07
6.739030599594116,-0.5938383707442889,0.0036561123119540203,-2.9230845732767645,0.00038630492637652575,-0.13228783078238288,-9.243658243438777e-07
6.739967584609985,-0.48783087514623835,0.0036517543858027753,-2.7974717183911206,0.0003866754793833237,-0.14353787754086073,-9.839429902762182e-07
6.741027593612671,-0.41223495224280304,0.003600541057754486,-2.6775103446949946,0.0003806936642709393,-0.14888665749805968,-1.0055839016676111e-06
6.74203085899353,-0.39695664123020835,0.003432372358068556,-2.5567102432741953,0.0003628182425558084,-0.1414708057196778,-9.61177327379202e-07
6.743009090423584,-0.2956429678843695,0.003403953040024222,-2.4229168934147247,0.0003601919287952929,-0.15101338805265868,-1.0076868164279928e-06
6.744031667709351,-0.3364428511792301,0.0031950358009931006,-2.34158653248668,0.0003378947023374467,-0.13527202168602936,-9.17029561350555e-07
6.744966745376587,-0.23189473357842472,0.0031662869325602486,-2.203661561849575,0.00033487825469430275,-0.14513154775554393,-9.668566290410118e-07
6.746026039123535,-0.18461860010698494,0.0031440667107038695,-2.1368698074897914,0.00033260574988733233,-0.14920077164031031,-1.0000950077417888e-06
6.747032165527344,-0.07600245577438436,0.0031187966790119444,-1.9986910247780498,0.00033057168770600525,-0.15989387615257716,-1.0648743932239243e-06
6.747965335845947,-0.0856409143007193,0.003128522038657709,-2.0149592512626358,0.0003320012085312692,-0.1592975490268918,-1.062809189821537e-06
6.7490317821502686,-0.06424119265473971,0.003147428334350005,-2.0014190636532767,0.0003337261914373008,-0.16260851310947533,-1.07533881694228e-06
6.7500319480896,0.027876514522616525,0.0033373559174872582,-2.0134843166154908,0.000354090174960864,-0.1830518195693716,-1.2121777977696148e-06
6.751009702682495,0.10873336366118469,0.0035131083424106823,-2.02946187947118,0.000372773395716433,-0.20147012465073633,-1.3255613771723609e-06
6.751965284347534,0.18404911195636675,0.003683589162562514,-2.047382418103626,0.00039120554012189593,-0.21889356462391374,-1.4320994765596322e-06
6.753008842468262,0.17675816539840294,0.0036797806793243465,-2.0509097311112305,0.000391557221839305,-0.21766995430956698,-1.4303341801031256e-06
6.7540318965911865,0.30674256181685644,0.003819564422169919,-1.987222188335295,0.00040713835741462137,-0.23941416732554194,-1.5596518052546878e-06
6.755038022994995,0.40653312815111486,0.003967532546328785,-1.9653976464314646,0.0004225121493044543,-0.258489540564133,-1.6785463124583085e-06
6.755965232849121,0.48259977211164395,0.004058022763869108,-1.932978362075227,0.0004328733113651529,-0.2716410656915018,-1.7661760894469085e-06
6.757043123245239,0.5121047606556843,0.004031168501520927,-1.8835943077515456,0.0004304939787723349,-0.27350311925338877,-1.7723648500393387e-06
6.7580320835113525,0.6083165887730488,0.00419976014567866,-1.8778518262841872,0.00044870454893771805,-0.29324074840217124,-1.8966629679132165e-06
6.759035587310791,0.6673147440222313,0.00421680022984514,-1.8206648451016565,0.000450621768886533,-0.30062150547166777,-1.9446518952548526e-06
6.760031461715698,0.6918462987436755,0.00421585785174545,-1.7943111645949357,0.00044981765478412496,-0.30346381897274266,-1.9683954166450977e-06
6.760988712310791,0.7144866484577757,0.004293072917703517,-1.81613306699308,0.0004581139530721245,-0.3101476753426738,-2.0146685657246568e-06
6.762033700942993,0.7957397499530645,0.00424045259827735,-1.6896580478740655,0.0004535713838994047,-0.316113527814628,-2.055690977449919e-06
6.763005018234253,0.8314523834488914,0.0042082301824188035,-1.6286339968313952,0.00045015298150929837,-0.3182573491905496,-2.070179736728636e-06
6.7640299797058105,0.7854256661779397,0.0042167154788174096,-1.6833227362915466,0.0004514042221645891,-0.31338593760349176,-2.0446136704797426e-06
6.765031814575195,0.6464714499708426,0.004020998273789693,-1.721129755429274,0.0004303389555248506,-0.28747698942424105,-1.8866233380273001e-06
6.765988111495972,0.4696798791783321,0.003791596816116082,-1.7819780596815091,0.0004051221100934852,-0.25563469425451746,-1.6931835142988972e-06
6.767021656036377,0.29333400232117546,0.003546962915564042,-1.8332382874623412,0.0003787516662771672,-0.22304242341048025,-1.4898206555460078e-06
6.768033266067505,0.16891374688401983,0.0033987836286157166,-1.8847874724381293,0.000362802624865876,-0.20140073101758482,-1.3552709746482118e-06
6.769032001495361,0.03919190904843761,0.003280971554754137,-1.9602486509398789,0.0003498609558460919,-0.18074784053929477,-1.2288166315522971e-06
6.769965648651123,-0.03936220207519803,0.0031493922446618203,-1.9686618541424763,0.00033590485293123013,-0.16496041859539706,-1.1320486896055102e-06
6.770996809005737,-0.11154129003377466,0.0031230051548957766,-2.0343119082508823,0.00033360527858587014,-0.15555114458995445,-1.0830624761572069e-06
6.7719762325286865,-0.2637358166039472,0.002911771981407542,-2.0775738089689813,0.000310846247227648,-0.1273364649486179,-9.040877722087204e-07
6.77298641204834,-0.5774709307777162,0.0025967678474889686,-2.2400068434499376,0.00027623914533918086,-0.07562070540037114,-5.875720713220145e-07
6.773975849151611,-0.7545882671841595,0.0023517667253136936,-2.2904584568617254,0.00024972379931086184,-0.04279496137764144,-3.7810370306951495e-07
6.7749669551849365,-0.8793455418515257,0.0022042986883931367,-2.3414783444414877,0.00023390185899608838,-0.02103578213348739,-2.4661950282540196e-07
6.775975227355957,-0.8688237315415903,0.0022456452517434135,-2.3543505178187787,0.00023842011973461156,-0.02438232210545027,-2.678943455745426e-07
6.776972532272339,-0.8524331477942737,0.002200156589516482,-2.306264756007886,0.0002332519640856074,-0.02359935330608348,-2.654165950394262e-07
6.778024435043335,-0.8490827014848543,0.002171296129556368,-2.284236106264543,0.00023019657046724333,-0.022365766126425324,-2.578242685963665e-07
6.779000282287598,-0.7691930767097328,0.002274551403026034,-2.2566291342081035,0.00024151830630495108,-0.03674512907783534,-3.490388031507564e-07
6.779972553253174,-0.6714894582540385,0.002358105476418874,-2.1974050451089893,0.00025089892966988637,-0.0520902502759944,-4.5030023913861935e-07
6.781014442443848,-0.5436106381776025,0.0023733398822943287,-2.0618679722542907,0.000252795405542914,-0.06706869118971004,-5.438694814997623e-07
6.7820353507995605,-0.4065587896542846,0.0024957576216308804,-1.9814598322624875,0.0002660953196123778,-0.08882848263130677,-6.822134950028494e-07
6.783005952835083,-2.0723152813299115,-0.001254231989830233,-1.5708359640549268,-0.00013818540605701178,0.29778155948722207,1.8338145024965165e-06
6.783991575241089,-1.9680444293240065,-0.001195382401632346,-1.4914771454809026,-0.00013189407192657298,0.2828265490583552,1.747691299657451e-06
6.785046100616455,-1.887671285819234,-0.0011473343242166094,-1.4302637786531978,-0.00012663978473200546,0.2713028164205685,1.6739651604021348e-06
6.785997629165649,-1.7827128462444308,-0.0010796917215385136,-1.3504617257728673,-0.00011906708215284384,0.2562421416087572,1.589799498512031e-06
6.7870032787323,-1.7019123795823976,-0.0010309349056078418,-1.288990923015117,-0.00011374952494005669,0.24465115449880045,1.5252231336301256e-06
6.787979602813721,-1.5654592807550156,-0.0009497512678078912,-1.1854058879277898,-0.00010486067000328774,0.22505690639233986,1.4039119008549743e-06
6.789038896560669,-1.5003315580573522,-0.0009121757162252942,-1.1358598844564831,-0.00010079415894291246,0.21571408228940422,1.3464506299863283e-06
6.790017127990723,-1.5073062837366311,-0.0009153027804218576,-1.1409070610421452,-0.00010113122221091566,0.21673741296216745,1.3512998768964493e-06
6.790973663330078,-1.4772963376074977,-0.0008934370392267757,-1.1179694366838564,-9.860520952584915e-05,0.21244183115377838,1.3253567015423253e-06
6.792042255401611,-1.56452783129919,-0.0009474919362893427,-1.1837455792284983,-0.0001046572747217472,0.22500703650076628,1.4085739675153658e-06
6.793009996414185,-1.5799221598894253,-0.0009603414620720811,-1.1951558420908845,-0.00010625476399450793,0.2272419002610897,1.4288771751721204e-06
6.794029951095581,-1.689876731107208,-0.001029713482752523,-1.278076198800045,-0.00011404012233477268,0.2430793502492095,1.529279813821749e-06
6.7950310707092285,-1.747978298200306,-0.0010642886010241933,-1.3217480309996452,-0.00011785954494419018,0.251460798372021,1.583140476603537e-06
6.79597806930542,-1.811581497345326,-0.0011016563238934718,-1.3695641593350267,-0.00012195076175689305,0.2606350917367032,1.6398694560880316e-06
6.797078847885132,-1.909193526259151,-0.0011655153186964464,-1.4430623055831475,-0.00012918558489541973,0.2747048255120422,1.7280355679188846e-06
6.7980170249938965,-1.9298501033990914,-0.0011794589176141416,-1.4583704053689863,-0.0001308368732492212,0.2777038565200275,1.757118687666193e-06
6.798994779586792,-2.0738144981183124,-0.0012634445316426926,-1.566832845728156,-0.00014007770057179378,0.298449269492788,1.8912620734438528e-06
6.799996852874756,-2.248097330831323,-0.0013661020801319815,-1.6981424064264443,-0.00015134646910353302,0.32356313511091395,2.038960787889887e-06
6.80099630355835,-2.3384812830293296,-0.0014264793731560723,-1.7660318752274122,-0.00015832741887401733,0.33660564529597503,2.1352237860972203e-06
6.801992416381836,-2.386873332642012,-0.0014486898710907169,-1.8021893992463416,-0.00016058240531905318,0.34360546972315237,2.181139752539517e-06
6.802993059158325,-2.414308604725136,-0.0014618215372301938,-1.8225031015711162,-0.00016197171979880155,0.3475902448343919,2.207714942353046e-06
6.803972005844116,-2.394731097048831,-0.0014515399548893845,-1.8073239877139835,-0.000160932911156749,0.3448068993978993,2.1978815176763744e-06
6.804997682571411,-2.5552981801238417,-0.0015474000404067274,-1.9280665020499692,-0.00017151021649147838,0.36796487150614066,2.335373981281143e-06
6.806007146835327,-2.508277474501285,-0.0015301776931520798,-1.8921555409400292,-0.00016998116791989084,0.3612318805269567,2.288847063285561e-06
6.80701756477356,-2.5820216740317488,-0.0015718374550700565,-1.947327993589626,-0.0001745102979180099,0.37189248372277894,2.3488411473681473e-06
6.808005332946777,-2.6221042035852897,-0.0015881750657186756,-1.977084685468789,-0.00017615044061399443,0.3777072582956456,2.40538228145211e-06
6.8090033531188965,-2.582627780594796,-0.0015653790152622834,-1.9468544918173576,-0.0001737651857229137,0.37206167623585074,2.382131772408353e-06
6.809989929199219,-2.566076854593627,-0.001564635791990253,-1.9339073061685408,-0.00017396301508149984,0.3697187143288373,2.359896263130547e-06
6.8110034465789795,-2.4931198547656166,-0.0015140808405985347,-1.8784463005017205,-0.00016827405536009308,0.359249130097666,2.309716356056954e-06
6.8119752407073975,-2.428449099624108,-0.0014737738144610648,-1.8292492643024623,-0.00016379394344692884,0.3499717427456677,2.241069440546685e-06
6.813002347946167,-2.4672286427750394,-0.0014959566350094722,-1.8579759721908045,-0.00016628541875429918,0.3556030080460269,2.284364918116874e-06
6.813993453979492,-2.55251189154041,-0.001547969237136557,-1.9216973174401044,-0.0001721773453039966,0.36793912474914586,2.3800675954111127e-06
6.814995050430298,-2.5984291798222583,-0.0015786430662508718,-1.9557506693823423,-0.00017570864883437436,0.3746034271880459,2.417158983851359e-06
6.816091537475586,-2.9174636088011114,-0.0017639622770296627,-2.1952829558924956,-0.00019618908343389883,0.4206494277072132,2.7302836396758264e-06
6.8170154094696045,-3.148315282259879,-0.0019199067181466807,-2.3683370407547155,-0.00021408724401253954,0.4539918600363959,2.9450490627745384e-06
6.817996978759766,-3.2985261132366706,-0.002013920621497626,-2.480645812400804,-0.0002247185636626297,0.4757130462450325,3.1021475779098066e-06
6.818990230560303,-3.5078890505392186,-0.0021372616041068736,-2.637377199939978,-0.0002383436003576459,0.5059706448370157,3.2882923215984355e-06
6.819979190826416,-3.746885372389289,-0.002289172941650318,-2.8162834268756156,-0.00025562960657973534,0.5405117221914076,3.5247641099335915e-06
6.8210039138793945,-3.969379413643446,-0.002418139230588934,-2.9826778860865395,-0.00026984207619817663,0.5726817545463206,3.727023666250078e-06
6.822037935256958,-4.246318161400387,-0.0025734842991175025,-3.189877716526459,-0.0002868372288389125,0.612716079934857,3.9766403908485e-06
6.823017120361328,-4.4878175053055,-0.002722657839273664,-3.370346456531992,-0.00030371873859919366,0.6476462916109852,4.2300155548089e-06
6.82403302192688,-4.706360421141533,-0.0028596201623951184,-3.53347923666723,-0.00031936814946443014,0.6792720356392418,4.4618801028242304e-06
6.824991703033447,-4.9185430974675235,-0.0029857677626220704,-3.6917496062540844,-0.0003335155619889111,0.709987476937489,4.680720935562882e-06
6.826089859008789,-5.059546547397662,-0.003078230025447567,-3.7965325312495435,-0.0003442627609242517,0.7304337050864039,4.839573750206169e-06
6.827049016952515,-5.102254851992192,-0.0031035471867961345,-3.827505921994111,-0.0003470110958366302,0.7366938737476908,4.846896836978727e-06
6.827971696853638,-5.095822874603029,-0.003094153887711594,-3.821614255892308,-0.0003459124641818845,0.7358590519687831,4.857658614883677e-06
6.829028367996216,-5.127644143725871,-0.0031155786670260628,-3.844410168398885,-0.0003484986253176387,0.7405482066303176,4.89921445899585e-06
6.829995155334473,-5.115698466382613,-0.0031065954337415776,-3.834407695307379,-0.00034748204791063675,0.7389150536569479,4.885528836615826e-06
6.831019639968872,-5.0451138996053695,-0.0030704947974740087,-3.780463882155104,-0.0003437124516071969,0.7288111172572915,4.797168548065757e-06
6.83203387260437,-4.981901151444369,-0.003033274405423086,-3.7320621008401917,-0.0003396878047695637,0.7197705122427025,4.736270262896414e-06
6.833016872406006,-4.922311710503694,-0.0029925186923047942,-3.6864093006166705,-0.0003351559964827271,0.7112503403974593,4.692646090853237e-06
6.8339667320251465,-4.827795036182687,-0.002928513298328779,-3.614652240535789,-0.0003279116653059991,0.6976786534042644,4.626498727077511e-06
6.8349690437316895,-4.783919325574338,-0.0028946857091582366,-3.5808451618151143,-0.0003239094335023251,0.6914222265683576,4.578241569448436e-06
6.8360443115234375,-4.70252656855118,-0.002856239568113752,-3.5189894512864592,-0.00032005276305343666,0.679740494107274,4.503170219569261e-06
6.8369762897491455,-4.602290400655107,-0.0028040595718958057,-3.443072227212808,-0.0003145876102948865,0.6653315210524896,4.422922872527755e-06
6.8379669189453125,-4.5188498211892085,-0.002736046982959886,-3.379767368624411,-0.0003063932653938196,0.6533464501835085,4.314942700543428e-06
6.838971376419067,-4.4490376915689005,-0.0026891408506462995,-3.3266810336828194,-0.0003011557512711047,0.6433295757100489,4.266262535287138e-06
6.839975595474243,-4.417530690718856,-0.0026845927194261905,-3.30226257185016,-0.00030121749212997913,0.6388493283512284,4.248930887094483e-06
6.840968608856201,-4.405077126259632,-0.002667910124562557,-3.292110357719446,-0.0002990758172852406,0.6371224926647375,4.23832652744679e-06
6.841965675354004,-4.402165322365783,-0.002661890290780439,-3.289103499156749,-0.000298401983685771,0.6367744524822163,4.247390254566112e-06
6.842992067337036,-4.404035398689271,-0.0026636147670898807,-3.289667266140245,-0.000298735555919382,0.6371183051186939,4.256265976669721e-06
6.843968629837036,-4.308649863641269,-0.002602872251671018,-3.2175945420088854,-0.00029196195682908626,0.6233915887022882,4.168033614100191e-06
6.845001459121704,-4.133225800909292,-0.0024965187870911515,-3.0857946010367527,-0.00028015230398675887,0.5980807616943684,4.005357018528926e-06
6.846038579940796,-4.017330047489028,-0.0024272109119995093,-2.9985218715755897,-0.00027248461636830137,0.5813762960145086,3.9005763787020955e-06
6.847041368484497,-3.994127654671383,-0.002421345359627593,-2.980464717090157,-0.00027220941084895255,0.5780835428330786,3.884064434142116e-06
6.8479697704315186,-3.9542994635531445,-0.0023980976273907605,-2.95002503205944,-0.00026966951480034064,0.5723823838790384,3.852509533059955e-06
6.849034786224365,-3.8380339422029666,-0.002328707799706041,-2.8625852090954553,-0.0002620523801481795,0.5556148232529301,3.7626135923465135e-06
6.850013732910156,-3.7831146129452002,-0.002302627521993479,-2.820931767696385,-0.00025939354670392347,0.5477252999230029,3.707598735980881e-06
6.851029872894287,-3.664482318554947,-0.002226981169398837,-2.7317983777692287,-0.00025076493577854363,0.5306088037288322,3.599090439994588e-06
6.851968765258789,-3.540119155857133,-0.002151625934341834,-2.6384411464194217,-0.00024226176236514464,0.5126582312236269,3.4701968559017953e-06
6.852996826171875,-3.481160414619231,-0.0021224137165582234,-2.5938553628926133,-0.00023926359552428587,0.5041768617143162,3.418651622949104e-06
6.8540380001068115,-3.3236957644902776,-0.0020223295278904083,-2.475919079579754,-0.00022798506576161376,0.48142469273321564,3.2921328838572526e-06
6.85503077507019,-3.148524052761385,-0.001911415125168571,-2.344836215741631,-0.00021537630470082973,0.4561038573488202,3.1046653246956e-06
6.856001615524292,-3.001178826437202,-0.0018135875262495678,-2.2345345780102686,-0.00020417021910889058,0.43480896626334115,2.9525836776935958e-06
6.857042074203491,-2.830905536924478,-0.0017058478536077055,-2.107217890678973,-0.00019200978920244662,0.4101873353084867,2.7972759503189e-06
6.8579699993133545,-2.7174445237262908,-0.0016362644077317359,-2.022254373602039,-0.00018422445920270904,0.3937919281288572,2.700816337147204e-06
6.8590216636657715,-2.6323451955069506,-0.001585234574120584,-1.9584311918458488,-0.00017842817112533513,0.3815034699302317,2.5965681644656182e-06
6.859971046447754,-2.5929251637534994,-0.0015711998402364196,-1.9286163078185123,-0.00017721977310126562,0.37583320586683333,2.5579395185931743e-06
6.860995531082153,-2.539605874483303,-0.0015434184416988574,-1.8884750293613095,-0.0001743083960212669,0.36814726041189116,2.5187481110080187e-06
6.862004280090332,-2.4845476093904395,-0.0015126806808402643,-1.8470599299767307,-0.0001709778949392774,0.3602075305651855,2.4747057873129818e-06
6.8629913330078125,-2.3971641098502103,-0.0014575976430069833,-1.7816494998098928,-0.00016471813557282023,0.34757816045864487,2.3847455659758783e-06
6.863992929458618,-2.3881819237045505,-0.0014455952330050489,-1.7745230025147094,-0.00016323887357055724,0.3463154398669409,2.3925576205290726e-06
6.865043878555298,-2.4184299851373225,-0.0014657588644445584,-1.7965333525470004,-0.00016565841357774576,0.35074272114128324,2.4329248625743034e-06
6.8660290241241455,-2.5681874287293045,-0.001560551268100555,-1.907288707347941,-0.00017657002563293314,0.3725052155583029,2.5840082797100713e-06
6.867044687271118,-2.746193989638988,-0.0016606484737133258,-2.0389465864469196,-0.00018770838935818605,0.3983719012582063,2.7652872374599607e-06
6.867966651916504,-2.9383878040418754,-0.0017742237563458105,-2.181070119907561,-0.0002004887849124327,0.42630260775118367,2.948207318510854e-06
6.868997812271118,-3.0694937665595052,-0.0018570892128346081,-2.2777868747775285,-0.00021010385068569393,0.44537622739348487,3.0943275272991405e-06
6.869961261749268,-3.3014085455009963,-0.0019945368033979023,-2.4492377694710936,-0.0002256226721627299,0.4790834167611921,3.3307504535035925e-06
6.870965480804443,-3.5207585395951413,-0.0021279831192889155,-2.611278796859444,-0.00024082734749152749,0.5109750440184714,3.55582094574775e-06
6.8719940185546875,-3.6970516141268033,-0.00222741805585093,-2.741305882539359,-0.00025200180002031363,0.5366247219690611,3.7591437761939093e-06
6.8730247020721436,-3.9201209250881703,-0.0023583182033924204,-2.9059381454457354,-0.0002667250259136101,0.5690708644672823,3.97663954999083e-06
6.873999357223511,-4.103443150173653,-0.0024804988691663125,-3.04102118518719,-0.00028102921041165514,0.5957545528438302,4.1697649681804784e-06
6.875086307525635,-4.2984289753714044,-0.002602282601819268,-3.1846609522662046,-0.00029493744134335563,0.6241392700128976,4.367422009848348e-06
6.875989675521851,-4.399401231668685,-0.0026684841517841695,-3.2585887992317826,-0.0003027115773107365,0.6388781819487352,4.481778892287145e-06
6.876999855041504,-4.353414181864676,-0.0026477440332845167,-3.223659925115045,-0.00030074462244430517,0.632276248272672,4.452663697648572e-06
6.878007650375366,-4.265442471793193,-0.0025918418997999747,-3.1576578748019535,-0.0002944478384327882,0.619575181137255,4.384454098236227e-06
6.878993034362793,-4.130189645931991,-0.0024987702303605345,-3.0566887650722743,-0.000283588214161637,0.6000032681911974,4.25516175748996e-06
6.879998445510864,-4.065867197852781,-0.002447691924552474,-3.008241563263001,-0.0002774648162160534,0.5907331785413,4.1838453522835695e-06
6.881002426147461,-4.000212482792056,-0.002411345345438002,-2.958833590754483,-0.0002734961227174381,0.5812673285922644,4.116412614845104e-06
6.8820366859436035,-3.9391447641111923,-0.0023790701204752344,-2.9128460750884297,-0.00027013836201212574,0.5724655826718954,4.06167230072667e-06
6.88296914100647,-3.9119244676110445,-0.002354037368655828,-2.891915111283927,-0.0002671632395666273,0.5685803568229686,4.042320167022267e-06
6.8839945793151855,-3.8700522280685696,-0.0023300906263034335,-2.8601736365062638,-0.0002646138670845981,0.562563687690528,4.015783950661501e-06
6.885068893432617,-3.784027473684493,-0.0022803645931865862,-2.7958152062087818,-0.0002591151446837932,0.5501276218583893,3.927590733340118e-06
6.886035203933716,-3.7811818272247932,-0.0022748595772461235,-2.792932115861248,-0.0002583900374876734,0.5497826095805768,3.917030999211353e-06
6.887038946151733,-3.783119064684246,-0.002292808718235748,-2.7935886007019293,-0.00026104978510885744,0.5501324345218498,3.9391745570096564e-06
6.888035774230957,-3.7874296111071604,-0.0022852701327892547,-2.796005259047264,-0.00025986742366506635,0.5508267069325894,3.93077111570935e-06
6.8889665603637695,-3.7929621447478157,-0.0022807774908951348,-2.7993119085798868,-0.000259200086510398,0.5516997663899589,3.940933476865249e-06
6.889971971511841,-3.730669712365051,-0.002250552175184983,-2.7525582780272533,-0.0002561649613926959,0.5427077588835428,3.898856914422135e-06
6.890970230102539,-3.7029930614549005,-0.002229233911059929,-2.7313807086345694,-0.00025358554354295117,0.5387482175847488,3.848309479277968e-06
6.891968250274658,-3.6926242996462175,-0.002227179242479897,-2.7229758534008033,-0.0002536043230319367,0.5373062577126221,3.845244368236091e-06
6.892964839935303,-3.6908025003751557,-0.002224855099789924,-2.7208801350590264,-0.0002533759496018662,0.5371073742330587,3.8546970836556164e-06
6.893968820571899,-3.7248562644510583,-0.0022400147623288266,-2.745228977123644,-0.00025498121474231864,0.5421295876711597,3.87984164973797e-06
6.8950183391571045,-3.7821469896143793,-0.0022809220487312112,-2.7866972596608046,-0.0002600238735462794,0.5505343474804711,3.9625500876985e-06
6.895980596542358,-3.814191215052878,-0.0022953829742231404,-2.8095669933901366,-0.00026161641440495257,0.5552639155309359,4.000513674239796e-06
6.896994352340698,-3.73350178264125,-0.0022479205577183347,-2.749413159523946,-0.00025625904510998405,0.5435803967815843,3.913642747343162e-06
6.897998332977295,-3.696580491303711,-0.002227454167872258,-2.721513930872651,-0.00025411393143136724,0.5382672894144819,3.902812328822465e-06
6.8990068435668945,-3.613043609445381,-0.0021818579702983826,-2.659327185062842,-0.00024909828654910487,0.5261635638086518,3.8137331258657958e-06
6.899975061416626,-3.511559860718306,-0.0021273785734116065,-2.5839645661704544,-0.00024304909405829296,0.5114432944191459,3.6925915464154443e-06
6.900998592376709,-3.464174662022068,-0.002099558960368667,-2.548450459272551,-0.000239996119110484,0.504598690322308,3.653175083400162e-06
6.901996374130249,-3.3438093256860677,-0.0020196617649542578,-2.459286877369652,-0.0002307488013934036,0.4871202190031816,3.537267119502919e-06
6.9029929637908936,-3.2870332157241267,-0.0019939838459823397,-2.416912947787147,-0.0002281162126111388,0.478903432045698,3.4769349751762697e-06
6.904002904891968,-3.13017966047141,-0.0018972251848274578,-2.3010030776829917,-0.00021700817306770137,0.4561015133747799,3.2969394785789428e-06
6.9049973487854,-2.9918831341926326,-0.0018094404926009863,-2.1987941854731656,-0.00020690669117994734,0.4359983072244652,3.1592508060788842e-06
6.90601658821106,-2.8575307170372137,-0.0017271943497174271,-2.099537296679838,-0.00019759911705613162,0.4164651655804447,3.0304860333180754e-06
6.9069983959198,-2.7620668806968105,-0.0016667870800174207,-2.02891000381888,-0.00019069499027588586,0.4025947765623043,2.938245215860344e-06
6.907969236373901,-2.6860038201393803,-0.0016213583633225986,-1.9725570118406295,-0.00018555519477328038,0.39155017228611033,2.866016251443634e-06
6.909003019332886,-2.651283850490772,-0.0015948506686743096,-1.946580627179106,-0.00018242504694013258,0.38653101239441895,2.837231169302131e-06
6.910009384155273,-2.605575317843253,-0.0015699526577097416,-1.912545233712789,-0.000179729064975523,0.3799090521688884,2.793844023029238e-06
6.911028623580933,-2.517422149245914,-0.0015178263505972486,-1.8473819044403528,-0.00017381946318113204,0.3670959990186529,2.6963142603315693e-06
6.911994218826294,-2.413242355273542,-0.0014514815048049844,-1.7705045537566375,-0.00016617756539064377,0.35194177754482775,2.596871872516438e-06
6.9130165576934814,-2.2958322344442523,-0.0013794125926561687,-1.6839579150291373,-0.00015791333279701394,0.3348547929155927,2.4682097716226013e-06
6.914039850234985,-2.2404359189733114,-0.001346424486112728,-1.6429202736965962,-0.0001541866052841232,0.32681072087982,2.4132143337955264e-06
6.9150307178497314,-2.21598013302783,-0.0013326323411941396,-1.6245885417556905,-0.00015268845389456034,0.32327841613095837,2.39005011029714e-06
6.9160380363464355,-2.4392287781226303,-0.0014761464313651851,-1.7878202453878778,-0.0001694786742015516,0.35588554040154435,2.641165605339459e-06
6.9170355796813965,-2.617485231509416,-0.0015769039028458256,-1.9180171987248444,-0.00018085235655317607,0.38193336498167757,2.8283014672445405e-06
6.918032646179199,-2.778630411204833,-0.0016706116663461567,-2.0356092047753696,-0.00019155875067841988,0.40549021325152684,3.000968558173754e-06
6.919031143188477,-2.8626123844142155,-0.0017263982694325209,-2.0966264764573204,-0.0001982556782704953,0.41779050033875365,3.114201422688816e-06
6.919994354248047,-3.040039243064133,-0.0018388594814370027,-2.226041983606316,-0.00021133422011259206,0.44373254602145473,3.309262832007034e-06
6.921025514602661,-3.164045581033438,-0.0019142489443312117,-2.316279975112921,-0.0002200028294597128,0.4618825355711994,3.441071249130984e-06
6.922032117843628,-3.2613006378304377,-0.001969482494012658,-2.386913596889694,-0.00022630290204698618,0.47612924015226826,3.543060574545639e-06
6.922991037368774,-3.382091448068974,-0.0020453384796085966,-2.4747189169178894,-0.00023522016462134947,0.49381675793541546,3.693974866865333e-06
6.923994779586792,-3.509326785115972,-0.002129690781404844,-2.5672053664480767,-0.00024528399554570344,0.5124482650967339,3.8454724654325774e-06
6.925006866455078,-3.6768073452238816,-0.0022143490537449716,-2.6890829283965703,-0.0002547093705488653,0.5369609477045325,4.054944661125594e-06
6.926030874252319,-3.6636683387524807,-0.002207522892417557,-2.678839969291895,-0.0002539894880059055,0.5350978813384599,4.0299409937796185e-06
6.927000999450684,-3.729290991736532,-0.002253053660917291,-2.726180965584878,-0.0002596074941108026,0.5447388798105509,4.137525848379049e-06
6.928039789199829,-3.765556981667735,-0.0022614066940409494,-2.7520589350793387,-0.00026019608159235015,0.5500919818293122,4.174234191360582e-06
6.929035186767578,-3.7502389958047067,-0.0022611786783681823,-2.740236516221569,-0.00026052252186790833,0.547909450959905,4.174875655362445e-06
6.930032253265381,-3.783090006223816,-0.002278700871893551,-2.763611906032033,-0.00026261927704301826,0.5527642688528518,4.24357881582518e-06
6.931027889251709,-3.7660412185026737,-0.0022660374441903198,-2.7505287910823957,-0.0002610708526253582,0.5503285179236368,4.218068460021571e-06
6.931968688964844,-3.76109176476091,-0.002267894226693749,-2.7462776546165775,-0.0002615623798871776,0.5496612531862423,4.228220073449764e-06
6.933013677597046,-3.7991497976563973,-0.0022822397652173154,-2.77341787603355,-0.00026295997946799906,0.5552803231185516,4.262489031333219e-06
6.934168815612793,-3.8534421970320443,-0.002313580788698198,-2.8124066228895077,-0.00026672785071956264,0.5632724339042909,4.349411311691437e-06
6.935042142868042,-3.915858321745126,-0.002361542513719065,-2.8573008376015525,-0.00027259142591202443,0.5724540959307233,4.407632229817786e-06
6.936036586761475,-4.019348306596102,-0.002427094211412825,-2.9321422233290937,-0.00028027803869479234,0.5876423463686324,4.5236628729568664e-06
6.937034845352173,-4.03766921335223,-0.002435809463660574,-2.944834145709806,-0.0002813550786414061,0.5903801756998924,4.569883500422789e-06
6.938034296035767,-3.9869453902064156,-0.0024059922089982246,-2.907165415647234,-0.00027790757116547037,0.5830227317722876,4.507136648571158e-06
6.93903112411499,-4.028632385085477,-0.0024243921127468817,-2.936877024056961,-0.00027985913846769405,0.5891790533112415,4.5537089888297316e-06
6.940036773681641,-4.121724596003501,-0.0024961750437831887,-3.004050716923392,-0.0002887947068172249,0.6028543699091409,4.682465752414323e-06
6.941008567810059,-4.071332927396592,-0.0024630757454611745,-2.9666444357411708,-0.0002849639456062181,0.5955437157550726,4.624538177530198e-06
6.942032814025879,-4.118491685198454,-0.0024885159466787785,-3.0003039803637455,-0.0002879764044964164,0.6025038781563367,4.689024231558758e-06
6.942967176437378,-4.1085799305509445,-0.002478155894840163,-2.9923764050569694,-0.0002866794747636165,0.6011160713098691,4.685153005134746e-06
6.944044589996338,-4.075388257934955,-0.002444625607906979,-2.967511802737412,-0.0002825226244297829,0.5963206278232732,4.66384010448738e-06
6.944974899291992,-3.9300941961800984,-0.0023588470600895773,-2.8610355456793797,-0.00027269395093185237,0.5751206687836139,4.491723374038215e-06
6.945966958999634,-3.7604831645431687,-0.002264340215175386,-2.736916446627435,-0.0002621054460963982,0.5503569897804855,4.315563525180172e-06
6.946965932846069,-3.679208427734594,-0.0022100240806696165,-2.677132901849466,-0.00025568388531651995,0.5385177372798402,4.213734308290143e-06
6.947965860366821,-3.6790480512884574,-0.0022108292198128733,-2.6763868719153803,-0.0002558941414034927,0.5385496447646144,4.222503548978002e-06
6.948969125747681,-3.613679106243953,-0.0021655994603183293,-2.6282026309155366,-0.00025057046290730784,0.529036231955706,4.158350849607493e-06
6.949970245361328,-3.483974779523002,-0.0020860307684222724,-2.533264144767933,-0.00024136638523002783,0.5101010288848907,4.028166115121918e-06
6.950974225997925,-3.390878948853064,-0.0020332563532884447,-2.464977514225374,-0.0002353153665692126,0.4965228902942315,3.903676986847743e-06
6.951967000961304,-3.284378206237759,-0.0019606067813860493,-2.3869768171948573,-0.00022669078911873166,0.48097919557510255,3.7739673104597885e-06
6.952996730804443,-3.197624263083535,-0.0019209209257010844,-2.3233618277410457,-0.00022251887001919343,0.4683242861789488,3.6767347284124043e-06
6.9540088176727295,-3.1579297043168064,-0.0018976040246846287,-2.2939518479508827,-0.00021993562345298354,0.4625606295982985,3.631455086025185e-06
6.95500111579895,-3.1416432681584707,-0.0018819900663056043,-2.2815571109655655,-0.00021797963949170653,0.46022470008074884,3.6063500926330823e-06
6.95601487159729,-3.105299682163016,-0.0018571535816940266,-2.2546109073883565,-0.00021506489364846792,0.45494927557062703,3.5636466031531616e-06
6.957004547119141,-3.058998994273234,-0.0018324276521961595,-2.2204476199290846,-0.0002123913800304517,0.44821398058550127,3.5211160031393684e-06
6.957996368408203,-3.039473897224244,-0.0018260472483521554,-2.2057334165383473,-0.0002119197820620257,0.44540075045244604,3.51556313580263e-06
6.959039926528931,-3.0333571903893084,-0.0018221484454785284,-2.200747873219705,-0.00021146661195966745,0.4445525231253393,3.5056431862267902e-06
6.960036516189575,-3.065712225661343,-0.0018341261047152945,-2.2236791257906874,-0.00021268057146976884,0.449342071668469,3.551106622393085e-06
6.96100115776062,-3.053817766749598,-0.0018334215227787845,-2.2144963283693007,-0.00021275611397398014,0.4476475640422192,3.5281424594720588e-06
6.9620361328125,-3.051495290719199,-0.0018292157446726737,-2.2122600514130544,-0.000212205987546616,0.44735570729943874,3.522946765432057e-06
6.962996244430542,-3.0858304899756672,-0.0018430683564981771,-2.2365858073567857,-0.00021365379523225045,0.452439166122863,3.563725327222489e-06
6.963967561721802,-3.1384576642169466,-0.0018833668436593451,-2.2741505680432583,-0.0002186492572500557,0.4602062247503474,3.636433701527303e-06
6.9649999141693115,-3.269154328909799,-0.0019612615744633473,-2.3682372986477556,-0.00022784370606886766,0.47942516994871326,3.8132216737654903e-06
6.966033458709717,-3.4389405256520664,-0.0020586891980077407,-2.490598491190581,-0.00023904948300767451,0.5043803995447483,4.010299766206302e-06
6.9670329093933105,-3.5912440933802103,-0.0021534506074825303,-2.6002179663228313,-0.00025031174744113597,0.5267785556943517,4.211039428224165e-06
6.9680256843566895,-3.8727482037712093,-0.0023265163730966463,-2.803318014686422,-0.00027066922368033225,0.5681342149393123,4.5488166839707455e-06
6.969035625457764,-4.049294476061327,-0.0024294921850994797,-2.9303513914716564,-0.0002826000058864572,0.5941006124281518,4.7388346246405285e-06
6.969990491867065,-4.305942972241091,-0.002575795562412823,-3.1152704721496716,-0.00029948234896751407,0.6318265750731137,5.043710248249375e-06
6.971019983291626,-4.438331456119578,-0.002658523459531561,-3.2102051413681125,-0.0003093810285427979,0.6513268606744832,5.2175644949416685e-06
6.971966505050659,-4.641240923151171,-0.002787354645312468,-3.356080582514417,-0.0003247411780305126,0.6811819728321166,5.4899283243055565e-06
6.9730494022369385,-4.916498194098007,-0.0029486237238368876,-3.5541637875309324,-0.00034333041743993167,0.7216647786697893,5.799955332519189e-06
6.97401237487793,-5.090004450596794,-0.003051914119502202,-3.6785880724374813,-0.0003554245944287977,0.7472211570518603,5.994201977044669e-06
6.975008487701416,-5.212538502737921,-0.003144967340981226,-3.7661062836471735,-0.0003670348994929706,0.7653007194045398,6.165231822431372e-06
6.976003170013428,-5.277836600166648,-0.0031798567919836982,-3.812228802841404,-0.00037114696693599643,0.7749806567101054,6.274241654371659e-06
6.9769978523254395,-5.314511892967442,-0.003198947316737455,-3.837627115532433,-0.0003734109503954069,0.7804620864525271,6.3244413662769614e-06
6.978001356124878,-5.304868785385798,-0.0031838088099088147,-3.8295750460121707,-0.00037150681823020106,0.7791417581926775,6.334885821641243e-06
6.979007005691528,-5.139432671526637,-0.003075572494262346,-3.709094144584871,-0.0003587438545944429,0.7549363197012181,6.138697815773488e-06
6.979974031448364,-4.991567719386125,-0.0029928119737502377,-3.6013476944732785,-0.0003494338447932502,0.733307222652252,5.971459708399467e-06
6.980993032455444,-4.921432610392898,-0.002937026072764545,-3.5497132770463864,-0.0003427136744736309,0.7230946241416599,5.909596598409931e-06
6.982000350952148,-4.757483048072536,-0.0028426055813402314,-3.430457722319793,-0.00033188631071438834,0.699094126225243,5.711687704119266e-06
6.983006477355957,-4.61556734487414,-0.002764065772012227,-3.327152586422144,-0.00032301556386408515,0.6783259153485419,5.55580346895947e-06
6.983997821807861,-4.511131261646116,-0.0027072800600812484,-3.2509143573460793,-0.00031666793021271824,0.6630615283799685,5.455439558877813e-06
6.985028505325317,-4.266233673913625,-0.0025581207608561165,-3.0735194669490022,-0.0002993431497232641,0.6271458275120071,5.189453727860602e-06
6.986004590988159,-4.046541018426437,-0.00242217216587022,-2.914366742390728,-0.0002833125019285031,0.5949279335762895,4.908858384363777e-06
6.9869911670684814,-3.839347350664874,-0.002293338142916282,-2.7642952479171305,-0.00026818303575047893,0.564540678337649,4.660234883785556e-06
6.987973213195801,-3.57474195485472,-0.002141660198444072,-2.573002041036515,-0.00025069413760923996,0.5257015072155979,4.332987102314937e-06
6.98900032043457,-3.4140428948224644,-0.0020365452370768667,-2.4565904457613272,-0.00023820855162637347,0.5021346458598724,4.137132745451775e-06
6.9900007247924805,-3.204421431296738,-0.0019070076342599018,-2.3050497815145166,-0.00022305393891012062,0.47136586943439407,3.892736599664386e-06
6.990991830825806,-3.039429038940507,-0.0018129275636168064,-2.185700793211142,-0.00021231351680273133,0.4471541822897077,3.7085442984548784e-06
6.991976737976074,-2.8595138561602873,-0.0017042712634519415,-2.055696207444676,-0.00019970837869411488,0.4207404324006001,3.5086780503830225e-06
6.993022918701172,-2.7730556428532434,-0.0016577301217563529,-1.9929259225297156,-0.00019445889893859435,0.4080734102039284,3.4012355390657226e-06
6.994042158126831,-2.6323276832330085,-0.001575608172029397,-1.8912129629921668,-0.0001848378407009951,0.3874149887930764,3.2159048512907922e-06
6.9950337409973145,-2.533562015838074,-0.0015088709922395375,-1.81970397899605,-0.00017681474546968407,0.37292748302079026,3.1032865474474735e-06
6.995966672897339,-2.4877928728816983,-0.0014841987923297259,-1.7862878814542869,-0.00017396733733902417,0.36623827232855066,3.032165590213246e-06
6.997036457061768,-2.43666929389813,-0.0014546542162109165,-1.7490497057659216,-0.00017058170778140017,0.3587588310680316,2.978283052872038e-06
6.9980316162109375,-2.377605306851935,-0.0014242559929042288,-1.7061400160280902,-0.00016722639670314142,0.35010782157454723,2.9038717466460774e-06
6.99899435043335,-2.3888857534168086,-0.0014311576749748477,-1.7137171959399076,-0.00016808813957792845,0.3518144356496717,2.9187710528050162e-06
7.0000104904174805,-2.3290949216091437,-0.001388800374363079,-1.6703309722748085,-0.00016296954585066936,0.34305243223533094,2.856107285134231e-06
7.0010085105896,-2.3720720612618154,-0.0014166098606636964,-1.7006427042973304,-0.00016638734460849375,0.3494273899125123,2.9150560780540034e-06
7.00199818611145,-2.397277183727871,-0.0014318550052068253,-1.7182122902566557,-0.0001682119520557794,0.35318442397576605,2.9444131933703957e-06
7.002997875213623,-2.376409584885457,-0.001417925794335754,-1.7027518920178428,-0.00016661894660777128,0.3501543962904464,2.9267725500727583e-06
7.004004001617432,-2.4070324652630166,-0.0014395126009982813,-1.7241925623834926,-0.0001693059099707574,0.3547106713737386,2.9631092234198265e-06
7.0049943923950195,-2.5218457127145326,-0.001513466269363429,-1.8059099663663591,-0.00017816902424005207,0.3716762467515298,3.0940143003359546e-06
7.005995273590088,-2.551115814688925,-0.0015291979596837731,-1.8263487395152807,-0.00018008164946790801,0.37603606387909433,3.149582702286196e-06
7.006991147994995,-2.505717735250261,-0.001504223536855129,-1.7933358489266917,-0.00017731711976609664,0.36938944267729035,3.1142053861104358e-06
7.007972240447998,-2.5507453385160934,-0.0015216649688301106,-1.8250470139694108,-0.00017913636419638026,0.37607266712796117,3.1682629672750073e-06
7.008986711502075,-2.678124817380569,-0.0016036544728842434,-1.915643005578313,-0.0001889671888490584,0.39490086172082833,3.327849421770774e-06
7.009970664978027,-2.77750448045615,-0.001664914016155304,-1.9861650256286356,-0.00019626341288593122,0.40960440456363584,3.451323127152281e-06
7.010967969894409,-2.862921235027318,-0.0017082240815268542,-2.0466675045196148,-0.00020118828219948973,0.4222518706672879,3.5586116903861843e-06
7.011972665786743,-2.9467052275311523,-0.0017587725560548912,-2.1059647040785974,-0.00020728361029693875,0.4346618687274435,3.6738620744567887e-06
7.012968301773071,-3.0242643474424145,-0.0018086512384898746,-2.1607810945818473,-0.00021333067699338525,0.4461564649510386,3.7727577103507418e-06
7.013974666595459,-3.098837121819312,-0.0018586856603422628,-2.213437294566117,-0.0002193984321749929,0.4572128309239907,3.859982702319921e-06
7.014967679977417,-1.6070317415841142,0.001753046350231139,-2.741990433713571,0.0001942794691142795,0.09682432582984862,5.466319749246958e-07
7.016010284423828,-0.9919437786415384,0.003542387631839473,-3.1354048657479114,0.0003983700860043323,-0.0672106392268742,-9.82772384924001e-07
7.017054080963135,-0.8206546503749879,0.004413811017356491,-3.4649871455349968,0.0004980056685479702,-0.13225310788281708,-1.5889474270988211e-06
7.018036127090454,-0.7184599010176047,0.004997180259968372,-3.697049955597891,0.0005650643902072411,-0.17417640760151598,-2.032265570450913e-06
7.019033432006836,-0.7268000442114122,0.005378017596669079,-3.928334271975529,0.0006076418831259934,-0.19277465776839953,-2.2395771971610903e-06
7.0199737548828125,-0.7223001914254441,0.005643441628076191,-4.07959560361412,0.0006384177596793685,-0.20703242361457508,-2.370161192696895e-06
7.0210089683532715,-0.8588019934512019,0.005692275995618387,-4.252479311601393,0.0006432172691582381,-0.19352621013841054,-2.23988507409068e-06
7.0219972133636475,-0.9622372231962428,0.005759053372099022,-4.399513658841831,0.0006507124062256058,-0.18470246034047766,-2.180153636605382e-06
7.023011684417725,-1.083451264292171,0.005744189103327432,-4.520847114131083,0.0006497149285597703,-0.16987637217134455,-2.065726138812897e-06
7.024038553237915,-1.2354737431486944,0.005547446823610344,-4.564237750545183,0.0006260508408969576,-0.1417092179606354,-1.8356049418263855e-06
7.025035858154297,-1.2310386649706597,0.005629600625026094,-4.607512357393302,0.0006357195538604708,-0.14645052410494963,-1.8365999638712542e-06
7.026036977767944,-1.2881495879615281,0.005495140311020742,-4.589031148686574,0.0006201346179257062,-0.1328080399102458,-1.7078384153296628e-06
7.027031660079956,-1.1350234523993707,0.005674228035870992,-4.529321432117083,0.0006409075581143505,-0.15977132205069589,-1.954186039315931e-06
7.027966737747192,-1.0240851219361549,0.0055792177471996884,-4.355522530935502,0.000631401755384127,-0.16781844508247734,-2.033410196518403e-06
7.028992652893066,-0.8879114082681063,0.0054516086102297905,-4.1351270185879745,0.0006176275074321717,-0.17707458996523961,-2.108842169274975e-06
7.030009746551514,-0.7775967390725627,0.005274932485283494,-3.912638985944216,0.0005979252233966822,-0.1807058498622296,-2.1412481683094044e-06
7.031006574630737,-0.7197914674284833,0.004982435424688689,-3.680076201620871,0.000564646269723585,-0.1724025550205669,-2.022900500640823e-06
7.032013654708862,-0.7059902517654573,0.004697455493376723,-3.4984844423552723,0.0005322133936930759,-0.15932625726982586,-1.873375530829234e-06
7.032995700836182,-0.7435655810367239,0.004195896542890046,-3.2454971482613826,0.000475071977767702,-0.1291575289166017,-1.5588063242707446e-06
7.0340399742126465,-0.6341210204689962,0.00402041894668816,-3.026247452737982,0.00045557822529551206,-0.13289069203606263,-1.571319603902687e-06
7.035023212432861,-0.4885074193187515,0.003983717775367162,-2.8504661413666788,0.00045219051056225913,-0.14805903846181306,-1.714640693853898e-06
7.0359649658203125,-0.375571036923819,0.003788070167295677,-2.614788120174798,0.0004306920996163691,-0.15108118888675942,-1.719637679839231e-06
7.03703498840332,-0.5354741735763873,0.0032203501624934643,-2.450672863468139,0.00036527084857940645,-0.1029954293149673,-1.2398785843686893e-06
7.03803014755249,-0.5266411054736664,0.0029244479780646216,-2.266804164802685,0.00033123465970589995,-0.08867346203581161,-1.1026138615781623e-06
7.039031744003296,-0.5348911760515429,0.002702474818230901,-2.1450750434268264,0.0003064717679380892,-0.07622548671925283,-9.68199852373759e-07
7.040033578872681,-0.568118341495625,0.002367797270962022,-1.985579922655687,0.00026845206906149765,-0.055198922776298454,-7.492236303882112e-07
7.040966510772705,-2.1469144732881187,-0.0012797401450897786,-1.5218952287163263,-0.00015215561609158601,0.31778401234247183,2.789267660714022e-06
7.042024374008179,-1.9941260016568991,-0.0011874272659010603,-1.4132101892531117,-0.00014123208052421935,0.2952016022917956,2.5959426312621467e-06
7.042998790740967,-1.9584848712631733,-0.0011686021797823899,-1.387581524756023,-0.00013912659640312453,0.2899580313220708,2.552079145437119e-06
7.043998718261719,-1.90673253985808,-0.0011380404520529071,-1.3505690120325045,-0.00013555405948155097,0.28232644221307085,2.493879432722971e-06
7.044998407363892,-1.8523759734160261,-0.001104136418479552,-1.3117288621284098,-0.00013150126786997738,0.2743077540493482,2.4249666733426818e-06
7.045992374420166,-1.6952452760838341,-0.0010081921332271804,-1.2001531294688481,-0.00012003495091504207,0.25106612053979255,2.227700673491199e-06
7.04703164100647,-1.8232192348070058,-0.0010866118428882157,-1.2904277546382361,-0.00012947681154051974,0.2700476737939584,2.3996395494457478e-06
7.0479652881622314,-1.8533729680481184,-0.0011082586732255332,-1.31144587449394,-0.00013219659948673045,0.27454242472529644,2.443504192518876e-06
7.0490334033966064,-1.8720594662914198,-0.0011219347589304658,-1.324343124059581,-0.00013390289592326695,0.27733910598108535,2.4681181883300676e-06
7.04998779296875,-1.885025997343128,-0.0011297040174341028,-1.3331917453529984,-0.00013487686542701716,0.2792885853656818,2.4902454478708122e-06
7.0509865283966064,-1.895131381418796,-0.0011308070909789877,-1.3400128473220838,-0.00013489110203230157,0.28081450082905784,2.509025824826673e-06
7.052057504653931,-1.9412498395965951,-0.0011612227305725046,-1.372295091476689,-0.0001386467822393511,0.28767698681029974,2.576462113097606e-06
7.053008079528809,-2.0000165545911597,-0.0011943140145382375,-1.413508954033277,-0.0001426016369888507,0.2964146832695777,2.664685365663154e-06
7.054034471511841,-2.0010376886854706,-0.001190280252518534,-1.4139061461842155,-0.00014204856294084244,0.29659457679515383,2.6653617210597902e-06
7.055032730102539,-2.03722458910577,-0.0012125676421945763,-1.439147786182177,-0.00014478977381311616,0.30198703619962736,2.715329393013549e-06
7.05596661567688,-2.09105115546902,-0.0012441392148117441,-1.476836425658924,-0.00014856634739038744,0.3099955451177468,2.7888760746344903e-06
7.057032585144043,-2.1911679557269452,-0.0013029782552032127,-1.5471949017065731,-0.00015562157523307777,0.3248685733333916,2.93094679688062e-06
7.05797004699707,-2.277035167282237,-0.0013575507467343609,-1.6074626680921749,-0.00016226300989305052,0.33763147085535083,3.0471702699921994e-06
7.058966636657715,-2.387911833994185,-0.0014226618044346569,-1.6853645632881111,-0.00017001091230408545,0.3541045540688605,3.184888992401274e-06
7.05996561050415,-2.516627944041187,-0.0014960349156356706,-1.7758224076725493,-0.00017876961593645823,0.3732261323156942,3.375680251188669e-06
7.061022520065308,-2.616797888262659,-0.0015504278446422503,-1.8461010462463836,-0.00018517193594471082,0.3881173674797125,3.5172846365573866e-06
7.062045335769653,-2.7027113589888287,-0.0016087395183441773,-1.906291959185144,-0.00019240481183060767,0.4008967611630749,3.6483834520913883e-06
7.063023090362549,-2.749478595023762,-0.0016389393958528994,-1.9388468865435269,-0.00019611858476371193,0.40787175385669144,3.7126449195384028e-06
7.0640387535095215,-2.9476848332601806,-0.0017474406776564096,-2.0781442267969616,-0.0002088518618560635,0.43731617879152285,3.971081622009735e-06
7.0650413036346436,-3.1468197095550745,-0.0018763655381346083,-2.218032873293637,-0.00022462538890725696,0.46690395528622924,4.236141177648474e-06
7.066034317016602,-3.3839021438678225,-0.002021032122949984,-2.384611262863933,-0.00024216036513311382,0.5021271998971298,4.579765959642459e-06
7.0670325756073,-3.6720344975887733,-0.002184078766337977,-2.5870736508154297,-0.00026151128648314756,0.5449335548205037,4.972368444672093e-06
7.067966461181641,-3.9216562177736325,-0.002330645943206655,-2.762310059700153,-0.0002791301309691733,0.58203315917332,5.325451617258821e-06
7.069034814834595,-4.018363052415018,-0.002396954912452674,-2.8297672178357773,-0.00028742526422826574,0.5964440470236898,5.483703914416037e-06
7.070021867752075,-4.204454252253915,-0.0025023738320500534,-2.960133669995566,-0.00029987691333958184,0.6241253861321866,5.735384120005204e-06
7.0709967613220215,-4.3013921893614455,-0.00256485931949553,-3.027686259520585,-0.00030762118199668194,0.6385764999332931,5.877698381602642e-06
7.072038650512695,-4.519532204953784,-0.0026949104955847625,-3.180489817556891,-0.00032314282202125814,0.6710264448206332,6.143707293757047e-06
7.073012351989746,-4.70193956429689,-0.0028031374699180006,-3.308075610402559,-0.00033618926338002295,0.698177402363656,6.39393837798147e-06
7.073997735977173,-4.759549259543813,-0.002825917073881735,-3.347823304684276,-0.00033877821697615707,0.7068006842731417,6.490078712228202e-06
7.0750346183776855,-4.760066138944263,-0.0028205369189354458,-3.3474014022531446,-0.0003381734596320671,0.7069465626957289,6.535885894961832e-06
7.075971603393555,-4.764150115093155,-0.002825250871565575,-3.349482297582365,-0.00033894369237965396,0.7076227125872313,6.559556505778009e-06
7.077000141143799,-4.6682383613105864,-0.0027663048882769696,-3.2812623079542584,-0.0003319344999669396,0.6934462391526216,6.442695599648443e-06
7.078024625778198,-4.458172957741557,-0.002651419743658579,-3.132847821286575,-0.00031861155555463344,0.6623089549338183,6.176789127212705e-06
7.079009056091309,-4.356826208597623,-0.0025944023371286306,-3.060867999812407,-0.0003118251603770729,0.6473198237746984,6.043541231188598e-06
7.080002546310425,-4.277679259695085,-0.002545730231493257,-3.004516775502839,-0.00030592515257111603,0.6356262137926952,5.9285054698450715e-06
7.081014633178711,-4.140066296865529,-0.002481033984053647,-2.9071507678707698,-0.0002987370403104597,0.6152406568287753,5.7507609370502826e-06
7.082004547119141,-4.010608782388116,-0.0024045026885425587,-2.8155632921898617,-0.0002897072452424981,0.5960624945990202,5.578582989887183e-06
7.083002805709839,-3.847763443353566,-0.0022930738430242993,-2.7005721335374684,-0.00027593374877071255,0.5719190575738327,5.334470659155884e-06
7.083972215652466,-3.6681682129707203,-0.002182945266557837,-2.5738817213130685,-0.0002627168108177661,0.5452809783787429,5.092231027909215e-06
7.084980010986328,-3.5176668585628765,-0.0020869646944938983,-2.4676697800969194,-0.00025101749957270647,0.5229621448290167,4.877955059181052e-06
7.086037635803223,-3.376356220574573,-0.002010568993707747,-2.367959276026561,-0.00024207586838245458,0.5020049122364575,4.678516274362959e-06
7.0870277881622314,-3.2127817261585476,-0.0019128715574192488,-2.252690765579939,-0.00023033283399235735,0.47773246846970696,4.452457464574523e-06
7.087972640991211,-3.198870100195803,-0.0019068172562324438,-2.242400375637591,-0.00022972585435582332,0.4757110167974697,4.447815994407077e-06
7.089037895202637,-3.0614728248937495,-0.0018237960645322853,-2.145560421989712,-0.0002197544885183327,0.4553245467898526,4.258696483202456e-06
7.089968204498291,-2.9963750468118464,-0.0017829832220728732,-2.0994263102810704,-0.0002149035113608892,0.4456877762673785,4.2023065258238524e-06
7.090965032577515,-2.93524361252005,-0.0017472608415898358,-2.056101517529917,-0.00021063986224184171,0.43663830471293547,4.107888907816858e-06
7.091988563537598,-2.876052497556512,-0.0017154161750770295,-2.014159376703277,-0.0002069491693787178,0.42787540311104183,4.0227794540269255e-06
7.09301233291626,-2.8125133054116884,-0.0016719453222878186,-1.969187292547941,-0.0002015998591119086,0.4184643006233161,3.931735415092319e-06
7.094019412994385,-2.752270316734194,-0.001633115305271949,-1.9265428174976946,-0.00019691045186510462,0.4095418897308568,3.867127527976578e-06
7.095041990280151,-2.7954991123357047,-0.001663117448146054,-1.9563356507872567,-0.00020069660109635627,0.4160154589230165,3.934988160210465e-06
7.09603214263916,-2.820819898088032,-0.0016741106978611006,-1.9735947543359402,-0.0002019937591611025,0.419824150807302,3.976764863530952e-06
7.097038269042969,-2.799582991927878,-0.0016601174954596165,-1.9582949230772437,-0.00020028103528980218,0.4167022909530582,3.943636862131186e-06
7.098032474517822,-2.792805867684166,-0.001655867188617495,-1.9531220360545267,-0.00019981159315587868,0.41573159816116617,3.931021073819857e-06
7.099031686782837,-2.830891783898296,-0.0016788279314548294,-1.9793249306505845,-0.00020262678993697414,0.42143901999272476,3.985255886620689e-06
7.099963188171387,-2.816238398847715,-0.001678524860475781,-1.9686551380008361,-0.0002028635309827659,0.41929488995853226,3.9788164716211505e-06
7.10100531578064,-2.914599550275853,-0.0017384847442690446,-2.0369821546543894,-0.00021024817738529125,0.43397729817678904,4.139421340222434e-06
7.102020025253296,-2.9354280202045757,-0.0017418208765425484,-2.0511010630549986,-0.00021048470766985797,0.43711714376506955,4.173811639340926e-06
7.102995872497559,-2.9497202413148345,-0.0017598282827634786,-2.06065623675238,-0.00021297328198120665,0.4392833722057086,4.198852558533544e-06
7.103997707366943,-2.9928352347574245,-0.0017828234513732912,-2.090343887145205,-0.0002156576248220086,0.4457422532387474,4.242159179334335e-06
7.104970693588257,-3.0879178321547274,-0.001831268885062436,-2.1563166410912213,-0.00022134487285513683,0.459942028394986,4.379874634539368e-06
7.105990409851074,-3.1392976553002288,-0.0018607215751058632,-2.191753252592383,-0.00022498153497886383,0.46763392091985184,4.478594267757806e-06
7.106989145278931,-3.131357894644848,-0.0018614018379644695,-2.1857595605316567,-0.00022528277253527513,0.4664908404053413,4.48787546796724e-06
7.107994318008423,-3.098930779725469,-0.00184992855668613,-2.1626755049678925,-0.00022414166158724248,0.4616995728809957,4.446481670608406e-06
7.109015941619873,-3.1562215584391904,-0.0018739528782873182,-2.202205525297929,-0.00022688389539243588,0.4702749100812257,4.54275468696648e-06
7.110000371932983,-3.15090355765396,-0.0018595499481657448,-2.1980532903921954,-0.0002247847470933376,0.4695213988703583,4.513519974863388e-06
7.110994577407837,-3.0552524053453785,-0.0018088568725634457,-2.1309033905644634,-0.00021886937178132134,0.4553055884639091,4.387979778333136e-06
7.1120007038116455,-2.908994235897972,-0.0017240718967476889,-2.0284918579957765,-0.0002087859525802117,0.4335450854377935,4.2059824722211815e-06
7.112994194030762,-2.8072477389646076,-0.0016638834302415927,-1.9571449679703252,-0.0002015000832659775,0.41841614938922145,4.059632403090049e-06
7.1139702796936035,-2.791965523258063,-0.0016565312981309376,-1.9461075665445327,-0.00020068077804481055,0.41617206277798463,4.029389964271325e-06
7.1149702072143555,-2.78779249417023,-0.0016567941011936616,-1.9428022019127553,-0.00020089700369550515,0.41558492972434335,4.0401004336289184e-06
7.115966320037842,-2.8212512552487614,-0.0016750498573732437,-1.9657169862948947,-0.00020310261913190957,0.4206081517280162,4.091315370656884e-06
7.11696720123291,-2.841377780497216,-0.0016857785936717155,-1.9793483845992257,-0.00020436018157300238,0.42364320937548905,4.114887386453811e-06
7.11796760559082,-2.887052948767564,-0.0017130188792925086,-2.0107654786269293,-0.00020780302157949592,0.43048856019983,4.208142311879122e-06
7.119032382965088,-2.950855386522947,-0.0017467147906462437,-2.0547864796153674,-0.00021183061278204257,0.44003874446634267,4.298707737831178e-06
7.1199705600738525,-2.948600908977995,-0.0017437984503396128,-2.052793296712146,-0.00021143092698574096,0.4397398023250605,4.298934136949282e-06
7.120976448059082,-2.988480949698774,-0.0017776763284019005,-2.0801346025356984,-0.00021590975909130305,0.4457245282632879,4.369716388735007e-06
7.122037887573242,-2.9742735992104774,-0.0017731156411702625,-2.069814117422448,-0.0002154779409050425,0.44364350466554825,4.3497084337952306e-06
7.123051881790161,-3.0081931438092377,-0.001790121068790403,-2.092983081285822,-0.00021752881930302796,0.44874130762649456,4.411353646538177e-06
7.123976707458496,-3.028514792906613,-0.0018001053942808304,-2.1066830632105087,-0.00021869536059524933,0.4518113840183773,4.428578102111236e-06
7.125039577484131,-3.1064153670078745,-0.0018439613886302088,-2.160413833376849,-0.00022408082006728405,0.46347335649165566,4.55466759319498e-06
7.126036882400513,-3.0465283086799952,-0.0018070357414090839,-2.1183149886526813,-0.00021964911206715903,0.4545778180933934,4.476145463724491e-06
7.1270225048065186,-2.987576993795905,-0.001770566531225155,-2.076877472686327,-0.00021522917192419856,0.4458209631229151,4.396033756847294e-06
7.128032207489014,-2.859302499891732,-0.0016890316801155345,-1.987271256459723,-0.00020513780894726175,0.42671735712775705,4.196717479516719e-06
7.12900972366333,-2.664078968223177,-0.0015793633074891215,-1.8511802992935207,-0.00019200407773450851,0.3976183318106989,3.913550358813018e-06
7.129998683929443,-2.607249719527113,-0.0015499350973787115,-1.8112938863426757,-0.00018859703340011572,0.389171462833354,3.83226250512477e-06
7.131035804748535,-2.4799275688705693,-0.0014730035304585877,-1.7224603016358404,-0.0001792230909979884,0.37020023854233525,3.6402775178706086e-06
7.13199257850647,-2.349584337456052,-0.001395623847329844,-1.6315670883415678,-0.0001698468778315273,0.3507746262614989,3.4482935999908632e-06
7.133001327514648,-2.255303568048155,-0.0013408619529019876,-1.5657437118461137,-0.0001632551107575128,0.3367304101711472,3.3114060732076807e-06
7.1339967250823975,-2.1467935947801013,-0.0012765917610871626,-1.4900752897808454,-0.00015548470642444927,0.32055873364671733,3.1541147330411717e-06
7.135034561157227,-2.0258993099465936,-0.0011955408573236278,-1.4058405191056633,-0.00014545058252844522,0.3025352361837601,2.993106704564866e-06
7.1360039710998535,-1.9363257126900069,-0.0011412142174921183,-1.3433759184136287,-0.00013888503013679445,0.2891858366413459,2.878964806601322e-06
7.137032508850098,-1.862499905904992,-0.0011031705475403257,-1.2918531415392112,-0.00013440215388298612,0.27818689203644587,2.761571118897139e-06
7.13803768157959,-1.7965436740016032,-0.0010668476265117647,-1.2458055022080807,-0.00013004243733498184,0.26836189363407886,2.66021051689593e-06
7.139033555984497,-1.8313598304518788,-0.001085619276621303,-1.2696433671065683,-0.00013227452627868558,0.27358948047931925,2.7111717038171644e-06
7.139975547790527,-1.7176515891982425,-0.0010157110449693922,-1.1905337936743412,-0.00012372943656439972,0.2566269096078451,2.542864320142468e-06
7.141061544418335,-1.766352463831242,-0.0010454768373213917,-1.223997587304049,-0.0001274468838371794,0.2639287595592762,2.62157681854866e-06
7.1420369148254395,-1.8586352483500175,-0.0011016756221494035,-1.2876379348412061,-0.00013438142431752357,0.27774470625972636,2.7718811086421655e-06
7.143010854721069,-1.8759293434569302,-0.001109096907381415,-1.2993085084936993,-0.00013528460625144792,0.2803563730930218,2.814077961030513e-06
7.143968343734741,-1.9902386573584319,-0.001178986881736287,-1.3781452025443024,-0.00014381026926639734,0.2974694230747967,2.963159667661373e-06
7.145035266876221,-2.083157846347166,-0.0012364043994345713,-1.4421386251532144,-0.00015095018367506876,0.31138819880347657,3.1094466062065046e-06
7.146033048629761,-2.197713137082157,-0.0013034323766084968,-1.5210755488926289,-0.00015916885491892166,0.3285441819280822,3.286941611325798e-06
7.147040128707886,-2.3284871700792653,-0.0013791072644640761,-1.6112015640576014,-0.00016842454115445352,0.34812794823472826,3.488874406624006e-06
7.147964715957642,-2.5319629990256423,-0.0014998899327404022,-1.7515704658048554,-0.00018315053483143262,0.3785867980129477,3.7805007132475877e-06
7.149034023284912,-2.605036704053923,-0.0015480706980994874,-1.8016790870260428,-0.00018927664743611893,0.3895519466478436,3.9102475424504506e-06
7.149964809417725,-2.709803329109512,-0.0016089041144303458,-1.8736834921198877,-0.0001967818364186027,0.405258456206235,4.081272416875779e-06
7.1509950160980225,-2.868047167113033,-0.0016963369502499945,-1.9826124762851522,-0.00020737413130666527,0.42896720774514013,4.33360155274667e-06
7.151997089385986,-2.9507357689863847,-0.0017369745277180716,-2.03928555400465,-0.00021221323188834278,0.4413776577239686,4.479255307867417e-06
7.153010606765747,-3.0280039588043617,-0.0017970295764467039,-2.0921808490830514,-0.00021985693768787655,0.45298009923109206,4.5578865741767764e-06
7.154030799865723,-3.1401325140717375,-0.001859146407893956,-2.1691355756607504,-0.00022734912132302325,0.4697999303239334,4.72857091292469e-06
7.155033111572266,-3.129763895856109,-0.0018543446258044236,-2.161447425087328,-0.00022688338730332498,0.46829493037140163,4.731220119486153e-06
7.156038045883179,-3.1980824534348207,-0.0018941023997002453,-2.2080934915350334,-0.00023182970865027387,0.47856430050455595,4.855807023084625e-06
7.157032012939453,-3.1981059584975093,-0.0018861955655852503,-2.207582514147887,-0.0002307233608894251,0.4786142116629543,4.853432696201049e-06
7.158032655715942,-3.201585190165485,-0.0018945132702881317,-2.209458293814818,-0.00023197691154396772,0.47918117372905833,4.861145387145061e-06
7.159040927886963,-3.206775471790663,-0.0018956793545174574,-2.212515594527573,-0.00023212989955180246,0.48000416636561,4.877097497121052e-06
7.159965991973877,-3.212765059357772,-0.0018942588926620467,-2.2161219542001604,-0.0002318176517214796,0.4809470157115004,4.868919687363429e-06
7.161023855209351,-3.0845370248110493,-0.001823782621216386,-2.127168758431101,-0.0002233617129712168,0.4617957196174558,4.66704715585592e-06
7.162035226821899,-2.991478004519376,-0.0017701439618425501,-2.062512322099072,-0.0002169379925270844,0.44790586875365224,4.549274584144629e-06
7.163020372390747,-2.980607670170931,-0.001756841087957784,-2.0545380872989796,-0.00021511080174053357,0.44632048276091846,4.525213595359857e-06
7.164032936096191,-2.978431811222509,-0.0017587603538825089,-2.052563031759454,-0.00021544219698034899,0.4460364871000626,4.516964100834388e-06
7.165032148361206,-1.3472432528427771,0.0019108686254845385,-2.4850935357847663,0.00021882466272029924,0.06477175591994316,3.0447739908805085e-07
7.165964603424072,-0.6010258545978768,0.003704121041497586,-2.747882312062994,0.000431590742625898,-0.11535778537804658,-1.7311303123541835e-06
7.166964769363403,-0.2172036646176383,0.004745102598240766,-2.950312210335734,0.0005540598809725627,-0.21392779702576536,-2.834813119992672e-06
7.167964696884155,-0.07622960026046188,0.005156824404303616,-3.042305113354603,0.0006032014214965484,-0.2516841135915724,-3.2700424019164185e-06
7.169013738632202,0.01741158834822798,0.005580867004499701,-3.1875223254072553,0.0006528464261783226,-0.28416533104365405,-3.6390962548569498e-06
7.170011758804321,-0.0501375954681631,0.005655746669876119,-3.3006957875857936,0.0006612193233587358,-0.2799122467225662,-3.612928680750625e-06
7.171015739440918,-0.10560384468255135,0.005818260196715341,-3.4505417442585773,0.0006808081716147309,-0.2814285923610911,-3.6749093320486618e-06
7.171966791152954,-0.2237162522098477,0.005706812695043246,-3.5065345162126693,0.0006682449928601157,-0.261505108143938,-3.468730717473625e-06
7.173009395599365,-0.35222173377898436,0.0056055678139067654,-3.5809161974942008,0.0006550715052133565,-0.2410131418095317,-3.268238159145818e-06
7.174034357070923,-0.3565603497318963,0.005591065609907108,-3.5755215516837726,0.0006533493144656405,-0.23962556796729328,-3.264389571369424e-06
7.175032138824463,-0.39585444779004497,0.005557294643705044,-3.5969730743345107,0.0006497972328985718,-0.23324582503350177,-3.174774406912591e-06
7.175967216491699,-0.38794960069042617,0.00555641167711648,-3.5873666605570937,0.0006498785848336766,-0.2340636404089914,-3.1980197839245424e-06
7.177036285400391,-0.5137194414676025,0.005271324853972772,-3.553847641453093,0.0006162733628377482,-0.20465199442453486,-2.8715432746566517e-06
7.178002834320068,-0.5577749860223644,0.005011858741428036,-3.4491801095093733,0.0005854733044316658,-0.1861719659325668,-2.6590006113130533e-06
7.17900824546814,-0.43373734511140416,0.005158132063955757,-3.4054357904025663,0.000603538538609951,-0.20841998516547466,-2.882476138191141e-06
7.180097341537476,-0.24335629116114665,0.005242702289472229,-3.2572788082716184,0.0006145339415006457,-0.23543834407425157,-3.152849434712232e-06
7.180984258651733,-0.167127639525956,0.005146616145618841,-3.1213370275376633,0.0006030685612283893,-0.2395139748679117,-3.1855886777103497e-06
7.181999683380127,-0.18680292582780966,0.004917656324912223,-3.0120150052499453,0.0005761872254665748,-0.22575395811230714,-2.990874247459157e-06
7.182993412017822,-0.24253538122930118,0.004645415844370879,-2.9139280709302593,0.0005444106116250159,-0.20539620126091168,-2.771914479576573e-06
7.183995246887207,-0.3354006351104455,0.004266230484338063,-2.7916484702206357,0.0004994546998511848,-0.17509674895116095,-2.4161727624655826e-06
7.184995889663696,-0.4720932381993337,0.003885062524584315,-2.7113509906579614,0.0004543788149721929,-0.1392704495527063,-2.022515082449894e-06
7.185999631881714,-0.6959265430556494,0.0034079174363353714,-2.666133344537437,0.0003973607483307854,-0.08819677216282557,-1.4436038441294673e-06
7.186994552612305,-0.9304600028784331,0.002952511948725407,-2.6465231261535282,0.00034356611062103404,-0.03712523699317127,-8.782925879305487e-07
7.187990665435791,-1.0201272619031339,0.0027390442790957885,-2.6163300643623573,0.00031829996892978577,-0.015602258103150635,-6.008168796329464e-07
7.189019680023193,-1.162365299586579,0.0023709020094612437,-2.5501844053642224,0.00027443166515923927,0.020145440894915656,-1.936638701148822e-07
7.1900269985198975,-1.270624029521701,0.002162298110044928,-2.5411238729860286,0.00024962184019892714,0.04372040301511215,6.606413308579375e-08
7.191012620925903,-1.4408767181635864,0.0018592377776663015,-2.5412263263659893,0.00021344939039115424,0.0795325504421317,4.866913081745957e-07
7.191998481750488,-3.2723365372571247,-0.001932531102885727,-2.240935135111083,-0.00023853860036192855,0.4912972942158397,5.17018732202435e-06
7.19299578666687,-3.356325714943679,-0.0019800739114652177,-2.2978985456957743,-0.00024441578619663963,0.5039558363864072,5.311844708117761e-06
7.1939921379089355,-3.4396530962858383,-0.00202275645593206,-2.354383043177149,-0.00024963632852361626,0.5165172807578867,5.463409594168952e-06
7.194997787475586,-3.4470906960850574,-0.0020378920506224445,-2.358893838778708,-0.00025180181734372716,0.5176852023601515,5.4544654499454094e-06
7.1959686279296875,-3.422016956159906,-0.002017627426578321,-2.3411637240157526,-0.00024924959435260077,0.5139699374345913,5.4304996361042e-06
7.197025775909424,-3.5156699149752986,-0.002066190551736397,-2.404645320856677,-0.00025511641403544086,0.528088138471747,5.582280920208691e-06
7.197965860366821,-3.5984595689865535,-0.002118126634919537,-2.460664680612566,-0.0002616696963389508,0.5405773776217427,5.717312887063026e-06
7.198991775512695,-3.675784852334524,-0.0021728417912678234,-2.5129070888893397,-0.00026876472206952516,0.5522492852206248,5.855943294657051e-06
7.200077056884766,-3.620813816840011,-0.0021416587582523254,-2.474695660919307,-0.0002650520140781021,0.5440459854432079,5.78221426395597e-06
7.201006174087524,-3.6294010964408154,-0.002144008593772347,-2.4799254264743484,-0.00026536487044332037,0.5453925295269673,5.804450359844508e-06
7.201993465423584,-3.604903518456789,-0.0021226090753255324,-2.4625450958933492,-0.00026255629158691135,0.5417677079094744,5.7728445911334565e-06
7.202976942062378,-3.5260439224376365,-0.0020859335823945127,-2.4080405186236122,-0.00025833628384353506,0.5299720527800181,5.643184565793547e-06
7.203976154327393,-3.4254291909268635,-0.002025753839115562,-2.3387068782328777,-0.0002509540339104649,0.5149040742230104,5.494343592578507e-06
7.204992294311523,-3.3787836876039745,-0.0019935476177602328,-2.3062234966309156,-0.00024707372519431486,0.5079483979484579,5.463993047135548e-06
7.205990552902222,-3.288767685129401,-0.0019395391533585434,-2.244168579120126,-0.00024036812147979603,0.4944698642903983,5.31413459455776e-06
7.206990957260132,-3.2473453572978146,-0.0019162474268848181,-2.215294427824017,-0.00023742246146055964,0.4882955321087106,5.223530144878659e-06
7.207993268966675,-3.1274913953485823,-0.00184705367637942,-2.1329409295972552,-0.0002289629846557196,0.47032536727349916,5.032193341040652e-06
7.209027051925659,-3.1090740326482598,-0.0018321581530274776,-2.119783224986597,-0.00022708337192579173,0.4676082320130093,5.017630782614333e-06
7.21001124382019,-3.065678066890896,-0.001803806167857209,-2.0896068728747776,-0.00022354929831972114,0.4611332399828577,4.946353547530286e-06
7.2110443115234375,-3.015157208258984,-0.0017888332560090855,-2.054579056163012,-0.0002220449556087618,0.4535861002971571,4.845353228069263e-06
7.212003469467163,-2.9935753259892732,-0.0017736773225068183,-2.039300916070836,-0.00022024464799653303,0.45038974859935554,4.8352213155389605e-06
7.212995290756226,-2.95401149048118,-0.0017419255609559417,-2.0117725346445683,-0.0002161786628766759,0.44448801498119556,4.786381718085766e-06
7.213992118835449,-3.0028169011274253,-0.001770182300614357,-2.044414737145136,-0.00021968259109874443,0.4518841592563188,4.853066091809618e-06
7.21499228477478,-3.133749888795153,-0.001846593835789313,-2.1329253233430907,-0.00022930132143634296,0.47164352732455744,5.095041557465715e-06
7.216000556945801,-3.408540895177547,-0.002013849653991616,-2.319284173598424,-0.0002501733684257978,0.5130599746702657,5.525011814149486e-06
7.2169928550720215,-3.6147539110260674,-0.002128082154200717,-2.4588782137854444,-0.00026423421293901323,0.5441629160712891,5.846404989826443e-06
7.2179975509643555,-3.9274455663401286,-0.002309662713491769,-2.6707933833028727,-0.0002869277979841949,0.5913047031552849,6.396236432526192e-06
7.2189977169036865,-4.1851053615924485,-0.0024709438518584924,-2.845166806405448,-0.00030732922600347056,0.6301714615849002,6.830280457805545e-06
7.219971418380737,-4.388290013343332,-0.002584329906311051,-2.98242984362421,-0.0003212380639102394,0.6608423633830335,7.141384602071008e-06
7.221036672592163,-4.596833137879205,-0.0027122692538398318,-3.123261906448776,-0.00033737908183777403,0.6923266141556068,7.486452811820815e-06
7.221970081329346,-3.1183789445994994,0.0009543437759461622,-3.7128877543485816,0.00010185262522544383,0.3293728026526958,3.1220769728133736e-06
